content,sentiment_vader
rt smithieslo like take nothing like worthless,Positive 
hollybriden typical entitled liberal great job guiding daughter path dysthymia wonderful life live,Positive 
rt fitness whether mental physical boon help achieving good thing worldthe method,Positive 
lassoleil know hardly ever tweet fandom love reading post hope thing improve easy go rabbit hole feeling insecure brighten many day evening,Positive 
whenever found something eat would make sure would eat much could shovel food could throat literally space left body feeling like balloon exploding probably best feeling world,Positive 
personal experience come helped get little better someone mental illness small way pandemic made feel like world paused moment everyone going something similar put ease feel like,Positive 
rt lightofemotion healing also mean integrating part shadow need live balanced life like set,Positive 
recently security firm owned michael pocalyko ellen cole sent transgender woman back saudi arabia forcefully detransitioned later committed suicide investigating security firm,Positive 
offered en suite room supported project day scared also b excited deepdown feeling binning mental health service moving london money move maybe second best,Positive 
hid heart bed mother said careful someday someone gon na break take bed good hiding spot know shot many time get altitude sickness standing,Positive 
rt copywritingdad protect mental health never regret past here,Positive 
rt felipedipoi dog cat love animal food comfortmotivated andor bred,Positive 
drchucktinglesun giftvery excited today sun trotted given u another chance prove love cant wait get take chance gift let trot may surprised see blog,Positive 
sunshinetoes mudkevin claushetting isolated like said thousand time,Positive 
top vichar day toprjtushar,Positive 
help handreach,Positive 
mlphilosophy communicate assertively instead expressing anger aggressive passiveaggressive behavior communicate feeling assertively use statement express calm respectful manner,Positive 
rt icyserena good week everyone remember everything deserves reaction waste energy,Positive 
hirie mood swing tour sunshine theater sat mar,Positive 
rt gmtowner friendship one treasured relationship codified celebrated never going give,Positive 
ricorants velvetbnuuy way used though example tends generally positive effect mental health voluntary practice sense select option sport general probably best case forexample,Positive 
stuff feeling really hopeless feel free share positive cute stuff etc reply cuz man,Positive 
rt loveoxannadoll love feeling cock sliding throat amp kinkchm sparkle,Positive 
rt coachingloss going public samuel inquest risk need change care vulnerable adolescent seeing,Positive 
rt sarahailemariam move tear human miracle dont let twitter get people,Positive 
rt anthonystilldey person get spirit ogbanje una dey call mood swing,Positive 
rt dvcsaraho attended award today amazing app award look see everyone,Positive 
grateful seventeen feeling happy always together glad,Positive 
heart score love til sore break heart four want anymore eat could treat could beat sword want love want war,Positive 
chic,Positive 
rt cu doesnt say anything special friday need break heart friday give u,Positive 
rt would love follow back chilly musk let fuming,Positive 
rt makemewonderrj break heart,Positive 
rt diamondhope happy standing middle pile book walk around shop pick book sit,Positive 
mental health brain important physical health truly care hear quite,Positive 
rt koreansalestwt ht twice jypetwice day sale ready ㅡ ㅡ amp ㅡ formula,Positive 
happy friday nerdy neighbor monday cookin creatives russburlingame writing time hero book want people missing legend feel like piece legend content,Positive 
hirie mood swing tour sunshine theater sat mar,Positive 
jhasanjay u r neither look guy frustration congis r frustrated r able get vote amp hence r openly showing intolerance mp rahul gandhi behaving owns india amp asks support u uk court become pm,Positive 
rt ncishuk megaphone want hear annual report megaphone ncishuk conference take place virtually wed,Positive 
checosmma mariosznn gxaviout honestmodric break heart,Positive 
long pond along ridge spring green bird song frog think sunny spring morning best,Positive 
computer like bikini save people lot guesswork sam ewing,Positive 
verse wan na play house could wife go meet mom dress tight maybe could stay break heart forget baby im wildcard,Positive 
check good work kickmentalh west lothian providing release day day pressure football,Positive 
imjason would great also get opinion topic rather shooting question,Positive 
rt jgpretlow support immigrant family workerscny brought smallest member advocate,Positive 
jencarsontaylor coronation kclll make checkmate move harkles blindsided feeling duo feel elevated important coronation come crashing afterwards,Positive 
thousand candle lit single life candle shortened happiness never decrease shared buddha,Positive 
clownworld feel like worked quite well,Positive 
happy monday embrace day seize day,Positive 
advise noone visit place lonely like today immediately juma prayer boy seen loitering good gang forcefully take away whatever valuable could harm anyhow toxic,Positive 
rt freekhuson implausibleblog donaldjudge spot human right heart democratic govt allow,Positive 
rt suntexts extra marital cool livein cool thats divorce happens thats legal right,Positive 
darkness friend darkness self isolatedim quoting guardian article rembrandt last selfportrait artist mostly known selfportraits landscape religious bible story,Positive 
rt isyrafmrn look qrt u know men dont open feel cause kind,Positive 
mental illness pulled love,Positive 
rt acoyne latest important question china interference election eg prime minister know,Positive 
rt hudumakenya feeling bogged call u speak one counsellor free,Positive 
taking break atomic heart come chat,Positive 
love stand know frustration,Positive 
might tweaking energy since got back ny everything feel weird,Positive 
way mood ii swing element dtour danny tenaglia human bond edancer family african dream musique daft punk theme blue cucaracha original theme innocent,Positive 
start stressing anxiety kicking turn babybash shorty doowop instantly good mood iswear bash favorite music artist,Positive 
rt rexwoodbury taylorlorenz jeantwenge also liked piece love dkthomp esp analogy parent fitness bumper,Positive 
itsthedr know winning fan constant negativity man faith need rethink sin comment whether true good example world politically dysfunctional currently sir know better,Positive 
people feel anxious scared sometimes dont live constant stress anxiety people help support available find,Positive 
docneto digispikex na person wey get money dey fit buy antidepressant normally,Positive 
amuse woman society today dwindled biological fact feeling,Positive 
rt wokethezip wonder kind surgery fyodor performed ivan see shared opinion lobotomized lobotomy,Positive 
franklations broke heart last week probably feel better weekend still remember going crazy screaming name feeling deep good,Positive 
goal double please share follow come donate live starting central eastern pacific,Positive 
jennicaharper yes hate poison kill bearer time feel lgtbq trans individual infringe right freedom right live love valid mine none asking change life accept right life,Positive 
shodsantiago luccivee feel like knew gon beat as tried save asked uppercut duck pop,Positive 
rt judyfaylondon thanks subscribing youtube channeljudy fay london,Positive 
rt indieanabones cawsbar afraid losing older child friend well dealing today feeling,Positive 
rt harecrypta dont miss early project potential airdrop azuroprotocol perenniallabs connextnetwork ragetrade,Positive 
rt lexigmcqueen omg wow knew apple amp orange amp walk park fix bipolar bpd amp ptsd guess sooooo fucking,Positive 
rt lizpeek trust health agency,Positive 
feel like girl put cf cause boyfriend wanted babydaddy posting message amp shit like give fuck proud cause actually wanted gtf still trynna compete living baby free,Positive 
fan live sport try joyful iptv top pick service use,Positive 
gtb may unfortunatewhich kind frustration cash yet transfer since lastweek whats really going ussd gtbank please fix,Positive 
want trade antidepressant,Positive 
ccfitoken impressed good like feature offered team user feel comfortable confident project reach expected point together rocket sandiinez ronyfandi,Positive 
one day im going clear contest raid whatever raid community deems easiest meantime im going go feel pretty worthless community helping self esteem,Positive 
rt soulfoundationu would never tell someone broken leg stop wallowing get together consider,Positive 
jumboash fapgmol need comparison others ref without worthless,Positive 
michaelnania anyone else get feeling monday morning going let seem happening fowler report morning great news,Positive 
rt positivity cool pas,Positive 
situation border nothing le disaster clear unambiguous response putative greatest nation earth hand tied need wipe cartel leader,Positive 
rt eddbrainy people life better chapa sherehe proper afterwards prosper life allow grief,Positive 
rt mazmhussain surprise announcement iran saudi arabia normalizing tie great news fact mediated,Positive 
feel raw emotion emanating photo time stupid brain thinking wow jimin look like perfectly molded ai android one futuristic show he perfect,Positive 
metsrewind part bash mercilessly claim eachs opinion superior others say eff lfgm,Positive 
waandyl msigiemotion minniedlamini hay yinja yegame straight bhoza yam wish show picture every picture meme,Positive 
gladly break heart,Positive 
rt saint dr gurmeet ram rahim singh ji insan say one really want peace mind meditation tool,Positive 
bmceevee best part love hair watched bd live today bent describe feeling,Positive 
music amazing could go forever want bore however essential life sometimes im feeling ill listen music,Positive 
rt poojacreatex someone stan humani feel proud gesture celebrity fan unique,Positive 
feel like skinny like taking breath fresh air fat entirely life,Positive 
started sleeping much amp type energy,Positive 
rt gohealthhero get ready fresh look feel rocket health hero upcoming app update bring new design revamped,Positive 
realcooldiggs maximebernier sureyou run make feel better worry lot left wing party choose,Positive 
body positivity,Positive 
rt curlyhairvegan air sign coming strength support change everyday stress,Positive 
wilbygobrr dude one strong fuk already feeling like uh oh good recistence lile one got whole bottle vodka like nothing damn good,Positive 
daverain firstly hopefully feeling much better unfortunately believe better others look people believing know best life oneupmanship caringsharing helpinglistening prefer people attribute every single time,Positive 
spanishep also say cherry pick authority believe believe based make feel inside get lil ol nasa done care numerous question never get addressed official regarding space,Positive 
trying tell love trying choke feeling trembling reach touch like prayer word exist feel heart taking root body,Positive 
sent night every time feeling feel like world fast watch video thank lee chan,Positive 
rt rawfudge circle fansign qampa bubble feel like want skip even day good thing,Positive 
multigenerational household common throughout world shown improve mental health maybe good thing u moving back practice although exactly best reason cbsnews,Positive 
shame alma mater purdue university leadership student exponent staff political mercenary free thought opinion able judged worthy radical liberal,Positive 
skylexnetwork woahhh feel happy chance believe project getting successfull lfg thikimnha,Positive 
rt realndwalsch one emotion emotion love expressed thousand different way,Positive 
rt pickwick really trust covid mental health study review seem lockdown stress,Positive 
rt peakwisdomdt mental health drop toxic friend read stoic philosophy sleep every night cold shower sunlight,Positive 
whenever see successful business someone made courageous decision call u,Positive 
dsavre watched episode last night come arei know feeling saw ur wife come back apartment went girlfriend left meit flipped world upside feel,Positive 
steal week feel better catrentzenbrink adored exactly promise also admit im giving tiny bit advice back alongside faves like drpragyaagarwal ninastibbe pinsykes robdelaney,Positive 
say fine break heart,Positive 
teenager understand mood swing teenager told lot shes allowed keep thing little one far swing chilling kitchen chatting like everythings fine whole life lieeeeee calm,Positive 
rt stephiesmallls wait hovland break heart sunday,Positive 
break shearer record heart good project probably win trophy fit vibe well,Positive 
sailortortilla sailormangapod impression ohtori academy really feel isolated world reference much utena outside contact really push connection within school whole prequel would neat animated xddd,Positive 
everything happens reason god hand involved measure people free ego thinking gifted anointed action check conceit know sure middleaged theologian experienced traveler grief,Positive 
caromari agrobbonta ada really sorry hear definitely show need mental health residence carerehab facility,Positive 
btstwtymin beacausesry marry word yoongi marryyy mee emotion ha,Positive 
born sensitivelonely p er ie r ld happy,Positive 
sound tear break heart,Positive 
traceravewolfvt tetswii feeling mentally,Positive 
friend swing mood feel like riding roller coaster,Positive 
peachyghouls sometimes take break hullabaloo larger internet privating sound make feel better say queen,Positive 
thank much review tiffany p hqm best made process incredibly easy stressfree needed fast close got clear close day pat keith helpful communicative recommend enough,Positive 
hunterstrides wish someone ever bothered check accept kind negativity life,Positive 
sshabbarzaidi absolutely agree good hear positivity shabbar sb,Positive 
brave enough break heart,Positive 
rt swethdarling cute legendary duo spread positivity n merriness show,Positive 
anyone want instagram kinda boring follower loyal doting fan love want loyal doting fan add collection joke lonely,Positive 
punjabimalcolmx better hope nobody slam door around isolated incident might happen,Positive 
oh common nwbo even ardent follower feeling let action rather inaction,Positive 
rt sheldricktrust elephant hold back showing feel experience full spectrum emotion feeling joy,Positive 
ccessiey feeling dump dont fret friend researching alot found helpful resource using help contact gmail,Positive 
success determined oneself,Positive 
whoever broke heart never break,Positive 
handshake agree friend mindcharity study also told u nothing impact pandemic u already living mental illness,Positive 
rt wan na feel love emotion attached person im holding someday ill falling without,Positive 
rt wullybgaming founder wullybs safe space designed anybody want make new friend meet,Positive 
give heart break demi lovato,Positive 
kayfellowz welcome old like done trying look nice much effort l go back sleeping,Positive 
ccfitoken impressed good like feature offered team user feel comfortable confident project reach expected point together sedihmulu mrdikis,Positive 
thousand candle lighted single candle life candle shortened happiness never decrease shared buddha,Positive 
rt republican use billionaire tax break kind creative worthless way everyone know ron,Positive 
look story look everything right fight right spread positivity,Positive 
one beautiful quality true friendship understand understood seneca younger,Positive 
guy joke grifter poor colin make heart break knowing poorly treated awful parent,Positive 
rt caulfieldtim science clear mask work zeynep reality review,Positive 
please careful recovery good grief,Positive 
rt rickbutterfield lot fun come find chat,Positive 
chrisalvino mamasitaa chris alvino chrisalvino entire world admits covid year isolated wuhan lab leak biomade virus call bioweapon short long covid covid never existed sorry sorry vaccine dummiesinjuries welcome big club,Positive 
one main symptom congenital positivity excess passion something gotten many embarrassing situation calm symptom refrain eating spicy food take parasol everywhere wonder ill overcome condition good,Positive 
rt babar shaheen fatherhe hugged babar like son positivity babar shaheen fan,Positive 
rt olumuyiwaayo please join u tomorrow feel free bring question may,Positive 
loving like hopeless would better start feeling hatred stay sane,Positive 
rt happy free confused lonely time taylor swift,Positive 
psychological consultation update visit facebook instagram page bodhita psychological service sparkle mental health precious,Positive 
mental health destination journey planting seed hope pip belfast pip derry pip enniskillen,Positive 
perfectfeelings want talk happened without mentioning much hurt way care wound without reopening name pain without inviting back lora mathis way take je naurai pa besoin de suivre une thérapie si cétait le ca ou du moins pa pour apprendre à libérer de certaines douleurs,Positive 
let raise awareness prioritize sleep sleep awareness week download care app io android,Positive 
rt millihill never end violence woman allow attitude like go unchallenged hitting wife face,Positive 
sure please heart break,Positive 
always seen snow symbolism hopr change life ive feeling bit hopeless past year recently much started change better weather really reflects thankyou brought hope,Positive 
want build something last build quality build intention build patience order essential strong foundation,Positive 
please provide source prof committed suicide due parent detransitioning thank,Positive 
rt michaeldelauzon bail out billion sent ukraine nothing victim east palistine nothing increasing homelessness,Positive 
rt prophitcy want tweet negativity could get care anymore year studying,Positive 
year may wish started today start,Positive 
rt friend swing mood feel like riding roller coaster,Positive 
said prof pas lane focus lane protect mental health ball way ball way ball na ball abeg skull,Positive 
gm sparkle moment two option act mindfully act reactively act mindfully mindfully act beautiful paradox positivity acceptance acting reactively try taking deep breath beginning moment renewed sparkle,Positive 
request fan plz focus idol hype without degrading jiske bhi fan ho unke liye positive tweet karo na jiske fan ni ho ignore karo bringing negativity happy everyone,Positive 
sometimes distant hate love helpless want hold expect wait go first pretended generouson warm day would like express heartfelt thanks participation get better,Positive 
ketengahketepi mental illness wish im normal like person bah,Positive 
opinion muslim woman access internet got like iran controversial imam worried know muslim woman amp youth navigating freely web communicating intimately stranger escaping religious parental,Positive 
rt please excuse hand want touch want feel,Positive 
rt globeandmail may suggest jody wilsonraybould trudeau name special rapporteur plus letter editor march,Positive 
rt stevebarclay celebrate work link worker rather prescribing medicine,Positive 
rt thembithemedium god removing negativity life love coming way money coming way going,Positive 
rt michaelwaldron kevfeige reason whatsoever wayne would love liberty,Positive 
speciality focus tampo tee exciting event tee student exciting talk mr james mcvie followed practical skill session plating amp framing model bone calendar mark date march click link sign,Positive 
rt iamnaerachelle partner soft come top tier nonchalant emotion effort,Positive 
areejtom oh ok say break face heart,Positive 
men break woman heart good men end getting heart broken got careful put trust lady go listen know im talking got surprise life,Positive 
rt americaspromise gen zers using tiktok search engine give advice share feeling experience,Positive 
make healthy meal great distraction brain,Positive 
let chat live twitter free watch chat babe,Positive 
iedereensraja assume thing subconsciously saying way convey emotion pretty easily minimal word dont let stop putting content,Positive 
guess wrong probably love,Positive 
thing tuesday meant post beautiful morningedit removed video turn already posted,Positive 
rt friend follower feeling please call listening eh martharoser,Positive 
rt franklinmolica absolutely right learn mistake go directly success,Positive 
going choose method communication suggest clear direct,Positive 
rt use anything make self feel better people weird like wan na learn art,Positive 
rt girlisblessed wonder nigerian judge justice feel giving court judgment one even bother follow,Positive 
rt leregain breaking stereotype adhd woman understanding challenge embracing strength le regain telephone,Positive 
rt exclusive vetrimaran magnum opus fire excitement eye cant wait movie,Positive 
rt weirdclerk phone sorry break heart,Positive 
rt break heart self,Positive 
rt charitysane tim kendall nh england national clinical director mental health set nh england position,Positive 
check louise may video xx mood swing going racket u know like menopause talk enough,Positive 
human gifted saying perfectly wrong thing learn let others word go read,Positive 
therapy got realised friendship friendly cut got friend anymorejust classmate pretend care reality,Positive 
found accident really glad kind told know helped realise im allowed feel way,Positive 
mental health support fingertip find mental health resource available dupage county check website also call request mental health service,Positive 
rt simonharrismbd brought attention constant tweeting support gary lineker caused great deal,Positive 
dont suffer alone open speaking mental health,Positive 
hope join u today pm et topic international woman day embracing equity today every day rsvp chance win amazon gift card,Positive 
rt fsyusuf repeat delta mean reject omoagege apc except want imo state situation hope,Positive 
littleguyfaux bigscrab macleanewan fgheel tedditchburnnnp ermedale morphington gordondudman bogotabob chunkyferryman bobbofitz jgoffshore tomlinjeanne ayerightyiare mcolluk pannikus dyspepticcodger nosaidfred johnstuartwilso scjohnston scotfax yatesmangone walleyvision really wish guy well hope drop anger vulgarity might asking much,Positive 
fave scene show na feel ko yung love thru hug shame kasi yan lang ang scene nila together showing level intimacy time lagi lang silang umiiyak,Positive 
rt ssmbyash enti anna em chestunnav month aypoindi thenameisyash fan unnaru hype undi emaina cheyyochu confidence,Positive 
major city prepared enforce pandemicstyle lockdown curb surge infection positivity rate flu jumped week beginning march previous week,Positive 
rt philipblee must kidding biological male take award away biological,Positive 
rt javeeddh subtlety acting showing emotion innocence eye time prabhasraju,Positive 
rt hyunjinsbias really important show world gon na people gon na open accept,Positive 
rt srebrenicauk effect genocide remain deep wide permeate successive generation shared trauma,Positive 
jimgeraghty genuine question svb lot money bond case fdic funding withdrawal assumption recover money bond bond worthless cash hand cover massive withdrawal correct,Positive 
ngga who countless date last year get money date content creation thats mostly okay lonely im highly likely live alone dont wan na depend nobody financially stable,Positive 
please defend target sake babar azam mental health peshawarzalmi want unbearable twitter tonight,Positive 
pointless even keep repeating lol nothing cause frustration annoyance,Positive 
kid get old literally lay bed night feeling perfectly fine wake next morning back thrown point barely move something look forward,Positive 
favorite time day sleeping arm listening heartbeat surrounded warmth maybe thinking much want believe u,Positive 
please join welcoming friend mine always amazing kdhungerford thanks much sharing brilliance u today kelly,Positive 
feeling alive elusive time life feel overwhelming hopeless surrounded sadness grief hard find something brings joy hope,Positive 
rt abesthetics grief hit u least expect mane check yo loved one fr,Positive 
hopeless boy seeking someone share feeling fool fool love fool love,Positive 
skip breakfast lunch today want feeling cold water stomach butterfly,Positive 
cioccolatokun read volume published moment country grief manga lake detail art sometime mistake character others agree really nice serie natsume really great character,Positive 
simplyalad terry resigns everybody sleeping much small bed tonight lean head nickys shoulder lark dive beneath bed sparrow take huge sniff cover secure clear nickys pretty sure stall twin terry,Positive 
rt kernowspurs vivski spurssouth feel free drop u email want know also visit website,Positive 
hopefully could stand mental illness side well,Positive 
find time friend one alarm always feel rushed find time five time,Positive 
rt sadiyavans ever know want man whose christ want see jesus word,Positive 
rt gmtowner computer like bikini save people lot guesswork sam ewing,Positive 
always behind peer group success good enough education struggled job enough pay enough happiness rarely antidepressant half life golden,Positive 
rt nixcraft twelve stage folk burnout stay safe get help need help figuring start ask gp,Positive 
angharabbit want feel toe seam want sock slide around little bit heel cushion acceptable much ridiculous exercise sock dressup cold warm weather sock sleeping sock lounging around house sock different thing,Positive 
find favourite awesome flawsome wine selected wine shop makro store also online,Positive 
rt binance later today burn significant amount idle binancepegged token bnb chain equivalent amount,Positive 
rt softlomlss full flirt mood full love air k ha ab aj wo feel b,Positive 
melifox gon na break widdle heart,Positive 
bridge provide support people mental health challenge get back employment learn offer,Positive 
interesting fan important gauge others feel,Positive 
know meant great thing give permission,Positive 
danielgraves feel love even common love emotion never experienced way imho neither expressing dysthymia depressive personality disorder may seem apatheticmelancholic burden nervous system exhaustion gt,Positive 
rt henrygaza long court battle ahead u see feel bitterness eye heart history always kind,Positive 
rt seobincarts fan support march day rt amp like tweet,Positive 
actually clever im loving much software mental health injury program become tough like hardware version like computer designed life screaming,Positive 
coca cola perfect example brand use platform promote positivity inclusivity hope see kind messaging advertising,Positive 
rt mindshelp understanding olfactory reference syndrome honest smell source,Positive 
watched shop yesterday honestly feel biggest frustration dorsey talked best self someone else prevents start become problem comment winning first half season compared,Positive 
rt dr saint gurmeet ram rahim singh ji insan shared opinion explaining us cow dung amp manure,Positive 
beautiful nature shallow creek fall forest need get,Positive 
born sensitivelonely r x ie r ld happy,Positive 
goldchainmaxi mental health extremely important often overlooked take day,Positive 
thank amazing sponsor intracellular therapy incredible support mission spread awareness mental health,Positive 
jokinghorn appreciate frustration failure subsequent consequence assured feedback welcomed al,Positive 
like rabbit,Positive 
culmination love grief bar faye bar,Positive 
rt mindshelp married enjoy good day deal bad day together,Positive 
rt manchesterlemon dont look back anger oasis live river plate argentina find better version,Positive 
tryna heal heart break draining,Positive 
rt ecb good grief wording tweet really something proud suggesting woman need,Positive 
yes lord break heart break,Positive 
think big thought relish small pleasure h jackson brown jr,Positive 
assdeans im personal mental health issue class err meeting monday know thats several day away im sure issue resolve ill sure get note colleague thanks understanding,Positive 
fun fact testosterone make effort feel good,Positive 
missdeemeaner thing agree people said thing really need go add exact opinion time,Positive 
rt ghalling fresh ink,Positive 
empheriqx like sharing trauma,Positive 
call say love lonely please believe,Positive 
rt uclansocpres welcome tonight tweetchat litlgema national student social prescribing champion,Positive 
rt annemargaretj bank account amp food pretty much gone roof head safe place,Positive 
rt khosi utters favs name trend instead kneeling thank beijing,Positive 
rt itshamidaaaa expected khosi game diebe lonely bubbly happy side activated instead,Positive 
take walk outside enjoy fresh air listen favorite music write grateful connect friend family member spend minute meditating,Positive 
rt winniesun happy wednesday welcome today let get chat party started introduction,Positive 
right lot happening feeling,Positive 
hope sake never get position mentally suicide becomes option know anything lol,Positive 
ai amp technology evolved much recent year point tech help join u tomorrow pt amazing ai way enhance ai iq tech tip transform business wait see,Positive 
rt thamespilgrim watched think angela bassett deserves oscar played part ruler,Positive 
feeling like throwing someone stair like watching helplessly flop step affectionately,Positive 
bigdaddyryannnn stephentotilo released timed exclusive playstation feel like microsoft nice tbh,Positive 
sharing good bad pain gain equally rewarding true partnership shared journey isolated destination book chris speaking engagement,Positive 
give man health course steer never stop trouble whether happy george bernard shaw,Positive 
rt good mental health crucial part fitness one must try remain calm stressfree,Positive 
rt wealthdirector rule live trust intuition take care stay loyal dream limit drama,Positive 
taking shit work also heart break respect year time change xbox live profile pic,Positive 
school counselor certified provide support student experiencing mental health challenge let support student giving service needed school providing time school counselor,Positive 
please engage negativity focus namjoon discography beg,Positive 
fat friend without friend,Positive 
ajstilldontcare okay yea getting golden as perfect deep fry good point mcdonald clutch feel like chad ochocinco bitch,Positive 
gammareigh missesdread one feel little better,Positive 
rt jaynedaj heart break song used like,Positive 
niallofficial secretly went voice people could break heart choosing write new banger,Positive 
rt faithfullybp emotional honesty essential organizing oppressive force want feel isolated alone like,Positive 
sometimes distant hate love helpless want hold expect wait go first pretended generouson warm day would like express heartfelt thanks participation get better,Positive 
rt wavemalls work weakness make strength,Positive 
rt courtneymilan know emotion evolved first animal fear maybe love far behind love deep,Positive 
dear god please never allow incapable experiencing overwhelming emotion,Positive 
meridian many similarity two philosophy stoicism lack emotion kind mental nonattachment coupled healthy emotion different way comparison make lot sense,Positive 
told best friend six year friendship longer wish friend kinda nice also accepted fast think one runawayandhopesomeonecomesafteryouscenarios okay really give feeling care anyway,Positive 
judge worth achievement tend feel worthless whenever fall short goal building stable foundation confidence come learning separate performance selfesteem accomplishment accolade define,Positive 
im feeling kind today,Positive 
rt ccfitoken impressed good like feature offered team user feel comfortable,Positive 
unusualwhales pfizer kiss thats disinfo opinion,Positive 
rt mtosufipsych spa thrilled participate faith amp learning symposium faith awakened brain spirituality,Positive 
plot bringing home dream husband stolen kiss like roller coaster emotion riveting full surprise,Positive 
looking improve mental health wellbeing culture workplace organisation find competitivelypriced package,Positive 
lost opportunity last chance worthless endeavor lost cause know ability grow person truly truly substantial,Positive 
smilingcatassin edkrassen laurenboebert confuse confidence arrogance comment prove seriously lack compassion viewing trans woman misogynistic really fit considering misogyny mean like woman like play victim strong indication mental illness,Positive 
help get fitness underway use free onenote template please rt,Positive 
rt jwwenthusiast wonwoo care mental health,Positive 
rt wonhanseoksoon seventeen happy day caratland,Positive 
rt webgirlhere rodgerpug chuckcallesto definitely malpractice first lawyer talking taking plea deal,Positive 
mental health tech sound way broad event topic want niche something deeper concrete raw something invite people participatory vulnerable leave feeling seen pondering lot lately,Positive 
charliecarrel getting coolored againand playing best game frustrationno anxietybut really getting stuck thinking itgotta move onalways,Positive 
compassion world think human emotion struggle would continue fodder competition,Positive 
prostitution called hookupjuju called kayamata bad character called mood swing long throat called craving lmao,Positive 
limited access inperson therapy become global issue since pandemic mental health apps since emerged drove hoping would revolutionize healthcare many college student apps living hype,Positive 
ponthafren hosting workplace wellbeing event march event local employer newtown attend short presentation regarding ponthafren improve employee mental health booking link,Positive 
stfreakingkezy bstrd tempt man who thousand time intelligent brave resourceful need protest could shatter nigeria anger people prove anything victory clear heart mass,Positive 
rt katshirt every day new day chance reset see world anew,Positive 
rt excited share indepth look collaboration kensingtonroyal amp royal foundation creating therapy,Positive 
oh paradise shoe heart break thousand time,Positive 
rt ygdran look like redhood batman arkham knight today pixeldailies,Positive 
rt joicoco gun use great chemistry actor actress play play every role,Positive 
patient experience team signing weekend urgent information support please visit website mental health crisis support contact first response,Positive 
restore heart god love kindness goodness faithfulness joy peace positivity god pray love christ would heart light christ shine life jesus name amen,Positive 
feeling fucking great btw actually fixing thing around house feel like life hopeless love,Positive 
rt bhawnatrivedi gentle reminder one charge growth healing charge perception,Positive 
rt cadethammad thats defines haris chotu cricket best dont let opinion change style,Positive 
lifelineaust support australia kangaroo koala boomerang,Positive 
rt deezer twices new minialbum ready headphone jypetwice,Positive 
rt frustration supriyashrinate apparent tried lot play victim card excellent journosaurav,Positive 
favorite along fence week,Positive 
rt decider frustration get like somebody want like star,Positive 
elsewhere rain forecast though snowflake two across western portion piedmont ruled early sunday localized area isolated flash flooding possible sunday across southwest greatest rainfall total expected,Positive 
rt feralballads mean else heart break fall love,Positive 
henshawkate frustration jam hantyabeg make go chop cornflakes thank jagaban giving hanty ekaite cornfusion drink,Positive 
nailubtw idek feel like play custom someone rn,Positive 
vulnerability sound like truth feel like courage always comfortable never weakness destigmatize seeking mental help,Positive 
isolated certain never ounassnoonpromonontoyoutofordealhmbathandbodyhampm youhandmounascouponsivvinamshicodeonasdiscountonass ill make already doctrine changed future,Positive 
telling showing emotion right choice cslakin writer helping writer registered,Positive 
god removing negativity life love coming way money coming way going happier ever,Positive 
rt thltd nothing make leftist furious prospect white people living safe homogeneous community isolated,Positive 
zeeislosingit really emotion feeling hopeless genuine feeling long never give faith allowed feel way remember everything test react feel part pray thing get easier love,Positive 
ghafaera genya gon na break heart season omg,Positive 
anyone feeling moment stay strong premium shege still dey front,Positive 
pleased report finished piece excellent balanced argument everyone able conclude justified opinion proud hard worked,Positive 
rt gm sun happy monday know u big fan monday start day workout meditation,Positive 
unilad believe body positivity movement actually promotes mental illness cause morbid obesity big pharma behind btw one cashing,Positive 
obviously right luka better trae gap big public opinion make,Positive 
rt dontknowjava im someone leave behind ill break heart break mine,Positive 
happy free confused lonely time taylor swift,Positive 
sharktenko stevebeisheim endwokeness oppose medical intervention vehemently permanent lifelong there changing mind coming back thats country determined roll,Positive 
rwmalonemd excellent review newsweek antidepressant really work,Positive 
femmemlem minmodulation diabetic really fucking careful insulin could easily kill yes asthma med much harder get addicted something like antidepressant painkiller anything powerfully mood altering,Positive 
bbcnews im held ransom nh either treatment bipolar associate ssri antidepressant even acknowledge treat people bipolar live without worldwide,Positive 
rt dawniejiminie eye tell park jimin emotional roller coaster feel looking jimins unbelievable,Positive 
rt hiring three campus sgei offer opportunity professional development staff,Positive 
rt moonylace wish aziraphale would stare crowleys eye lean forward give kiss cheek,Positive 
may yo next bitch break ur heart like u mine,Positive 
angelzblossomz last night feeling good felt sad morning far okay though,Positive 
rt gadgilpoorva manifesting lifelong togetherness happiness tejranmay dream come true may get,Positive 
mask cucks feel safe leaving house unless strapped lb tactical gear weapon amp med kit bet clot kit stop bleeding let germ healthy immunity right protected everything realistic danger,Positive 
rt progressivepush u department justice say county jail system decrepit dangerous unfit house,Positive 
diademofgrief passionate writing creative also hope recover head injury word explain sorry deal memory issue well worry antidepressant forgetting thing often hope,Positive 
rt kcost arrived love touching book loss grief memory acceptance great addition,Positive 
rt cugites congratulation tschaidmd ac cot residentfellow paper competition work calcium signaling trauma,Positive 
subscribe joyful iptv watch live sporting event per month march,Positive 
trust park jimin make lose absolute sht break crush heart soul hour,Positive 
top vichar day toprjtushar,Positive 
dionnevestal feel like one fave show charlie mox first faves introduced show,Positive 
kudayunii im feeling pretty right seeing kiamei art made happy kusama thank,Positive 
way tricked panic room forever break heart,Positive 
hand give hope break heart might jungkook say slowly taehyung hum would understand king jungkook turn match eye say anything,Positive 
handshake agree friend mindcharity survey also told u nothing impact pandemic u already living mental illness,Positive 
born sensitivelonely x r ld happy,Positive 
heart break pain pas relationship aswear,Positive 
real talk get watch im feeling score five thumb way,Positive 
sometimes feel like marilyn monroe,Positive 
year since nanu passed yet cant seem get grief passing wish gentleness kindness around mention radiating smile grief indeed funny emotion kabhi bhi kahi bhi aa jata hai,Positive 
lakted sure suffering veteran sleeping street ptsd would love free house oh asking much,Positive 
rt sen reaction also thank sen senator always speaking truth,Positive 
rt leftatlondon logic newborn baby love mother also provided food amp comfort amp,Positive 
amp course im wearing fave blue tee rainbow rainbow make happy mental brain physical amp emotional health important cit know many tech tool laptop t use include daily lesson,Positive 
weve heard best walk step every day whats benefit,Positive 
rt moeednj congratulation imran khan platinum jubilee case magic number given maryam amp abbas frustration,Positive 
rt topfmstation top vichar day,Positive 
esejjko love much lil nuggie hope taling good care sleeping lot reading sth u know reading healing power,Positive 
heart actually break,Positive 
rt iamlewisu feel like joerogan need read book access way please recommend give,Positive 
let come together help end homelessness due mental illness education collaboration key understanding root cause creating meaningful solution let show empathy support affected join force create brighter future,Positive 
beauty provides guiding principle help believed use bathandbodyonassnoonpromonontoyoutoyoucouponsivvinamshicodeounasdiscountounass truth certain frustration knew,Positive 
rt shehnaazdicute positive every day every hour every minute every second cause missed part life,Positive 
rt elainehanzak would love know thought feel link,Positive 
rt thegemzstone feel free use gemzs chat ai tool simple ui interaction make daily task fast easy,Positive 
friikkisgc let welcome positivity bro know thats,Positive 
maybe lot think important create space allow feel feel temperance talk moderation maybe spending much time indulging much sleeping much talking,Positive 
plot lover paranoid like roller coaster emotion riveting full surprise,Positive 
columnist maggie harlow woman sign award winner know time crucial conversation sitting addressing issue either employee vendor customer key part feeling powerless bad situation,Positive 
rt taehyunnieswife feel like moa listen engenes,Positive 
rt widowwaiting day brought family tree picture home nursery today proudly told,Positive 
rt kwjnze hopeless romantic life surrrounded couple time guess take signnnnnn im feeling,Positive 
tompickering moving mile away friend family change end moving back home city soon enough worth mental health struggle,Positive 
awesome kind positivity need,Positive 
notthebee feel like covid probably least worrying thing rat new york carrying know rat aid rat new york probably itand rabies,Positive 
good feeling coworker make part family burn good cd,Positive 
rt people spreading negativity even promote mv calling fan anki,Positive 
tfwsun enhypenmembers really first thing popped mind trauma caused heal cute version yunki,Positive 
rt gorgkami normalize able express opinion without argue ppl,Positive 
men seeming sweet theyll still shut u amp shut u u express inconvenient feeling cause silencing u eliminates feeling dont care u feel amp peace depends u bein unfeeling blow doll,Positive 
rt meditation develops fundamental axis wipe away stress definitely worth,Positive 
julietriddell brava thank helping people get medium savvy recognize connection today medium environment declining mental amp civic health please join u,Positive 
never fast problem,Positive 
positive thinking let everything better negative thinking zig ziglar,Positive 
occlipsnmedia feel like atlanta,Positive 
rt sebastianexex writer diary truth lie know exactly lying telling truth,Positive 
johnnysayy fernbritton garylineker conservative answered listened andrew castle yesterday lbc know well lineker careful pay meticulous attention anything tweet never tweet anger etc etc meticulously operating within term contract,Positive 
im head heel love angel come back twin flame super woman want lay head chest sleeping arm baby love soo much darlin belovedtm,Positive 
rt firefurycorps brigade organised medical wellness camp woman empowerment centre nimu saw enthusiastic,Positive 
soap knee immediately go weak feeling lean ghost support start pushing hand ghost cock soap help wonder anyone see surrounding building,Positive 
truenorthcentre woke never stop finding fault everyone except make feel morally superior disgusting,Positive 
know character break heart davika mew giving u cute fan service soften blow,Positive 
stanparkjihyo im bleacher stage dont mental illness,Positive 
well done emmerdale showing important talk mental health guy amp girl never afraid open problem shared problem halved mindcharity samaritan,Positive 
rt kdramatreasure sleeping tonight knowing every character glory got deserved,Positive 
rt rtissocial make social medium easy teach business owner plan find engaging content saving time,Positive 
sm marketing super high open conversion rate talk whatsapp getting enough quality lead converting,Positive 
kalila feel okay let feeling seep embrace come back stronger,Positive 
alebrazils would usually since lonely mf enjoy getting random dm lmao,Positive 
people contact said never realized mental illness demonic contacted began read book prayer warrior information website claimed walking greater freedom many people think heroin alcohol,Positive 
hosted health wellbeing attend hcsw clinical fellow celebration presentation cno award gym free nh staff thankyou,Positive 
vanguardjames clearly passion deep still feel like gon na cate international voter clearly feeling eeaao feel could tip scale favor cate best actress nominee much end winning film take bp,Positive 
rt verysimple specific nyt problem publish excellent point point rebuttal misinterpretation,Positive 
macchuoffcl boli emotion super fat,Positive 
rt pssssdlabs unpopular opinion would decent lol imagine watching telly real stadium atmosphere,Positive 
drmncrald railwayseva people sittingsleeping floor much people go washroom help required centralrailway railminindia,Positive 
driving highway wind hair there nothing quite like freedom open road transportation feeling independence selfreliance thrill adventure embrace journey enjoy ride,Positive 
rt spread positivity,Positive 
uk cold innit well feel free dance along friday banger tm help get heated itll doctor ordered hehe cough drop mic leaf,Positive 
rt yujibig someone cheer feeling bit hopeless may god bless person,Positive 
agree,Positive 
lot people genuinely know always wonder never raise voice frustration anger irritation especially never form physical closed fistopen hand afford skull resulting fixing face focusing cheerful manner,Positive 
rt goofonroof separated oaklawnracing thank great yr disagreed severity tweet,Positive 
poc moot threading lightly genuine fuck n want better vocabulary upset anyone actually like ok call people like colour general term like brown obvs negativity jus speaking abt someone,Positive 
rt dandouuza one friend feel safe telling everything toooogtgtgtgtgt,Positive 
rt anniegaiia discourse really melt brain look like im going need even insufferable,Positive 
glady break glady break heart u,Positive 
lonely one yeah like,Positive 
rbkgreens canburyliberal cllrnardelli libdems yes think probably right first count frustration think done better thank pointing,Positive 
rt stay healthy fit yoga meditation paranayam provide u power make,Positive 
got old laptop smart phone tablet longer need donate unwanted device give good home help socially isolated vulnerable individual family get online find donate,Positive 
stillgray lot people pushing mental illness mean well good human being,Positive 
rt yaelahbadut stress still hahaha public,Positive 
happy free confused lonely best way miserable magical oh yeah,Positive 
lisoosimp hi lisoosimp understand frustration kind experience want kindly send u dm pldtcares check help resolve concern waiting message thank,Positive 
rt strength weakness emotion always stay one amp pspk pawankalyan thanks existing annayya,Positive 
frankbrunoboxer sorry lost dad hope memory get stay strong downside loving someone grief loose sending hug xx,Positive 
rt whenever see smile childrens face feel positive following teaching saint gurmeet ram,Positive 
nothing beat rush carving snowcovered mountain wind face adrenaline vein skiing ultimate winter sport combine speed skill breathtaking view else love hitting slope feeling alive ski snowflake,Positive 
hard day like today catch feeling fomo shut everything amp walk away literally walk outside take walk come back turn everything back come back new market reset mind,Positive 
realdeancain passed present future science change true issue psychology mental illness want believe fine quit trying push,Positive 
sparkle top book black woman mental health sparkle nobody know trouble seen dr inger burnett unapologetic guide black mental health dr rheeda set boundary find peace nedra tawwab revisioning therapy woman,Positive 
rt masculineego develop good communication skill learn handle stress effectively,Positive 
guyadami squawkcnbc alexisohanian yes program great two thing pondering one onerous stress test bank go catch happens business line credit commercial mortgage,Positive 
im supposed believe care climate mental health yeah fuck right country care much folk like struggle due true mental illness daily basis work kamala harris something real,Positive 
rt mainchannel star deep emotion conveyed word amp picture heartwarming friendship love life family,Positive 
rt theinclinepgh today newsletter essential read want understand peril using carceral system treat,Positive 
rt womenwritersnet save date coming thurs march pm gmt monthly womenwritersnet,Positive 
rt lisasee stunningly beautiful articlenot people lost someone covid anyone lost,Positive 
phadketai mistake believing love solely human emotion,Positive 
love,Positive 
rt utdplug marcus rashford winning potm obviously make feel really proud managed three time,Positive 
lot courage intelligence cuss word hell lotta lob positivity,Positive 
rescheduled march ranssrotherham invite attend conversation hosted nhssyicb geekretreatuk rotherham new date fri march full information,Positive 
pride many curse humility come many blessing ezra taft benson,Positive 
rt okureruzatsu uploaded fanmade chibi ike vrchat replicated chibi style fit whih,Positive 
still never go hard esports like traditional sport field drain eventually burn per natura mental health go everything else life taking care eventually get tough key success,Positive 
rt princelaney popular opinion youngkin slowed progress northam made far making virginia destination state,Positive 
rorycooper lol teaching warped opinion valid somehow,Positive 
good thing come managed revive virus team isolated permafrost making infectious first time year inserting cultured cell,Positive 
wizforevaa still time wizones need edit appreciate fan stay since day stay hiatus day pray hope comeback none fandom know wizones feeling time hopeless without activity information,Positive 
rt geeziskwe thank god sabbatical nine month finally feeling lighter pressure indigenous scholar,Positive 
stop ready want make positive change daily life something preventing find fear change blog,Positive 
gon na one save u black hopeless feeling mean end come reeling,Positive 
rt mhereonlyforbts hobis smile like embodiment positivity sunshine,Positive 
tell knee right cry pleading really feeling hopeless thinking want keep going god saw heard even think god always plan u always put faith never leave u,Positive 
nadinedorries bbc first one call footie secondly actual football fan normally already seen score goal watch motd replay debate add anger joy thirdly commentaryfree hyphen stewed prune,Positive 
even going open mouth get yelled bc hope skz able find time rest always push hard even tired injured wish feel like,Positive 
super strong mental health,Positive 
however still gender imbalance woman girl left behind space like big tech leadership studying math science among others also face widespread online gbv affect mental health wellbeingflaviakyomukama,Positive 
sokerikuutio express emotion better anything else one,Positive 
thegirlcamus heart break,Positive 
rt residualbitcoin blockchain definitely interesting technology see much development regard,Positive 
barnaclebooks thank much better last night still got way early love sleeping rainy gray im glad able rain soon warms little bit lol,Positive 
laamaramay watch svu olivia shes taken back seat show watch newbie care go parallel experienced past healing reintroducing trigger trauma get see experience anything,Positive 
estrogenand gun guy feeling likewho care next mood swing minute warning attitude know use course dont look busyi right first time right remain silent please shut,Positive 
least fell love something greater debating suicide,Positive 
elonmusk wallstreetsilv b need look voting record brought official fed gov may like yelling nothing show frustration,Positive 
rt shawtyastrology aries amp libra placement especially rising might need patient partner friend,Positive 
rt gyutme moa bringing back srr stream txtlov helds party march kst feel free join help gaining,Positive 
rakkusueienno bbcworld review perfectly stable people nothing worry term money mental illness say people pretty okay actually like wow shocker lmao,Positive 
gorgeous contextualize grief narrative illustration careysookocheff groundwoodbooks orcabook owlkids tundrabooks kidscanpress,Positive 
rt bbydore ummm life beautiful im loved skittish restless somber lonely im never without hope,Positive 
merlin feel like watching,Positive 
rt ememmulty short lady best partner relationship never break heart,Positive 
tabithawolfpdf tryna break heart,Positive 
rt cancercanuck make go thisll good,Positive 
rt caulmick remember michealmartintd told u going coalition finegael need urgent action housing,Positive 
notyacuppatea like always two tension tunnel rising way face changing beautiful first subtle nervousness one second next emotional explosion rush joker talking anger,Positive 
four primrose blooming container right red one first fourth primula eliator gold lace aka bumblebee primrose two grew seed started primula auricula alpine specie feel like could easily become completely obsessed growing many kind possible heard said kind food moreish,Positive 
rt fit oxygen mask first please feel free take share virtual one need credit jenny,Positive 
rt courtneymilan keep thinking animal love u tweet honestly think rationality get way love,Positive 
tradwifemom baby born utero fetus baby abortion performed think clever using emotion manipulate people christofascist bull see right,Positive 
sometimes distant hate love helpless want hold expect wait go first pretended generouson warm day would like express heartfelt thanks participation get better,Positive 
feeling dump may suggest looking tv frank glamor shot hope time tv frank glamor shot brings cheer,Positive 
uncle weirdest obsession whenever feel like watching go house since play,Positive 
rt saint drgurmeet ram rahim singh ji insan say one really want peace mindmeditation tool,Positive 
rt judgewren nc governor want invest mental health,Positive 
sjokz thank much sharing inspiration thousand people today cried put word feeling grief lot people struggle,Positive 
march please join u grief cafe please call email register jeannelle benek jeannellebenekaccentcarecom,Positive 
rt affisupastar dollykola able come preelection high feeling like building momentous change,Positive 
xbox exo one lonely mountain downhill two favorite currently game pas checked still looking downloads,Positive 
feeling reflection listened river explain situation calmed,Positive 
misstrudy sorry trudy need apologize surprised surprised uganda interesting game proceeded assumption every east african know naturally blessed sorry misplaced anger,Positive 
rt good mental health crucial part fitness one must try remain calm stressfree meditation,Positive 
gm guy hope great monday set tone coming week monday hope tone positive interesting let start week positivity hard work feel accomplished end,Positive 
rt theirclementine u get mean like wouldnt anything w multiplayer skull mask soap care,Positive 
rt today tomorrow legit one exciting day nfl year tampering period visit hope,Positive 
imagine anime fan fandom follow even encounter japanese ship naming convention like isolated asianoriginal fanbase would want,Positive 
partyhkt medgold like ancient oracle eg sibyl cumae need isolated insulate normies polluting mindspace,Positive 
elliottwavema rest u always confused know feeling still holding position uec position like despite iwm carnage feel good took half uuuu double,Positive 
add something really different reading list read last day remarkable new novel harper donohue,Positive 
rt teamstersob member feel corporate greed thanks asking put health amp life,Positive 
way see people way treat way treat become johann wolfgang von goethe,Positive 
key successful strategy emotion enough sell need connect audience,Positive 
handshake going old footage dog feeling,Positive 
proudelephantus leftist rhetoric thing causing mental health issue school child created mental health issue democrat,Positive 
foreverwithrm thank reminder feeling pretty hopeless make feel better,Positive 
rt rianamilne free one two new motivational ebooks attend live free class way create life desire amp,Positive 
information increased use antidepressant last year,Positive 
rt born mesmerise crowd shine twirl amp float create amp share beauty make u feel intensity,Positive 
taylorlorenz jeantwenge also liked piece love dkthomp esp analogy parent fitness bumper sticker major factor mind economic inequality young people feeling hopeless capitalism broken,Positive 
issue emotional selling specific subscription based business agency included rely overly emotion sale process enough logic underpinning sale client simply leave emotion fade,Positive 
darling really much work go another day without sleeping,Positive 
took ginger shot first time feel like got hit back throat fun way,Positive 
plot viral karena gebetanku like roller coaster emotion riveting full surprise,Positive 
rt jebrafaushay hillary tell child much safer isolated island,Positive 
rt saint dr gurmeet ram rahim singh ji insan say one really want peace mind meditation tool,Positive 
bslickcomposer protopoly absolutely nothing contribute issue item require little effort spit face people pour genuine passion effort yet get cant even there work detract isolated instance,Positive 
rt noloeynolife feel good,Positive 
triaiamnow moshier morriganastro would make day pp make people feel confident could take,Positive 
rt ithunderstormx cameo effectscampolitical controversy corporate booking imagine kind frustration amp schizophrenia,Positive 
darcys breast tolerable powerful feeling towards soon procured pardon directed anger another,Positive 
rt vasppbooks wow almost make choice take chance change life link,Positive 
must attend focusing save date wednesday via lthechat take part either posting andreading need twitter read discussion,Positive 
rt lharamullins accept amp know thats enough sparkle,Positive 
rt zellieimani najee neighborhood hero element talking youth one healing circle,Positive 
rt brulechevalier break sweet jesus hateful wall tepidity grant free ready,Positive 
rt jlsmilges talk lot ableism fueled early gay right movement book worth,Positive 
rt bedriddenbot pretty sure worthless service,Positive 
mental health awareness habit improve mental health,Positive 
put antidepressant mood stabiliser ok say,Positive 
rt way true worship playing raam rang hori worship supreme god true way worship,Positive 
rt batonofhopeuk everyone uk whether parent grandparent uncle aunt young person amp importantly,Positive 
stillgray seems like biracial kid end weird schizoid relationship race lot end feeling like double antiwhite narrative strange,Positive 
use technology impress use impact,Positive 
plot demon lord bride like roller coaster emotion riveting full surprise,Positive 
boy sits taes lap talk day tae actually good child reacts everything dramatic way mood really get much better fast take park jimin watch adult push swing,Positive 
may love happiness life think one making snow ball throwing cracked smile face would maybe crack leaving ae alone turn anger one else,Positive 
mind detective download today feeling trouble book get back track better enriched,Positive 
plot there problem persona like roller coaster emotion riveting full surprise,Positive 
settle anything le best amazed accomplish life vince lombardi,Positive 
rt knocking door heart care middle jungle without path inhabited ghost,Positive 
wrangaapp shrutiwranga shreyanshwranga muskaaankaushik amifromindia ashutoshrathaur arnikatweets profdimension thank organizing interesting awesome,Positive 
earldormancy would agree animal capable human thought absolutely capable emotion necessary function animal brain believe capable feeling love le developed brain would roughly translate trust,Positive 
haha recently going uicide subreddits like leave nice message im getting reccomended twitter suicide note haha wonder mental health hope thwy ok,Positive 
pulte feeling pretty hopeless fell compression fracture back brace using walker wife dealing w covid effect since nov got fired took predatory loan le help anywhere mom really could use financial miracle mybleedingink,Positive 
jordanbpeterson fix giving inch man woman period feel opposite way see doctor help affirm biological gender,Positive 
phinetyunnie everytime watch life feel like im healing,Positive 
feline today inspired mybff check mental health enter big presale,Positive 
amplified emotion make easy anger people see form try keep calm snack however halfhuman form take toll body spends time either sleeping relaxing hot spring,Positive 
happy monday especially brendan fraser fighting trauma living dream kind gentle youre never ever,Positive 
adatainment lol native mechanism save redelegate stake honest actor blockchain dy attack worthless,Positive 
thepointbeing moreperfectus educated pay back loan education increase intelligence degree receive worthless,Positive 
lean arm break heart,Positive 
sharing againjust thing like break heart amp wish could fix,Positive 
notthedarkblade utdarc wan na support handle right full time rcb supporter btw frustration,Positive 
message younger peter skiing journey worth time effort feeling linked turn field deep powder worth every single one embarrassing fall green run keep getting better,Positive 
rt borusaramoments always break heart,Positive 
systematically isolated one player key region surprised scared one great power rival broker deal involving player,Positive 
shes gon na break heart way young shit,Positive 
rt zuhamalik ali bilal special kid differently abled boy one expect get quiet loved kept,Positive 
kndconservative edkrassen thats opinion fortunately enlightened jurisdiction disagree,Positive 
thank fucking god get antidepressant tomorrow week as,Positive 
sulmoney wish knew dysthymia,Positive 
rt jfnilsen day send huge congratulation show deep appreciation strong important woman,Positive 
rt immortaleth welcome join starting raid group must see activity daily,Positive 
offer nonclinical personcentred support help prevent escalation mental health problem aid recovery find,Positive 
born sensitivelonely p x ie r ld happy,Positive 
follow rootedwellza healing personal development wellness content event,Positive 
kittoph acknowledging would also mean acknowledging government effectively stoked fire mental health taking firebomb mental health service,Positive 
trying bring positivity monday,Positive 
wish sht ton panda,Positive 
deantfortytwo true going road feeling badworks,Positive 
rt appleciderpapi remember black history month feel like everything get month lol,Positive 
rt stoddglenn obama hastened shortfall loosening qualification disability benefit role,Positive 
iii remove allow anger consume like love like happy got ta distance keep thing way,Positive 
help worthless trying help mom tv,Positive 
thought thought thank airing feeling age dinner friend hen followed couple drink turned longer hen year due cost wanting holiday choose,Positive 
rt single day know aide know liberal party official know china,Positive 
rt jasleendijasmin release trauma one level energetic experience relief level,Positive 
surfncruz sensanders bank expert say silicon valley bank would managed risk better doddfrank rolled back trump svb ce supported rollback due reduced frequency number scenario required stress testing wall street reform wiki,Positive 
feeling hopeless thank u thank u kind soul make dream come true padillabela androllfilm star,Positive 
rt aww thank dear lovely louna hibiscus beautiful pic also camera happy monday beautifulamp,Positive 
come back even shadow even dream anne carson grief lesson four play euripides,Positive 
murderlandjay eclecticv phadketai ability verbalize feeling thru age gave u knowledge write study human psychology trigger etc animal since talk way know feeling impossible say feeling,Positive 
scottadamssays correlation number american antidepressant,Positive 
wish god hide sadness problem hope sent happiness contentment,Positive 
rt wsoyinkacentre ambkhadijabawas satisfied involvement nigerian woman politics khadija sharing,Positive 
graham potter yeah way feeling le pressure way something get bogged nicer win im getting carried away two win focus leicester absolutechelsea,Positive 
ramonathemilf fanslyava itspaigestarxxx love feeling cock sliding throat,Positive 
rt positive stay happy let negativity drama world get,Positive 
rt yurikechanart art raffle feel free join event cool prize info bellow rule follow like rt,Positive 
rt mohpromotions verified spreading positivity let grow together giveaway subathon work nappy time,Positive 
going positivity thing,Positive 
wondering going made money printer go bbbbrrr make fiat worthless worth well basically almost every crypto except always fiat like money bank right,Positive 
astrosag aggiembk hmmmm yes laughing emojies definitely hide sadness anger,Positive 
market may woofi woo stakers avalancheavax fantomfdn feeling extra comfy right apr surge bigger buyback wake market volatility make woo work,Positive 
tombilyeu indeed another topic done various podcasts ecosystem would consider podcast jasonplowery bringing new perspective would beneficial u whole opinion,Positive 
anyones truly blame someone pushed suicide likely trans community took individual use sickness mental illness gain rather seeking proper mental care needed know people like,Positive 
rt rubendeherdt unbelievable german germany health minister group unvaccinated health worker contribution,Positive 
rt dlhampton make mental physical health ur daily habit easy habit rapidly improve brain,Positive 
penaldoout exjohnhonestyy kvara winning ucl bigger mbappe part sport washing project billion petrodollar investment legacy building success opinion ucl help dream among best,Positive 
mindset give competitive edge opponent,Positive 
rt communitycareks loved one struggle people different age background job,Positive 
rt janehmul folk interested impact amp particularly occurring childhood within family home amp wider,Positive 
american glory faded feeling hopeless,Positive 
also meant want black people featured prominent character thats made lore valisthea superisolated include darkskin character hotter region want lightskinned people,Positive 
cool pruned camera six three feeling good make kit small possible currently one full frame sony two apsc fujifilm,Positive 
mkgoblue sending prayer positivity,Positive 
hirie mood swing tour sunshine theater sat mar,Positive 
consistently put uncomfortable situation breed mental strength creativity,Positive 
itsthedr really need turn back treat mental illness instead glorifying,Positive 
one life value long one attribute value life others mean love friendship indignation compassion simone de beauvoir,Positive 
amazing talk trish filmmaker go school get people talking mental health film found web site,Positive 
forget forget go remember december unbroken give heart break demi heart attack confident stone cold tell love sexy dirty love dwtdtaoso people say holy fvck eat,Positive 
rt bapujiashramfbd sant shri asharamji bapu inspires play holi palash flower amp celebrate vedic holi rangotsav,Positive 
rt dssnewsupdates outstanding example humanity ds volunteer saved mentally retarded person following teaching,Positive 
rt looked saw heart could see beat power held strong ability break,Positive 
best way slow aging process stop smoking prioritize sleep stop drinking alcohol stop eating like child lift weight consistently quality friendship learn something new daily limit stress else,Positive 
rt couphanfiles scoups amp jeonghans slogan caratland cherry lip redder cherry swirling day thank,Positive 
rt ascatweets president budget provides million dedicated meeting mental health need student school staff,Positive 
rt wpgmurat connor hellebuyck emotionally intelligent he well spoken he passionate mental health clearly,Positive 
point many sleeping panther moore rookie would much better situation pick would likely replacing moore easy possible,Positive 
like get major bad vibe beast fella stream charity make fortune thing etc people attacking like know move properly feel like probably every neurotypical perceives,Positive 
rt gmtowner reviewing learned learning anew fit teacher confucius,Positive 
one partner shirley ley share thought investing,Positive 
rt tradingmarvel message negativity read message agree kindly retweet,Positive 
vent tbh bc chronic illness feel like im watching youth slip away spend much time sleeping never time thing want feel like teen year went fast omg im getting older way,Positive 
gm fam happy friday cryptos vibe low come join cryptoquantic minute share experience talk others feeling similar get realistic view btc eth sol price action,Positive 
longer star trek picard go guy start look like battered wife going change emotion cycle,Positive 
tvmartinroberts lost hubby soul mate best friend year agothe grief mewill never go away find talking lost laughing memory familyin timeis helpthese initial day take hour time talkdont bottle grief im sorry,Positive 
snkrtwitr yeah see amazing pair better opinion yeah olive olive good pick especially rock fall,Positive 
p changed political party back republican register voter hahaha love wisdom balance emotion cryptocurrency,Positive 
rt loveofdivine relationship darker complexion woman dark hair may significant could,Positive 
rt mecee taking strawberry doyouwaterloo break heart texas corridor,Positive 
rt pattucheenu keep spreading positivity wherever go lovely friend wonderful full,Positive 
heart actually break,Positive 
rt debralindh trauma survivor want know safe trust youre going abandon keep,Positive 
messaging girl asked said good sad weekend said yes next one almost day kind positivity love life,Positive 
prepare optimizing physical mental health going need,Positive 
rt sapinuwa left peach right almond know tree sense beginning pandemic yeah life turned,Positive 
nftgod going look thanks yea beginning burnt giving business deserves stressed thought stress normal couldnt even identify stress anymore bad put notice major relief,Positive 
rt joincakeapp coming pick best film year past seeing,Positive 
rt navertaehyung channel excitement,Positive 
sorry hear hope time grief start heal good way sending good energy rn,Positive 
rt invwesburns said pop full frustration came lovely oration followed ray epps capitol step,Positive 
agreed sometimes even show remember one year earlyish meryl nominated amp even come set halfway around world nope street home glass snuggie cause feel like,Positive 
grandma think need cheered get sadi never sad,Positive 
need healthy dose caffeine nicotine antidepressant today,Positive 
rt jonrossmcnairn helpful interesting podcast subject grief recommended want need think,Positive 
rt moonwoodsshop beautiful nature cascading creek waterfall need get,Positive 
rt swacinta period pain joke get mad without reason stress hungry time laugh small thing know,Positive 
okay okay,Positive 
really show much emotion know express deep inner feeling point become self reliant also bush thing aside quickly since expressing almost always becomes redundant waste energy,Positive 
come mental health realize support system family friend sad hard truth,Positive 
rt colbrotarded back antidepressant good run id rather feel nothing deal rollercoaster,Positive 
maryamnsharif oh ho feeling pain come even bring much people way reality much people watch tv better take one sleeping pill sleep good night,Positive 
feeling love gon na take,Positive 
rt kinginspires peter obi hero call peter junior respect principle respect made love,Positive 
rt agriculture backbone countrytrue social reformersaint gurmeet ram rahim ji share opinion,Positive 
oh air horn thats better swing baseball bat occipital lobe,Positive 
batmaninthe xlthinoreo scollectathon nintendolife really think matter there definitely anger issue addressed pushing button make thing better thats purpose make better use energy make thing worse,Positive 
rt otsuikey thank stream go early since quite late watch vod later today,Positive 
feel like play makeup photoshoot today tired house,Positive 
people instagram like bathroom married vomiting qn ninakk engane ariyaam generation,Positive 
admit harsh truth resort whataboutery defence indefencible,Positive 
love life divide turn away need feel heartbeat mind way im feeling deny found love hopeless place sparkle aybukeim tolgakandemrr sparkle,Positive 
bmaafi thats pure frustration bossman thats gotten free release day release package,Positive 
rt andkimkaii scene crazy acting emotion want give hug dongeunah let u reach glory,Positive 
ocdoves youtube please always knew dont get started think got tactic opinion lapd tell case history book,Positive 
definitely share everything life help one person see fat fault weight loss actually calorie inout happy learning thing saved mental health,Positive 
asked emotion ever get seat table decision made task make sure doesnt,Positive 
cruising west side highway feeling pretty ever wyd,Positive 
rt took brave stand speaking various restriction policy sincere,Positive 
rt drranikhatib ensuring patient heart failure appropriate pharmacological therapy could reduce mortality rrr,Positive 
maggyoutthere oh maggie hope well hope believe overcome stress cool artist cute strong cupcake,Positive 
morning bos ekitipikin please send money get mood swing,Positive 
people involved effort spy priest creep would deny communion sure hesitation affirming making church claim love look creepy michaelswinters via ncronline,Positive 
sparklingjeed hisgrape oh still opinion people allowed get upset freedom speech mean freedom consequence,Positive 
feeling hopeless tn attack lgbt community anyone know someone life help contact representative obviously care,Positive 
hope feel like concert time,Positive 
mkinibm well sleeping jobtoo much,Positive 
rt boxersforlife party support healthy child double mastectomy penectomy removal penis isolating,Positive 
anthonyvslater season see guy next season team hopeless hope eat word feeling,Positive 
rt maximilianoz mean yoruba feel threatened ịgbọs may take lagos joining hand push,Positive 
woman society today dwindled feeling instead biological fact,Positive 
everyone emotional trying get heart strong enduring cry know much break seeing woozi cry hearing sob go straight heart bad,Positive 
heard girl say break heart broke expectation truest thing ive heard lately,Positive 
qanda abcnews india produce fighter aircraft submarine aircraft carrier howitzer drone radar system house technology would australia keen trial codevelop,Positive 
education without application worse worthless,Positive 
rt ellieaddi wish could show year ago glimpse future tell could see way like,Positive 
feel like rcb management lone fault unnadi player kadhu clearly,Positive 
rt wish sht ton panda,Positive 
rt kaynwajagu people voted one seen celebrating even said victor yet man le step,Positive 
good grief healys good,Positive 
rt david desired new heart one full love god abhorrence evil may,Positive 
wow past week yet many bad news one week klima rollercoaster amongst negative news still optimistic here dose positivity feed,Positive 
rt womenwritersnet thurs march monthly woman writer amp writerly wellbeing come join u,Positive 
rt brunotersago effective mechanism hold government account medium keep silent legal system appears,Positive 
heavy snow parted way stateline morning winter weather alert also expired may see isolated flurry evening majority friday staying dry weekend brings u another chance snow learn,Positive 
masihan lonelyxain name movie sound like ice spice verse,Positive 
rt overwhelmed sex nut time,Positive 
please love break heart unblock explain got said wrong mean pay,Positive 
wiggywwfc eh beat beat u since went win title year fell short wembley worth grief,Positive 
rt dssnewsupdates let u something special burn vice ego amp unnecessary hassle let light,Positive 
playing onlytunes feel coming feat daft punk weeknd tune,Positive 
johngormleyshow saskparty here question respectfully used platform talk virus history ever isolated virus history jab history moneypower ppl culturemyth thetroublewit,Positive 
bend spiral also available product décor sale view product gt,Positive 
iamsteveharvey faith talking third party mental illness imaginary fictional character really steve malcolm x tell yall god father heaven lord jesus christ also found belief evil lie anywhere go truth died n lie,Positive 
toor let candidiate win trophy democracy number game result swing dealing million pple diff factor emotion tribe competence poverty etc even moron win number experience talk cheap,Positive 
always smarter people hire lena horne,Positive 
zubairkhanpaki u voice ur opinion thinking free,Positive 
doesnt hurt year havent pain havent lonely,Positive 
rt happiest depressed person ever meet,Positive 
finished congratulation leahbroad really superb group biography ethel smyth rebecca clarke dorothy howell amp doreen carwithen balanced hugely engaging lot good grief moment couple unexpected villain,Positive 
truly,Positive 
gervontaa threatening slap ppl personal opinion mentality today generation charming soft real,Positive 
jcnewmancigars love really good flavor burn construction enjoy last fema,Positive 
rt bet washington made sure held solitary confinement year sentenced,Positive 
rt tomsherwood really big worry future vibrancy downtown dc annual bid award ceremony year,Positive 
hirie mood swing tour sunshine theater sat mar,Positive 
clairempls embracing mental illness parent good feeding son dysphoria difference,Positive 
value based perception opinion responsibility,Positive 
oh sunday let hug self care sunday full effect share thing make happy sunday link bio,Positive 
best teacherrespect secret triumphalism positivity نمشے,Positive 
coldbloodshill positivity,Positive 
slutriarch get feeling dude punching try type p,Positive 
rt susanlitv well vote confidence accept offer keep money even dangle,Positive 
rt mayuriluka memory thread beyond liking posting bcz daily memory boy repeat,Positive 
rt bookoasis cant wait share stress management secret keep eye upcoming ebook,Positive 
bravo keep strong,Positive 
plot overbearing ceo want hug like roller coaster emotion riveting full surprise,Positive 
support loss dog,Positive 
rt dindinowo instead worrying said say tonight focus happy one mental health cz,Positive 
hello everyone coming back briefly say exam feeling pogchamp anyway snowed snow pic p,Positive 
become expert practice never stop practicing,Positive 
lfcxoxo government wont fund thats blame usual wont found addiction treatment mental health service would solve lot wont fund housing crisis either however make sure rich donor get nice lucrative contract paid u,Positive 
rt ariishere im going start putting together mental health awareness raid train event may wondering friend,Positive 
gwillithumpthum heard forestry supposed repair bank next creek last week roadi feeling washed one lane alot rain would say much eye,Positive 
introducing new collection period positivity dedicated collection collaboration moon bag create public dialogue towards period education break stigma,Positive 
victoriaosteen hey victoria think positivity good amen,Positive 
lastpositivist always figured account trying speak disaffected white men feel like waging lonely battle world choosing whether hero antihero special story special little boy,Positive 
rt luhhjk priyankit yu deserve unlimited love n happiness kuch itne haseen ft,Positive 
laid good hour half feel better im definitely still haunted feeling currently residing planet earth,Positive 
due heavy snow staffing difficulty able offer support phone monday march staff still available need talk,Positive 
everyone amazing way today let go insecurity prepare give praise deserve focus quality amp make special use day share joy telling others wonderful,Positive 
rt stanwithitzy ryeji dancing live break heart hongkong presscon,Positive 
rt shirlynmb day best waking amp surviving whole day day finishing todo list,Positive 
tsunamilonely iammovingon iamlovemyself yeah,Positive 
michaelmalice top form glen beck two week ago offered best type inspiration factual reasoned plenty laughter anyone feeling hopeless america watch,Positive 
xnormalxoxo exactly right opinion like everybody else bullied hated deal alot strong willed brave person continue take happy friday enjoy smackdown,Positive 
wiseconnector always sow want reap people youll reap kindness sow youll reap hatred sow therefore sow positivity,Positive 
revpaulwhite well perhaps try express better others actually understand also suggest chat colleague live isolated haven instead live illegal immigrant held nice hotel,Positive 
rt rodneyrohde following amr narrative time join next march,Positive 
rt lovlybts set free floating freely void set free day feel melancholy obvious reason one day,Positive 
monday movement try hope see support group tonight,Positive 
weird day market risk asset dollar drop seeing ton reaction job data svb si bear go sub feeling see pump true capitulation dxy btc,Positive 
chasingling like suspect anyone diagnosed dysthymia,Positive 
really together together give child youth access evidenceinformed mental health care,Positive 
rt svbadri perambur ayyappa mandir close heart year nithya annadanam carried without break also house,Positive 
johndemarsico understand frustration impact broadcast however baseball losing non diehard fan especially younger one due time game like player better get used going anywhere stay fan adapt,Positive 
decade preparation positioned u perfectly capitalize unprecedented opportunity utah lawmaker stepped meet moment decision made session define utah next decade beyond future bright,Positive 
ik u feeling king get upgrade everything better never settle le,Positive 
rt prepared askteach boy yesterday today really macam pelesit know time,Positive 
hshierholz really think fed work done nowcast also show cpipce trending shake feeling employment strong asset high return inflation target chance fed increase probably bp,Positive 
break people heart oo,Positive 
rt hi attending show hoping ticket switched accessible,Positive 
finn mcredmond party back natural habitat traditional serious unsexy current leader understands brief better johnson ever could via irishtimesoped,Positive 
talk badilia talking big impact especially young woman leadership thats organized compelling tomorrow notomiss event one usaid live,Positive 
everything going around u child worry vital kind gentle tip expert help child express emotion strengthen mental wellbeing,Positive 
rt pipscharity mental health destination journey planting seed hope pip belfast pip derry,Positive 
fun fact cozy juicy real question also random deck offthecuff group challenge bonus lightning deck end bang collision collision,Positive 
rt ltrnforever vp kamala harris love electric school bus also claim climate impact kid mental,Positive 
rt assocmhp mental health charity provide range support inc counselling talking therapy housing amp accommodation money,Positive 
baxteronsinging love challenge student ignore register break every day difficult soundstyleemotion focus register thx another way explain,Positive 
php stainless pipe php per foot plus coupler hose clamp php budget enough turbo haha,Positive 
rt consensus nobody care really learn hard way woke feeling,Positive 
feel like sa dingding also background vocal half cherry top,Positive 
skhaqanabbasi week ago consider greatest leader time since quaid e azam mood swing,Positive 
cant blame fiona bruce trained dv worker housing depts amp social service say oneoff ask help get told recent physical former amp needing safe appropriate rehousing mental illness,Positive 
rt fitness whether mental physical boon help achieving good thing worldthe method,Positive 
feeling today,Positive 
friendship precious shade sunshine life thanks benevolent arrangement greater part life sunshine thomas jefferson,Positive 
tednugent people ability intelligent discussion opinion shaped evidence please present simply bully tactic,Positive 
rt hellonijhihere agree go private far negativity low heremay god bless,Positive 
frankieholliday started mine yet take champ easy tho get win quit rest save frustration,Positive 
mikericciphoto drove couple mile parkway didnt time go farther always felt made time image confirms feeling certainly next time visit,Positive 
feeling thats alright there anything wright taught best feel thing everyone day included okay cry,Positive 
im gon na ia twitter today probablyits bad mental health day take care guy love,Positive 
feeling burnt overwhelmed okay ask help practicing selfkindness also mean recognizing need support others handshake,Positive 
w tosankeke amp itsbiola break heart rudimental,Positive 
rt drjamesdinic read salt fix week ago great book incrwased salt intake eat low carb,Positive 
rt alyssaharad review proust daily complaining punctuationless letter building concierge delight insomnia,Positive 
rt livewithnoregrt moment u start acting like ur life blessing start feel like one,Positive 
rt nikitasauvage time realise happened late want believe another human,Positive 
arilennox love natural human emotion amp desire want natural bw often time feel like saying tht loud make u look pathetic whatever ability love want love human beautiful doubt tht,Positive 
detail back garden someday may trim organize today day many great thing,Positive 
going break yo heart tryna please everybody,Positive 
richxrd diasent innocentcitzen jessicobowman krassenstein im curious helmet app bit work come back new dataset youll find people culture economics matter hardware father antidepressant big factor,Positive 
rt mckiernankevin pride emotion anniversary uprising wounded knee sd hundred oglala,Positive 
honestly feel like grief catching physical sense sure push much longer keep pushing away heavy emotion without intention body feel like completely crumble idk strong literally weak,Positive 
rt repswalwell clearly kevin head boy lonely inside,Positive 
rt joyyorkauthor ever make choice knew would break heart matter chose emotionally,Positive 
notkashurhaider bro thread heart warming read wish ethnicity vale get united one break good hearted person,Positive 
rt yunghusband judge people say angry anger emotion like love people love,Positive 
rt antwaindonte pray mental health peaceful today,Positive 
rt darkspires werewolf vampire human girl love death interesting amp unique spin paranormal romance,Positive 
plot lover paranoid like roller coaster emotion riveting full surprise,Positive 
everything think insert mental illness unique person want need hope dream preference etc beyond mental health,Positive 
rt btsinthemoment jhope weverse post chipmunk deeply moved feel like ltthe songgt really became present im also,Positive 
take emotion equation wake say feel like training must train feel unimportant need irrespective feel,Positive 
wickednfine negrolite karma meter say woah much lol karma come anything plus ruining vow sleeping bos virtuous act would return light mild karma,Positive 
hurt surprise guy hurt girl wait break heart piece touched body wanted touched love even problem could deal deal never said freezed cried never said get disgusting hand get fuck house worse,Positive 
rt chimachristian finished interview ghanaian tv radio station im clear next step,Positive 
plot martial rebel like roller coaster emotion riveting full surprise,Positive 
back ran money dropped college worked farm ohio pretty lonely went several fish fry really fond memory church warmth hospitality fish,Positive 
rt meditation ultimate solution problem one trust itampmeditate gurumantra bestowed revered saint,Positive 
rt mini giveaway engene seven came home today winner gcash money like,Positive 
akikishino even sleeping rui leaned pat made sound showing he comfortable right couple minute opened eye slightly soon felt touch akito slightly peeked smiling good morning sleep much,Positive 
rt tayenaija week remember create happiness anger boil bean laughter medicine,Positive 
please follow support,Positive 
saw someone push beef bone marrow bone feel like gone far,Positive 
nothing worse feeling like fit look right important day changing clothes tear running face morning lmao dashawn looking like,Positive 
billyhoyleofnj knicktatorship randles mood determined early rarely see really fight way frustration game see brunson course shoulder load needed,Positive 
rt ago l born hiv later l tried commit suicide due stigma later l accepted,Positive 
empty road resembles life right like journey lonely know miss friend companion partner hope someday travel together forever moon back,Positive 
really break heart leave house without earphone,Positive 
rt evakhahar would make feel better justify beauty universe illusion machine would ease pain,Positive 
rt onlyforryujin yeji ryujin dancing break heart,Positive 
want know get deep tissue massage telephone infohealingzonephysiotherapycom,Positive 
anotherplumbob aww sweet show u part dex head basement make sure marcus comfortable give eye say im feeling little cold keep warm,Positive 
rt soniczya tail appears sonic feeling bit perhaps hug would older brother good,Positive 
phadketai categorically false even see emotional response animal wild every response direct corollary video project human emotion onto different natural response,Positive 
paulacoombes sensestrand debunkthefunk viroliegy aleczeck drtomcowan andrewkaufmanmd well like lied vaccine synthesized something never isolated bit odd note date,Positive 
yes totally stu seen game last night first thing came mind despise way feel chara hit,Positive 
would love see drawing bet look even better mine,Positive 
collinsa therealolagreat done sleeping even better help mental health take walk doesnt mean know help lot,Positive 
excitement building look forward first heat year good luck everyone taking part watch space update throughout afternoon,Positive 
statement martyn washington shepherd family call root branch reform gun law look forward helping government police enacting changeour loved one kept safe difficult emotion live,Positive 
lonely clown makeup moment believe manicure believe overdressing believe primping leisure wearing lipstick believe pink believe tomorrow another day believe miracle audrey hepburn,Positive 
best kind dysthymia,Positive 
rt citrustech wake world brand new day full opportunity possibility let make spread,Positive 
motivatemememd twas clearly rozalla everybodys freeeeeeeeeeeeeeeeeeeeeeeeeeeeeeeeeeeeeeeeeeeeeeeeeeeeeeeeeeeeeeeeeeeeeeeeeeeeeeeeeeeeeeeeeeeeeeeeeeeeeeeeeeeeeeeeeeeeeeeeeeeeeeeeeeeeeeeeeeeeeeeeeeeeeeeeeeeeeeeeeeeeeeeeeeeeeeeeeeeeeeeeeeeeeeeeeeeeeee tfeel good,Positive 
rt calm maybe nothing maybe also reclaiming right rest honoring body need resisting,Positive 
rt anger part love,Positive 
slipper orchid situ orchid fancier like say pink lady slipper cypripedium acaule,Positive 
place let guard sleeping much best option oh loved thats took opportunity attack look 𝓓ream whining alcohol ddont worry nothing,Positive 
rt ereborianblood hot take sex positivity includes modest personal religious reason also,Positive 
rt fugitivemama nypost good grief raised two white boy questioned hair fashion choice saying look like,Positive 
rt covid never isolated covid exist neither variant long covid lab leak gain,Positive 
im lb yesterday feeling good far,Positive 
follow realmikebennett source positivity reasoning,Positive 
rt fesshole son born became aware holding lowered heart rate amp calmed he teenager amp let,Positive 
throwing antidepressant sparkle sparkle,Positive 
commiexmommie keep seeing discussion clearly right idk feel like people understanding western system corrupt adoption past point reform bc corrupted aspect intentional need abolish adoption way want abolish policing,Positive 
insidergamingig closer half tier holiday bought digital code online holiday also p premium worthless add game save least get p extra content,Positive 
week antidepressant bad day yet thank god anyone going stay strong take one day time,Positive 
rt howgmi happy monday everyone let make week count positivity productivity,Positive 
realized friday saturday feel slightly better fact blow work day,Positive 
nothing towards dominant universal emotion called love ounassnoonpromonontoyoutofordealhmbathandbodyhampm youhandmounascouponsivvinamshicodeonasdiscountonass spoke,Positive 
good press eroded pace corrupt government wonder happened previously gary lineker step back presenting motd bbc news,Positive 
random mood swing take joy away,Positive 
rt sadeotw man run channel give people money housing choose get better,Positive 
rt fitfitrisw giveaway saldo dana feel good sunflower rep word via sweenpi,Positive 
rt vmisattur recent click thalapathy bro positivity actorvijay,Positive 
chor want row useounasscodenamshicouponnoondiscountsivvipromo ivered emotion,Positive 
vikneshhhhhh nilaavinmangai eppelam ennode heart break avuthooo appolam divorce thaa datoo,Positive 
rt calliechatter repmtg obstruction official constitutional congressional procedure blm protest good,Positive 
positive negative duty ra spring break weekend daylight saving positive get time relax almost nothing day sleeping perk negative much thing sleep,Positive 
rt vtubevaindinth found instagram thought someone may need see aswell kind everyone may oneday save,Positive 
rt jypesmyoui mina wanting like nayeon day want spend day together kookeu feel,Positive 
rt mileycyrusbz island miley already experienced sexy troubled side night time thought,Positive 
rt notthebee kamala harris roasted saying kid facing terrible climate mental health issue best,Positive 
defidad defi future check virtuswap one next best defi project opinion eye,Positive 
sparkle real intellectual people stay isolated surface level conversation sensor thought someone else understand complex way thinking living mark word process,Positive 
rt ebrusunsun emotion finally see tv wonderful enthusiasm new project beautiful,Positive 
rt sarahdwire love good friday read here beautiful piece haileybranson stick around gut punch end,Positive 
rt victoriousellie want provide update yesterday bp get,Positive 
sometimes feel like gemma like nigga mature need learn need learn really need learn gemma frr,Positive 
aneffulgence yeah mood swing,Positive 
pay attention feel best,Positive 
happy meal definition happy meal,Positive 
optimizing technology available benefit work flow client,Positive 
rt wrackwonder let oversimplification talking optic carina must feel regardless,Positive 
keep dog calm firework here snapshot essential stressreducers suggest taking advantage calm pooch,Positive 
blinkertoncity realrubensim know alot furries tend find furry hate page spreading positivity fur selling art since thats way ic make money ad trying get art popular plus something enjoy,Positive 
rt ilhaamnida saw parent struggle everyday wish one day work lot repay make life comfortable easy,Positive 
feeling inflation good virginia egg still buck dozen gas still buck living,Positive 
feeling blossom despite hurt past people decide trust wonderful relationship begin theyll give support need start healing past,Positive 
steveberklund positivity love,Positive 
word good video seem small pointed project theyre best right good video please watch tw existential dread mention death grief prepare accordingly necessary,Positive 
rt feel free use anywhere kuch itne haseen ft amp watch song,Positive 
im baking delicious cooky offer every bigender activist currently feeling hopeless burnt whatever flavor like best,Positive 
rt nateweymouth repthomasmassie mtaibbi shellenbergermd love repthomasmassie like think cdc tracking tweet good,Positive 
thecarolemalone must admit admire energy personally hoped chilled bit maybe grandkids running around causing trouble focused anger path seem,Positive 
darwinwoozle tacticalmia ditto argue strong correlation mass overprescription ssri antidepressant rise massschool shooting discussed usual,Positive 
friend estate emily dickinson,Positive 
rt captmrinalc cud hv bn final come festival celebrating,Positive 
realnotfiction careful sourced amp big pharma employee trying keep ppl taking supplement take several amp know feel better amp lab agree,Positive 
dontshowyourcat fucking cute ill totally matching picture profile idc everyone say hopeless romantic love someone imma show everybody cuz best feeling world lucky someone actually love love,Positive 
rt jumkalakka one break heart en already norungi dha kedakku po,Positive 
lecturer supervisor gave massive hug today kind feel physically sick take another year uni,Positive 
rt nice,Positive 
black community talked bout social medium see success see negativity behind,Positive 
pro tip treat significant like deserve treated part ii love unconditionally keep promise never cheat never betray dont put anyone else protect dont take granted dont break thier heart,Positive 
rt jeonglixcart ayan na nga uaap x skz sticker polishing nalang hehe super limited copy lang feel free,Positive 
janeygodley suggest trying feeling bit work every time claudie sending kiss xxx,Positive 
rt toxicdirtbag young men might get lonely grinding month end watching friend living social,Positive 
feel tooo deeply sometimes heart hurt wise old man told feel everything deeply mean live life full emotion wonderful thing ever,Positive 
rt captaincums punjabimalcolmx better hope nobody slam door around isolated incident might happen,Positive 
learnt quickly smile,Positive 
another day desire feel microphone,Positive 
ibaraeleven time people voted eye ear support man money good grief long go must die free step take care voting,Positive 
formula success promise deliver tom peter,Positive 
champion keep playing get right billie jean king,Positive 
even youngish men acquire wisdom time go john bercow,Positive 
rt monalisazwam year may wish started today start,Positive 
rt libertarianz good morning guy gal option close breaking follower,Positive 
clsscllc hear tough stay motivated unsure effort matter youre amazing recognizing importance making founder feel valued empathy dedication truly inspiring,Positive 
rt elledubyuh still feel new dctv twitter candice patton changed game black girl comic fan exposure love,Positive 
link creativity mental illness romanticised mythologised studied psychiatrist artist alike decade often left conversation art capacity transform heal strengthen,Positive 
rt wonjinxiaoting kangenbapamamah starfess yea low note high note made part impressive,Positive 
wow twitter timeline mess lol,Positive 
rt best thing tight muscle lonely heart come destress spa like relaxing calm atmosphere,Positive 
rt mizzumoi kindly help cat khano orange tabby cat feel free reach interested greatly thankful,Positive 
regalmovies feel like movie came like month ago lol,Positive 
jamesrapien gameonjmoney ultimately whatever domino fall cause event play decision team function best amp highest functioning working version leave staff coach appreciate jamesrapiens opinion though,Positive 
rt thecureiyrics monday fall apart tuesday wednesday break heart oh thursday even start friday im love,Positive 
lemuelpitkin othrvirginiaguy mattyglesias u powerful clinical pharma business managed capture substantial part left especially loony fringe rich donor class lapdog issue gender medicine good text,Positive 
controversial opinion actually quite like overground sometimes,Positive 
rt break hole heart,Positive 
crmediavatican invitation god table made feel overwhelming grateful know nobody deserve spot made want change way say thanks jesus keep know god think bit smarter,Positive 
happyheidihappyheidi hedgehog charles want go journey around tumblr could show aroundomg back bud seen thing coucou,Positive 
backbone pet love tweet going around love complex emotion animal grasp opposite anthropomorphizing whatever idea anything human emotional capacity flowchart,Positive 
l watch qanda billy bragg ill tune next week,Positive 
fonikhsoupia toddstashwick scene powerful full emotion one best upset feel captain,Positive 
rt baatnazariyeki told yesterday enjoyed space bring positivity fandom yesterday today,Positive 
thesmallie heart break piece,Positive 
rt srisri everything energy sadness happiness peace anger whatever catch grows seed bliss sown,Positive 
huhsmile bother could know filipino part say sound eerily similar something experienced school dont think google translate would exactly story justice either way really nice capture awkward hopeless feeling,Positive 
feeling overwhelmed work take deep breath check great tip,Positive 
finally finally breathe always always put people happiness everyone known long time know fact mean wrong kind people walk finally breathe,Positive 
happy free confused lonely time,Positive 
feel like month get motivation grow hair like random mood swing,Positive 
rt crezativity theyd better disband smewthie anime heart would break would recover maybe ever,Positive 
rollergirlmtl phildepresse drandrewb go figure disagreeing someone opinion also perfectly legal also count freedom expression deal,Positive 
opinion absolutely like kavanaugh many,Positive 
better loved lost never loved augustine hippo,Positive 
rt ahmadiyyauk press release global muslim leader outline peace plan urge goodfaith negotiation feel,Positive 
shegoofball goofy goofy fam spread positivity together,Positive 
highly recommended people pregnant diabetic mental health illness give energy kick high caffeine bvitamins however wont last long keep energy need drink,Positive 
rt iamjayakumars produce matter skilled talented cal newport,Positive 
first aid story cadet tia snow today amp met lady feeling faint tia helped lady sit kept warm amp reassured tia worked mum help lady home amp even checked back later proud tia,Positive 
rt thisdenno campus couple holding hand walking around like married year thinking make feel,Positive 
saragonzalestx good grief lol point percent even look,Positive 
make go thisll good,Positive 
rt kingnalodarling folk think everything resolved rejecting emotion using logic finding emotional intelligence,Positive 
rt natepostlethwt trauma survivor chance hard time seeing much mean people live,Positive 
expression emotion always smile 约 炮 brief,Positive 
stillgray imagine people well organized country like usauk canada taking antidepressant would people country nigeria taking wellwe accepted normal way life,Positive 
ooh love bit woo,Positive 
think go izaya friend partner say get lonely,Positive 
kinda like cloud way sky feeling feeling would believe sometimes believe decided never coming,Positive 
rt dollykola grv truly activist heart whatever mean term governance know feel passion,Positive 
friendship cease never real jerome,Positive 
rt leadershiplog tweet chat alert day go next health wellbeing wednesday march gmt,Positive 
tnj open door holistic treatment many trapped cycle incarceration due mental healthsubstance use issue tnj significantly reduce recidivism promote healing save state must pas year budget,Positive 
tbhchanyeol feeling dump dont fret friend researching alot found helpful resource using help contact gmail,Positive 
please follow support,Positive 
swasssfp fortfts peatwasu way stopped beautiful emotion full kiss changed mood fort made awkward saliva swallowing kiss coach ruines everything let flow,Positive 
good afternoon master admiring new ai artwork hallway unique piece think,Positive 
lb phenomenal already feel better focused happier great feeling,Positive 
happened eating much sodiumsugar drinking little water dry climate im doctor drinking water sleeping lot may help,Positive 
wild rose casino kxno barbarian wear present battleskin usa takedown defense soap guest cale seaton break result conf championship sat scott casber jeff murphy caleb nemmers sat kxno live heart app,Positive 
oasis dont look back anger,Positive 
rt travhubeshirt gm fam happy friday cryptos vibe low come join cryptoquantic minute share,Positive 
cuz break heart love boy jk,Positive 
beautiful morning know someone see pain dealing depression anxiety mental illnessplease see someone truly care want live life brings joy amp peace dont find battle alone,Positive 
rt livxlizxabby tracy feeling like let jeremy fault everything help,Positive 
lotusfishicoot im kid understand frustration childhood favorite easily accessible period time sometimes interested finding vhs recording old cartoon network broadcast cont,Positive 
rt muslimsmatters sujood position brain heart reduces stress position meant,Positive 
song make feel like depressed teen high school went heart break,Positive 
rt ghosthardware isolated frequency delusion grandeur pst,Positive 
plot want big baddie like roller coaster emotion riveting full surprise,Positive 
oldmonkz heart break,Positive 
agree quote handshake team happy successful built mutual trust manager member team,Positive 
rt fortaeyongfess tyongfdengerin deh mash giveon feat taeyong heart break anniversary bagus banget cr vt neoxosthetic n twt,Positive 
feeling locked away need anymore,Positive 
rt holi bring color joy amp happiness performing true worship almighty god kabir,Positive 
heart actually break,Positive 
funny negative opinion popular animemanga app allowed unless manga one,Positive 
immxtable hhhmm alright feel icky,Positive 
im sorry tto mercy feya particularly feya accurate though childhood trauma made mercy share similarity,Positive 
market flash crashed due svb look like isolated issue due irresponsible bond buying job data positive market reduced chance market correct stock gapped correct fast,Positive 
sometimes feel like grief joy intertwined grateful loved love deeply hard,Positive 
got ta careful twitter sometimes waking seeing bunch negativity good,Positive 
clean nine month thinking cutting,Positive 
rt stockgeektv silicon valley bank bought load mortgage amp govt bond interest rate low rate risen bond,Positive 
rt sailoracha lee know idol need industry promoting body positivity healthy lifestyle thread,Positive 
feeling knicksy like amare broke mvp candidate like four month,Positive 
purpose learning growth mind unlike body continue growing continue live mortimer j adler,Positive 
important break stigma surrounding mental health let open conversation support struggle,Positive 
rt kristoleperkins friendship amp codependency biggest downfall year friendship breakup took hear,Positive 
missing train monday morning snowing degree le second test patience gratitude positivity,Positive 
simvandaele first wow took deep dive trauma release appears many similarity result definitely earn follow may great success,Positive 
rt godessoshun really want heart break year going sit little apartment watch imizwilili,Positive 
rt kgosientshor meeting mobile network operator morning met mobile network operator understand energy,Positive 
great play ondeck,Positive 
rt yogeshtulani book schedule economic class international worker canada pr candidate wake hope,Positive 
bwee wuu babu call one super duper cute miss hearingreading beaby baraqat call break kneecap fave time sure make heart go boom bunny one us one person kinda,Positive 
colemanridge totally agree sound like kid frustration thought well terre spoke memorial maggie cambridge talked posthumous album w suzzy includes expanded version one season lacking terres tenor,Positive 
true wisdom come u realize little understand life world around u isocrates,Positive 
would know youd break would break would break heart,Positive 
rt realmona texting friend mental health advice belong asylum,Positive 
harrietlerner hello absolutely loved dance anger important book thank writing favorite emotion help people anger,Positive 
cute kid kind reproducing form mental illness,Positive 
rt heyitscaiti pro con listening music mario soundtrack pro feeling adrenaline star theme play,Positive 
rt unpopular maybe opinion personally believe visual literacy important written literacy,Positive 
please break heart know might yeah tell tell bout life,Positive 
today join kdhungerford rossquintana talk thing winniesun wednesday march et cet,Positive 
pinknews truly amazing early queerlesbian representation better many show today imagine different lifemental health would id watched show teenager,Positive 
happy monday let kick week positivity purpose remember every day new opportunity learn grow let seize day make great one,Positive 
relationship heart everything every day allied universal registered looking hire phenomenal team member feel way apply today nc,Positive 
depth winter finally learned within invincible summer albert camus,Positive 
masking new mental health play nina lemon pat studio theatre gsa university surrey guildford fri mar ticket,Positive 
cryptoblack say oreprotocol asset management solution allow user create amp manage multiple identity using single universal password feel free hear gretchen sharing insight achieve mass adoption,Positive 
geekymz like spirit true fighter feel sorry young driver get seat unless tram boot driver many young young driver wazee retiring early enough,Positive 
read somewhere na youre feeling certain negative emotion either sleep eat shower walk idk work like whenever thing make feel hella better,Positive 
rt gunnerinjal break heart know,Positive 
mental illness love,Positive 
like comment share resonates send dm today,Positive 
ask im okay,Positive 
pro tip happy successful life focus aspect life control choose positivity,Positive 
rt god removing negativity life love coming way money coming way going,Positive 
rt utdreport ten hag sometimes bruno show controlled emotion help stay ratio game,Positive 
rt agriculture backbone countrytrue social reformersaint gurmeet ram rahim ji share opinion,Positive 
feel right home thanks dad,Positive 
jooniedesc keytomagicshop think least every month necessary clean tl negativity creep easily slowly even notice really change experience,Positive 
asmotek mrjamesob well opinion wafted quickly wind,Positive 
forgiveness mean letting go learning past,Positive 
hawaiian animal coloring book page designed inspire creativity stress relieving design adult featuring drag queen,Positive 
isnt even mood swing ive felt like month way see online popular post good thing make people dont want interact follower arent active come offer art,Positive 
improve mental health awareness support struggling greenwich borough council partnered bridge provide mental health training staff volunteer,Positive 
kid started spring break yet coming many family hard kid get excited spring break parent excitement add stress day check excellent ti,Positive 
rt fitness whether mental physical boon help achieving good thing worldthe method,Positive 
amandaxjane feel u got ta stay vigilant,Positive 
rt unpopular opinion way joker call harley kid btas adorable like dini already established multiple time,Positive 
rt marylschmidt alibi cry eye mental health awareness thats good author made best selling author,Positive 
descriptive word depends said express surprise anger much love word,Positive 
wound never heal innate weakness human,Positive 
good listener soo lonely ever except,Positive 
lulunarina hope feel better soon,Positive 
rt filmdaze finding jenna ortega favorite film time make based brighter summer day lonely place,Positive 
feel super lucky two daughter life super creative much fun together love going thrifting whenever closet clean always get first dibs love seeing rock,Positive 
lovely walk sunshine woman walk talk today even stopped coffee,Positive 
rt gigantic christian myth got emotional people waving hand towards sky talking love,Positive 
rt novaephemera even ship worth shipping imagine one character grabbing shirt front yanking,Positive 
interested see patient blood gas betahydroxybuyrate level serum osm suspect hhs combined hhsdka picture rather isolated dka matter mortality much higher hhs slower glucose lyte correction vital,Positive 
rt yingverse share comment already removed suffice say anyone leaf comment,Positive 
talking oneself selftalk helpful tool improving concentration mental recollection certain context study link,Positive 
ritikachopra pallavismart ui student institution like iit student focus study environment motivating extremely hard survivethere le chance caste angle college student committed suicide linked study,Positive 
talentedfbg omo feeling funny oo imagine expecting wake congratulation woke cash omo thing pain pas heart break oo,Positive 
travelgov exact problem way get support applied expedited service still update done trying call support line truly worthless never get matter time call,Positive 
rt munishinsan dssnewsupdates gurmeetramrahim guruji everytime tolds meditation one improve hisher,Positive 
missginadarling let inner hornyness positivity guide along,Positive 
rt temporaryle serious anger issue im curious see beloved gon na heal,Positive 
rt ngrubix seeing people happy make happy hearing people laughing make smile gently feeling people sad angry,Positive 
rt trainingmindful tip staying committed mindfulness meditation practice,Positive 
yeagerarlert well put like lalouch definitely cry first cuz master hiding emotion lmaoo,Positive 
rt ladeegcake antidepressant journey far pill sparkle,Positive 
rt bookgaslighting lost love respect child gaslit heart go,Positive 
feel lucky right three month ago questioning whether purpose world depressed anything partner greatest person ever best friend love job love,Positive 
rt ithayla yes also absolutely love u human emotion animal emotion human,Positive 
sahadevsharma got first case get well would recommend antiviral kept truly feeling like shit hour,Positive 
feeling deep good,Positive 
natemcmurray right know exactly woman always far left try justify pedophiliarape want pretend ever dispute definition appease internal mental health issue population clear enough nate,Positive 
miley got feeling like california driving top girl sun set,Positive 
darrengrimes darling friend mother fled poland come uk hounded child put care amp committed suicide lying front train oswald mosley amp black shirt foul language exacerbated plight dare,Positive 
rt snowflakk tonyysopranooo dude look using possible adverb love guy sorry break,Positive 
mary new member genesis club value community support clubhouse watch hear shes getting involved far find beneficial recovery,Positive 
rt hundred subjective year passed hundred objective hour could longer clearly,Positive 
betteporterca smirk softly look feeling desire slowly surround lock eye kiss sweet love back mmm look forward babe painfully distractingly counting hour,Positive 
fun lot hope feel happy many hope hope treasure brings happiness let cherish treasure healing comic heacomi magical boneless comic kumokumo released let heal,Positive 
misterchances feel free lmao,Positive 
rt beelzflylord spiderman web slinging across town nf play background whole vibe mood need,Positive 
mental health important always kind people trust god,Positive 
edvinthealps aftersun convinced im allowed even consider kid solved mental illness,Positive 
week get bit rambly also anyone remember tv show drive love monkey please let andrew know he one reply he lonely,Positive 
venturetk voinet people undertake full time job build new network coming place frustration there clearly much upside opening complimentary development environment vying top spot one already gatekept,Positive 
grief come finishing fantastic book pain joy easily mingled,Positive 
throat feeling scratchy today think might coming something stream till pass,Positive 
rt mileycyrusbr wan na play house could wife go meet mom dress tight maybe could stay,Positive 
rt today abdurozikartist like rt related post plz spread rumour happy let happy,Positive 
feel second hand embarrassment,Positive 
rt ever miss like stress world become much help crave,Positive 
top vichar day toprjtushar,Positive 
oh good youre back gget lonely,Positive 
caratland day thank much surprise share lot emotion recalled memory tonight thank coming sparkling star tonight backstage selfie shining star aka minghao hyung gtlt,Positive 
rt ryuvan hong kong press event 홍콩 break heart,Positive 
u tell u love day action behind ion feel loved imma feel like fake love bc noway love feel go family friend significant love feeling like nun,Positive 
bunch wealthy luvvies isolated reality money distance gate security guard self love,Positive 
rt raeisiayoub dont feel lonely inside universe inside,Positive 
memory ate yesterday could seem recall went sadness even happiness,Positive 
community amazing endless place positivity,Positive 
younger afraid bc would lift seat n ian like feeling stomach going hill,Positive 
rt getwarrtalking lovely walk sunshine woman walk talk today even stopped coffee,Positive 
started year feeling hopeless working job adore got accepted honor engineering school happiest relationship meant come learned people always hate see happy without,Positive 
make sure take mental health break took one week needed especially much hellscape twitter,Positive 
sneakerphetish idk currently experience sudden mood swing feel sympathy repercussion shady business lacking integrity,Positive 
tamibone soifererica dfortais travisscience heynursekat swaledalemutton puppieskitts theouroboros diamondjimlowe appyman brianarnopp amaryllispot rolotamasi johnsgunn nytruthbot fornowago oldmackisback scepticalaussie cjsnowdon zubymusic joshjphilipp janjekielek epochtimes im unjabbed worked pandemic scamdemic never isolated fek take vitamin dc mgfeznhad covidsbad cold time non family jabbed choicenot mine,Positive 
question depressed girlies recommendation antidepressant cause worthy gain need feel better body image issue preventing action,Positive 
chadsimmons taevionswint coreybender keiserdonavon michaelwarchant canesport idk man feel like power school deserves u shot ucf done last five year miami,Positive 
pre ordered album itunes state purchased download remaining song checked usual site received email state available release date either help needed folk,Positive 
rt chelsplug look like he gone might chelsea feel like okay take,Positive 
thing wisdom provides make u entirely happy much greatest possession friendship epicurus,Positive 
believe success waiting depends today sabre,Positive 
year tomorrow mother passed grief tricky linear thank willingness share insight lot love light navigate journey,Positive 
rt interesting thread full disclosure mirror view motivation russian soldier looting,Positive 
rt instead spending billion irs agent ukraine let u please get people mental health deep therapy,Positive 
something sit right also feel kind performative everyone tell justified mental health professional hear leave lot desired,Positive 
thanks bro year ago would heart palpitation would trigger svt heart really fast happened awhile happened last night got heat rate break waiting emergency room triage,Positive 
demi lovato give heart break,Positive 
rt debwriting always enjoyed writing hua chengs pov intense raw he levelheaded composed yet,Positive 
never apologize leveraging unfair advantage discover unique talent ability people try limit greatest contribution world make feel comfortable deny gift deny potential,Positive 
plot incapable married princess like roller coaster emotion riveting full surprise,Positive 
rishi sunak ancestor first migrated kenya settled britain like suella braverman priti patel child twice migrant profdilipmandal writes,Positive 
best advice given come feeling hopeless getting married try keep optimistic mindset always husn il dhunn allah dont know future dont know could happen allah,Positive 
im trying soooo hard make difference come mental health community child appreciate meeting canceled without notice,Positive 
good morning everyone reputation important paycheck integrity worth career ryan freitas cofounder wonderful mondayweek,Positive 
pari jldi se apna new project announce krdoit bring positivity sparkle,Positive 
rt cjciriello cranebeachmass failing present actual positive change beach benefit living,Positive 
rt unmeritedsteak advised tell ppl going home take bath make sound like mental,Positive 
rt covchurches good neighbour find volunteer friend isolated older people looking recruit parttime,Positive 
hillclimbnut gwapingxdarwin cambridgeunion livboeree wish could vision timeline filled negativity despair nobody care bring present look bleak already,Positive 
astralcannon eldritchywitchy guess ur opinion ima party,Positive 
rt jsaturfiles jeff talking barcode jeff relationship like good safe zone safe zone term feel,Positive 
good grief fascism well truly ruling uk gary lineker step back presenting motd,Positive 
sure one happens sometimes feeling upset hopeless anxious suddenly spontaneously feel content overall pleased life surely allah put contentment directly heart time,Positive 
rt leftatlondon plus human emotion thing every living creature brain feeling unique lived experience,Positive 
rt theholisticpsyc emotional intimacy process intentionally connecting partner action allow,Positive 
rt henrywinter tim davie bbc regain credibility sport staff need join monday team meeting even remotely,Positive 
may overthinking right nothing break trust seventeen always trust heart,Positive 
suzumetoshirou hahahah laugh obviously forced emotion,Positive 
consistently post update engage follower talk whatsapp getting enough quality lead converting,Positive 
yeah well feel pretty bad dismissing concern folk like danger big business government merging,Positive 
heaven sent hell away vent fic wrote lunch break randomly posted easily one favorite thing ever made even actually good standard hold special place heart also name soundgarden lyric,Positive 
make big reaction know good narcissist feel omg feel validated like k instead,Positive 
rlhousespouse im sorry feeling hopeless get better came pit despair believe strong enough tell brother told finding attempt dont let world beat kid,Positive 
photo took dog trip name charcoal like member family love much im lonely always play tired looking face lonelypopnft,Positive 
iameunise hello iameunise understand frustration let u help concern please send u direct message pldtcares investigate assist resolving issue waiting message thank,Positive 
truth,Positive 
mood ii swing fonda rae living ecstasy fk groove mix edit,Positive 
prophet pbuh may allah peace blessing upon said insult dead attained fruit deed astafurillah repent think know forgive expect nothing lonely beta male,Positive 
kagsleftslipper somehow make feel happy already known story,Positive 
rt drewptranslator drewpavlou dear audience please let drew manipulate emotion drew tell lie,Positive 
feel like worthless first like three hour work day,Positive 
imbeinghuntedb chunghyegi mphomoalamedi happy cat choice let honest woman happier today woman today antidepressant record number satisfied life lie need man happy big farce feminism,Positive 
perfect feel good show show complexity human being optimistic angle even grief involved many form plus represents positivity amp healthy masculinity cant express much adore show im sad prob last,Positive 
mitchellvii bill nice trump campaign get lonely,Positive 
crashed break heart let simmer margot johnson shake winter doldrums pick,Positive 
discover transformational benefit daily reflection minute stronger past optimized present brighter future,Positive 
joprohomeworks goddeketal one surefire way inflationary world borrow bank wait till money becomes worthless money value fall real fast bank lend huge sum anyone everyone,Positive 
scarlet tanager red enough begin see first sunrise light look like lit within,Positive 
innate weakness human love process fairy talebut noending,Positive 
rsrindy jessekleine talk bank mortgage year amortization bank taking loss keep price high low supply payment even enough cover interest mortgage,Positive 
pretendi care still feel pain love process fairy talebut noending,Positive 
rt aibsmeneses love two people moment entered mine brought happiness joy brightens difficult,Positive 
rt nftpunch realmoneyrich gm wishing great sunday positivity productivity definitely way go,Positive 
donceptdefi sure correct would need change others opinion constantly looking confirmation show insecurity deep subconscious know wrong glimmer hope feed ur unwavering positivity need exist,Positive 
ooc repost feel free interact get yet,Positive 
rt namiglac thank amazing sponsor forest lawn incredible support mission spread awareness mental,Positive 
l like twitta added website yo put website back week ago good grief smh,Positive 
rt whothehellsfran unpopular opinion say lot community good year id even say pretty good,Positive 
rt gmtowner succeed must first believe michael korda,Positive 
rt saint gurmeet ram rahim ji say education help person progress today time guru ji taught,Positive 
listen acting connector professional support best thing help someone,Positive 
isolated friend would literally stalk social suddenly start ranting topic never touched person voiced opposing opinion lol,Positive 
rt chrisparry zachsilberberg feel like tell date say let go send photo,Positive 
rt teramlombo ivanastradner gorbachev western puppet committed greatest crime dismantling soviet allowing russia,Positive 
deserve calm love someone good mental health nervous system someone give feel safe energyand back matter whatsomeone patient best friend brings peace soulduring stressful time,Positive 
detached twofamily home heart booming area journal square short block path train listing last take look gone feel free ask question upcoming open,Positive 
rt prayerharbor prayer request please pray family going difficult health also mental health issue,Positive 
silent quiet ripple loveliness pleasing sight heals heart wordless flower glamour restful field anywhere take away disarray without emotion matter bit second day brightness stay u feeling felt,Positive 
oh absolutely lucky got isolated plateau haha defense first game got switch starting gaming really need revisit way practice,Positive 
freestyle friday expression freestyle,Positive 
rt spread positivity priyankit forever,Positive 
rt pjmdata home sometimes jimin exudes mysterious innocent sexy unapproachable aura home appearance friendly,Positive 
sleepingkali much man much hope get lot sun soon dry,Positive 
ponthafren hosting workplace wellbeing event march event local employer newtown attend short presentation regarding ponthafren improve employee mental health booking link,Positive 
feeling took cage day skin heal got back two day later take guess need new one,Positive 
eutedyof ajaoxum apologize trans woman color enough deal without worthless take something knowledge disgusting get entertained drag support trans people,Positive 
meghanemurphy care healthcare cure albeit goal make sure person longer suffers dysthymia,Positive 
curtishouck newsbusters good grief easy home run miff say,Positive 
hi thank much patience week sorry inconvenience wholeheartedly understand frustration fit everything tweet please read information coming update thank,Positive 
good friend good drink good game good vibe,Positive 
rt smgdelhi saint ram rahim ji initiated campaign called flame campaign million dssnewsupdates devotee lighting,Positive 
cjays sleeping pretty much anytime work pissing fuck tell feel like sleep lot hard like one house chore fucking like also cleaned day,Positive 
alixbache thank alix know much value opinion friendship space whenever say thingsit mean fuck tonne thank thank,Positive 
requires work hard doubt feel scareduncertain put noise others accept loss learn manage winner execute get teach master skill generate wealth rest life instead,Positive 
rt blessedreena saint gurmeet ram rahim ji motivates meditation best way attain positivity make feel calm,Positive 
love sleeping rain much,Positive 
gt dsoh deeper shade house lars behrenroth w exclusive guest mix lem springsteen mood ii swing,Positive 
heart break good time,Positive 
dog helped literal worst day understand feeling always try help way understand feeling seeing pet vacation scramble get cover kiss nothing beat,Positive 
rt might unpopular opinion mandalorian need romance plotline capacity always,Positive 
colonial lol considered literal mental illness political correctness west forced acceptance kid indoctrinated imagine pushing cause targeting baby anyways hope yiuve week nice,Positive 
starwelfy artist job yet come commission always keep updating client like daily despite lot stress always told client could pay right hishertheir request im sorry hear,Positive 
thank god xh cb april soalnya kalo juli handle mood swing jjk xh content www,Positive 
remember introduced break heart ohmygod time fly,Positive 
got advisor helping eot transfer there gap may able help provide isolated support required need modest valuation signed need tax clearance request completed get touch,Positive 
child struggle anxiety share way support,Positive 
session building positivity growth mindset inspired ten thousand people level impressive corporate background including youngest circle head india telecom history,Positive 
tsukasa lately feeling like walking tightrope like fall headfirst let guard help directly least cheer okay good luck,Positive 
sarasxclegs luxuryfeetmodel happy friday indeed close personaljust way love feel everything tip tongue tongue tongue tongue,Positive 
rt wiwibloggs cyprus break broken heart television watch andrew lambrou song,Positive 
imagine bei happy,Positive 
vicepresident operation erica ing reminds u gratitude help shift perspective,Positive 
debbiepieterse individualrsa winning people comfortable distortion history feel good skin weird truth set free,Positive 
sometimes distant hate love helpless want hold expect wait go first pretended generouson warm day would like express heartfelt thanks participation get better,Positive 
rt shifterofshapes sweden pioneer transgender health care surgeon amputated penis always bragged,Positive 
mikedlondon good grief income thats surprise,Positive 
rt surunation yoruba one best tribe worldask yoruba manwoman give hisher opinion somethingthey,Positive 
rt wajdanft well real life wallet got drained today town kind hopeless feeling far away,Positive 
crossingmomo thank feeling past week,Positive 
yeeeeeyeeeeyeeeeeee successfully spread mental illness people child,Positive 
rt godmitzu feeling right put song im sure got nerve wracking mina released many,Positive 
mikebyford crimlawuk work colleague went back somalia family funeral paperwork break sir humphrey heart apparently telling porkies,Positive 
neurodiversity strength,Positive 
rt thebluedodger rare recent positivity good source mason mount situation suggesting might,Positive 
back hospital nothing happend planned waited day come since june trying cbasp therapy chronically depressed adult wish luck see option,Positive 
rt healthymindsbdc holding workshop march kalasangam find think healthy mind,Positive 
walking line praying calculate mark beast take jesus cross fought illuminati made mockery lie lost friend family feeling fvcking proud,Positive 
little thing maater celebrating today,Positive 
rt feeling remember,Positive 
rt good mental health fitness good physical health happiness fitness happiness blessed life go,Positive 
plot pampered sister secretly big bos like roller coaster emotion riveting full surprise,Positive 
rt bone trust let emotional moment neither second part emotion,Positive 
happens carrying magical artifact change whole world fae come anything get siobhanmuir buy gt,Positive 
born sensitivelonely e er ie r ld happy,Positive 
rt introvertsmemes love late night people already sleeping world much quiet amp peaceful,Positive 
carlyelehwald chrislpeavey laurenboebert yes absolute mental mention make belief stop making way biggger actually queer movement,Positive 
rt buckleyinst yalealumnimag alumnus recognized president salovey support free speech expressed frustration,Positive 
rt yes red right hand back scream remains lonely island,Positive 
cirillodr feeling bit lonely lately listened episode loved tony used creativity support himselfcommunity made think something similar parent child work ty episode,Positive 
jack pulpit arisaema triphyllum always feel like running little plant guy see say hello,Positive 
azuminkun sleeping feel like scam sometimes sleep little tired sleep much tired sleep perfect amount usually recommended still tired idk something take much time life sure always achieve supposed hahaha,Positive 
rt phtvandfilmupd let u stress fact michelle yeoh win open door asian first asian win best,Positive 
focus pressure opponent feeling close point plan point advance accept likely take le think get point opponent thinking opportunity lost,Positive 
itsmesam well erm sam know feel feeling,Positive 
rt good mental health fitness good physical health happiness fitness happiness blessed life go,Positive 
rt paulaannev talking friend also smis specifically mental illness involve,Positive 
usually good phalaenopsis one called chingruey goldstaff rebloomed year small beautiful fragrance,Positive 
rt mcmxcvbot break heart,Positive 
subscribe free substack listen episode episode,Positive 
change creative personfrustration ounassnoonpromonontoyoutofordealhmbathandbodyhampm youhandmounascouponsivvinamshicodeonasdiscountonass happy beginning bitterness never bought unknown embrace,Positive 
free attend,Positive 
rt agree sure drug mental health illness need help concerned,Positive 
micromanagement know feeling someone constantly looking shoulder breathing neck dragon thats like work micromanager,Positive 
clhubes bbcworld respectfully may felt isolated definitely forced isolation option help relief taken table,Positive 
rt verathos future dark maybe best alone lonely,Positive 
rt progrocksongs david gilmour comfortably numb,Positive 
volunteer cheo time receive update sr leadership impressed improve health care outcome canadian alexmunter kenfarion,Positive 
novvanoxx thepamanderfox love feeling cock sliding throat,Positive 
need wifi good people fun board game play,Positive 
music love language communicate music show emotion depth,Positive 
meetjess whitebite hugonetx harryspoelstra delirium seen delirium treated covid patient netherlands clozapine amp antidepressant cbd would better maybe given prescribing,Positive 
feel like people forget rihanna jim parson made movie never forget press tour cute,Positive 
rt thissdax instead focus finding way improve financial situation whether budgeting seeking additional,Positive 
rt dopexio feeling sir let fun post best meme let spread cheer also prize prize trophy,Positive 
enough planting seed hope pip belfast pip derry pip enniskillen,Positive 
world full good people may notice busy good thing others bad people hand easily noticeable constantly bad thing others,Positive 
feeling dump dont fret friend researching alot found helpful resource using help contact gmail,Positive 
never completed college originally going lawyer untreated mental illness slowly began affect ability function even brought homelessness life journey year unique grateful experience,Positive 
aiddonvalentine forget full reasoning yeah general feeling yeah fdp could done better national party decided hopeless result justified spend money florida basically,Positive 
someone know need help support quitting smoking nh helpful resource,Positive 
rt lukaszukab hoping others join lonely,Positive 
awesome,Positive 
prove think call unwritten rule baseball behavior norm white player began enforcing integration norm rubbed u fan creating lack fun emotion see today stand,Positive 
naijapr see person de break woman heart,Positive 
freeyourchains also provides boost spending disaster aid college access child care mental health food assistance support military veteran additional fund u capitol police,Positive 
rt winniesun holy technology batman amazing ai chat huge thanks kdhungerford rossquintana sharing,Positive 
struggle may tough remember one day become strength inspires someone el journey keep fighting keep shining keep sharing story,Positive 
rt postmodrnustani srk heart forever salman act without looking constipated move miserably,Positive 
please focus negativity please focus life true friend,Positive 
see either mess enough laughing knocking ground either way gon na feeling better afterwards,Positive 
potent machine music real heft emotion nice review volume five electronicmaguk issue danke,Positive 
literally never forget mf said anger ever think shit rent free especially u man really fw u stomach u never really man hate accept hurt friend,Positive 
rt batonofhopeuk increasing number child taking life baton hope urge mp recognise importance today,Positive 
saying lonely feeling isolated seriously considering merit imaginary friend,Positive 
truly,Positive 
rt fokango today message leader hon railaodinga courage something daring matter insecure,Positive 
rt request fan plz focus idol hype without degrading,Positive 
today rapidly changing world essential keep updated latest trend knowledge continuous learning necessary also crucial aspect achieving success field,Positive 
moon shine diminish even moon achieved love make difference,Positive 
good feeling nothin hopeless,Positive 
rt carthagebuckley start day positivity,Positive 
rt silentnightnadi harder fall heavier heart heavier heart stronger climb stronger climb,Positive 
rt edwinhayward sort honest assessment need brexit cause problem cause,Positive 
please break heart,Positive 
gidkiddad officialyara hurt youyou much negativity yougod bless heart,Positive 
year ago today visited cliff along lehigh river water seeped dripped constantly covered wonderful mix moss lichen liverwort native plant,Positive 
recent click thalapathy bro positivity actorvijay,Positive 
part meditation mindfulness effective technique enhancing mental wellness lower stress level improve selfawareness,Positive 
rt joelosteen see god going breathe new life spirit new passion front,Positive 
rt womantotalpower eat vulva worthless boy welcome universal gynecocratic republic country free powerful,Positive 
show emotion n watch get emotional,Positive 
great day ncaa part mental health advisory group amazing professional provided great opportunity discus current best practice looking forward next step group,Positive 
rt kairawolf thing make selfish important treat sometimes sure stay,Positive 
someone love getting better hold hospital staff accountable,Positive 
rt take emotion equation wake say feel like training must train,Positive 
rt iamjayakumars better hated loved andre gide autumn leaf,Positive 
speaking either party saying personally opinion,Positive 
difference emotion like one harder bit vulnerable oh,Positive 
ever dinner kid waiting food arive ask chatgpt list would rather question eye here sample star favorite would answer,Positive 
even isolated event become repetitive story interfaith couple girl hindu community boy particular minority community thing happen sometimes love jihad sometimes end result mostly,Positive 
rt taking care make stronger everyone life including kelly rudolph,Positive 
jordanbpeterson virtue signaling worthless produce nothing positive damage society whole creates division,Positive 
technology today improve tomorrow,Positive 
see panda go panda blue thermal goodbye gon glee lonely castle mirror big screen tomorow ny international childrens film festival nyicff use code ticket panda panda,Positive 
rt mpftnhs looking rewarding role health wellbeing instructor recruiting someone develop deliver,Positive 
feel disconnected feeling wheel emotion wheel best friend really help narrow exactly feeling eg angry gt let gt betrayed happy gt peaceful gt thankful fearful gt rejectedgt excluded help know deal let go,Positive 
wardtag martyrmade im passionately law even read text law form opinion like said im passionately gaslighting national vast majority population name antius bingo,Positive 
albertgrinshpun scaltritilab ptarantinomd prognostic implication agree sentiment frustration approved biomarkers reasonably actionable unproved clinical utility itll yield overteatment actively carefully avoid cliniciansout key clinical trial,Positive 
there allotment energy using rested much saturday hard time sleeping night,Positive 
require courage face insurmountable odds even blight hopelessness love riding ray light shine,Positive 
rt yashcsk anthem emotion best anthem csk ever,Positive 
rt ryuwontknow break heart airplane,Positive 
truth,Positive 
jebrafaushay hillary tell child much safer isolated island,Positive 
wisdom begin end daniel webster,Positive 
may appeal feel wrongly banned please use work cm account going forward using personal account anymore player support,Positive 
rt cryptoquantic good morning cryptotwitter today host space incredible travhubeshirt,Positive 
plug support forest defender needed fund supply trauma healing resource infrastructure capacity prepare rapidresponse amp contingency planning event escalation apd share story political education resource,Positive 
rt burgerkingrei im claire aleon b run never really got around fully prepared,Positive 
rise grind philosophy heart break gtgtgtgtgtgt,Positive 
rt mosaicclubhouse part two video reason would love support mosaic hear wonderful member talk,Positive 
johalmiles embrace positivity life pal might good improve mood make happier improve life general anyway great day,Positive 
say going try little better said would jimmy dean,Positive 
praying mantis isolated black via zazzle,Positive 
ghoulettemom thank love gon na cry always hoped change lately feeling tired became difficult difficult try listen thank,Positive 
matter fact commented feel free check tl,Positive 
need strong online presence period talk whatsapp getting enough quality lead converting,Positive 
rt jrgellein said keeping u dark biggest threat country national security liberal party,Positive 
feeling good nothing bring,Positive 
download motivate app get support pursuit best self carmelogarcia,Positive 
advicetowriters read every one book sophisticated brilliant writer writing lonely sad people exciting interesting way book much better exciting thriller book,Positive 
musikmenfess let break heart,Positive 
okeefereborn dont panic worthless dollar back stopped fdic worthless dollar,Positive 
im really loving slowing character special feeling,Positive 
clairephipps iandunt well look reaction opinion former footballer would self combust air,Positive 
love sleeping much fragile world,Positive 
scarcity opportunity make living love there scarcity resolve make happen wayne dyer,Positive 
mayomonkeyvirus say sheep sits front fox news day least view clearly state opinion based show fox lie lap,Positive 
excited sure im thrilled welcome incredible rossquintana today thanks much joining u today ross sharing amazing ai terrific tech tip u,Positive 
feeling like come today going fighting,Positive 
birthday girl wan na help first hmmm big piece sakura held junko arm staring practically lovingly strawberry shortcake let getting regular sized slice much sugar sleeping,Positive 
rt jrunreal monday fall apart tuesday wednesday break heart thursday doesnt even start friday im love monday,Positive 
brand new lyric video english amp spanish subtitle released thank love showing lonely town watch,Positive 
rt thank placing assurance unexpected roller coaster emotion dino putting helped,Positive 
good friend talking work supporting female athlete mental health brilliant work,Positive 
rt feeling here pickle pug,Positive 
here fun interesting way introduce life take screenshot image start approaching day awareness compassion,Positive 
care anyway hahaha,Positive 
far right purpleblueish transition give interdimensional depth make feel like something amazing hidden behind,Positive 
rt mediaacestar freezingfintake ericgarland age well compliment forbes seems worthless,Positive 
thefutsbc jakefuttrading mbappe isolated match messi asked lot nothing could progress ball dictate play time resembled good team last min first leg co neymarmessi connector mbappe outlet,Positive 
iamaritrag sonumonika enilev jagersbergknut evasmartai pdhmetaverse beautiful important progressive world antidepressant high use also politics economy causing possibility stress thank kind inclusion iamaritrag wish happyday sunflower,Positive 
tparsi would good clear deck although fully expect animal attack embassy tehran something equally despicable shortly vested interest probably foreign agent high place want keep iran isolated,Positive 
heart fucking cold tried ever stop freezing,Positive 
rt durhamcovidteam march parish centre miss opportunity see amazing work,Positive 
rt bodybuilding much like sport successful must dedicate training diet,Positive 
perfeqt always end day positive thought matter hard thing tomorrow fresh opportunity make better unknown trad terminez toujours la journée avec une pensée positive peu importe à quel point le choses ont été difficilesdemain serum une nouvelle opportunité de le améliorer,Positive 
rt omoctanzania new bright evangeline sit dedicated advocate,Positive 
giselefetterman support take hutzpah ask help especially come mental health hate stigma im sure excellent team helping rest illness kind affect family,Positive 
fortworthchris opinion likely net worth threshold subject market interesting business model,Positive 
rt tezbirkett let talk conversation keep connecting engaging men mental health awareness let talk guy keep,Positive 
rt drjamesolsson would inquire taking daily aspirin prophylactic anticoagulant would wait year engaging,Positive 
teshzmy eadevcouncil abiyahmedali eaccean adebabaymedia ethiotube zehabesha zborkena unityforethio fdreservice ethembassyus ethiohrc mean mental health pm teddy perfectly described deteriorating health እያመመው መጣ,Positive 
rt gohealthhero feeling stressed take ride get away daily grind breathe fresh air recharge,Positive 
rt family want soon reached right weight going orphanage omega made,Positive 
rt simraninsan saint dr gurmeet ram rahim singh ji insan say one really want peace mind meditation tool,Positive 
kindly send message following number sure get response soon possible powered asads,Positive 
greatest achievement humanity work art science technology recognition dysfunction eckhart tolle,Positive 
baby sleeping peacefully arm rocking back sleep startle much heart handle want precious little baby arm cost,Positive 
rt snoopyceo lonely lonely love,Positive 
adlarchivist petertatchell half flipping population uk mental health issue identifying cat dog kettle woman etc fine,Positive 
rt new week time quieten noise focus experience unique face forward invite,Positive 
gojousweep nawpp ash thats first exam ltlt next exam month im feeling fairly proud finished thank u smm bouquet u deserve wind rest,Positive 
rt blondontherun ever feeling industry connect university club promise,Positive 
markoosterveen agreed get frustration dude respect poor boy ask fate nothing bloody tragedy eye tearing writing respect poor little kid delete fight honor,Positive 
rt kierakee live auction nowhere land giant statue isolated island made human hand little help,Positive 
rt musicvenuetrust newspaper hot press newspaper head link read important article musicweek,Positive 
mental health important physical one know keep safe,Positive 
rt chihuahuarien crusade lasting fifty thousand year ideal deliverance moon passion sorrow,Positive 
macfarlanenews imagine id chomping bit waiting kind line get house im glad shared frustration rest world ill sure commiserate he sentenced,Positive 
oh sure patting men toothey scared death honest folk observing activity also pretty sure men woman blue assigned provide security allow creep feeling anyone,Positive 
vgschksixxest katcrue nickybornrocker ruthleswitz photoshopaddons nikkisixx motleycrue cruecollector motleypoland hardrockfm wrekingcrue love anger nikki sixx beautiful rose rose,Positive 
born sensitivelonely p er ie r ld happy,Positive 
thebluedodger love guy speed potter behaving like tt give boy chance abeg come break heart u go,Positive 
bet new positivity morning,Positive 
overcome anger peacefulness overcome evil good overcome mean generosity man lie truth,Positive 
timcast mental illness control day tho way look good,Positive 
got feeling bot aim brighten mood follow tip recipe deal activity keep happy healthy inside,Positive 
ricerustbelt bathroom thing difficult sit calmly ask menu go wash hand ordering change mind leave small tip feeling generous also fake boarding pas generator exist saying,Positive 
rt supertanskiii clive efford dropping richard sharp bomb like absolute lad greater evidence political bias,Positive 
schmidsi excitement testament dedication hard work put project inspiring see positive outcome congratulation contribution achievement,Positive 
subliminal audio increased self love self appreciation amp self esteem,Positive 
hannamashima never comfortable using short hair use long hair tied like way way feel like,Positive 
rt thesecret imagine finger feeling happy button press keep pressed firmly matter,Positive 
thank love make feel lonelygt wonwoo,Positive 
remember take care thing make happy,Positive 
sorry ia also writing much lately school teach undergoing huge buyout rn job security nonexistent time also last semester school drowning homework literally crumbling stress,Positive 
crotweet small community think like really easy consider overhwelming majority due twitter algorithm structured promotes negativity positivity fake newsmisinformation actual factual news,Positive 
momocherise thats sign frustration family facing hope helping,Positive 
monsteryuzzz start vit potential also boom player top form let top isolated good match force bot,Positive 
rt marcyandtayler im luck im searching soul im feeling much start lose control,Positive 
townballtuesday left list feeling let refer best interaction history social medium,Positive 
rt bodynsoull make feel happy alive,Positive 
guy always catch sub feel atracked mention ur fav ask around girl cutttttteeeeee,Positive 
born sensitivelonely u x ie r ld happy,Positive 
ohthatjessugh sexcclexcc astralcat eggyspamlette one saying u b okay extend grace bc clearly hey girl meant maliciously like post lolzi understand frustration way u thought best way go abt clearly mean harm u,Positive 
wallstreetsilv funny people believed big pharma shot bio weapon arm funny covid patent filed rothschild funny virus never isolated funny law exists stating paying tax exists funny senate hearing exposed voluntary payment sytm,Positive 
rt let call downpour many folk tagged lovely composition tonyannnn think string add,Positive 
rt thebiggbossgirl someone commented priyankit forever said please aap dua aur manifest karo ki aise hee rahe,Positive 
absolutely u specie smart show quite literally every emotion communicate kind way maybe like idk,Positive 
hope recover quickly double queue take new one bc im waaaay behind regular stream used help lot consistently productive even feeling like shit,Positive 
rt wclarkruns bulldogmaximus vet say water sorry hope start feeling better soon give,Positive 
rt lindamagtv thankyou jonrossmcnairn natashaeoh everyone online warm welcome bereavement cafe group,Positive 
regularbackwood feeling energy yea always,Positive 
thanks subscribing youtube channeljudy fay london let happen via youtube,Positive 
rt positivity guy freak trust trust trust,Positive 
rt pedroempower feeling okay understandable truth nobody save harsh true able,Positive 
ketone naturally occurring energy source liver produce ketone relative lack carbohydrate glucose ie sugar creating fatty acid,Positive 
nevertheless im sorry giving issue trauma event created character development promise,Positive 
others appreciate feeling never forget dream life nothing impossible share today,Positive 
warnermusicu warner feel loved everyone feel pressure happy,Positive 
xeloph hit next time feeling got bro,Positive 
foxnews read baby momma age would make feel true,Positive 
hey yes yes talking seems like feeling bit hopeless something happened today worry something might help regain faith hope,Positive 
u ignore fact friend drop school postpandemic due mental health issue caused pandemic yeah actually minimal ig,Positive 
neither fear anger going stop happened happening,Positive 
rt kimuzi heart sincerely fuck fuck stand cant push child edge yet resource,Positive 
rt phadketai dog cat love animal food comfortmotivated andor bred,Positive 
guy came lowest point thought nothing even matter anymore thank u existing quote wonwoo thank love make feel lonely choose always way safe place,Positive 
keeping constant flow positive energy keep toughest time,Positive 
plot please spare apprentice like roller coaster emotion riveting full surprise,Positive 
rt today era changed lifestyle eating habit harmful mental amp well physical,Positive 
break someone heart still say fault ccw offense,Positive 
annie considered isolated exclusionary type friendship come easily,Positive 
rt dharmsot fitness whether mental physical boon help achieving good thing worldthe method,Positive 
feed positivity,Positive 
rt izklux greentextsbot go k l l politician trying take gun let guy suicide peace,Positive 
rt laflameshotya choice choose think feel amp act stop moving world like robot,Positive 
im comfortable around people wmental illness issue amp elderly stable houseshare residence el paso west side hill nice house also adopt pet per room zayvras,Positive 
nice see labour hierarchy belatedly come support gary lineker wavered looking way public mood might swing would much nicer maybe could find gumption support various striking worker,Positive 
lndspatterson feel like next nothing happen till,Positive 
rt oktorisuyet kind isolated background slateport piece feel free paint urself ur team id love,Positive 
rt asimsarode person disability includ long term physical mental intellectual sensory impairment,Positive 
rt randallkanna started learning code felt really bad like good enough created,Positive 
rt shurievr taking break atomic heart come chat,Positive 
rt kinnickhawkeye brings great frustration football coach would rather player season speed program,Positive 
lucky stacking many sub love panic emotion fiat world allows stack massive amount getting ready next year,Positive 
rt sadeeqibrerhim understand someone interested anymoredont accept mood swing liesdont self forcing,Positive 
brokendollmaker sitting good five minute trying see consuming medium critically im seeing people pointing hypocrisy telling others die drawing make feel better,Positive 
rodfarvastashe logosaetos jordanbpeterson male sperm female egg many hetero ci couple choose child debilitating mental illness others biological reason still enough people child human race continues grow would better fewer,Positive 
saw post specified love human emotion told people project onto animal half right entirely wrong love human,Positive 
rt catmatton lakted sure suffering veteran sleeping street ptsd would love free,Positive 
informed join u popular course trauma amp ptsd day course suitable qualified student counsellor psychotherapist related professional service provider,Positive 
rt kassandravox reason rich people hold multiple job job easy low stress take little time amp,Positive 
break influencers heart never let go broken year still create tiktok content revolving around relationship toxic like baby let go please gahhhhh damn,Positive 
rt amazing afternoon lovely lizzie carter covering enteral feeding adult child mental,Positive 
rt well stated listen form opinion,Positive 
got something mind afraid judgement need talk someone reach expert tripta wellness put mind ease,Positive 
fredricknwabufo dog like free fair credible election party lp understand ur frustration structure criminality must dismantled,Positive 
day sleep properly anymore much shit going mind get done enjoy sleeping like baby,Positive 
kashpeler embrace moon fnd comfort zone feel glow moon bringing calm security like warm embrace forget worry,Positive 
research explores emotional impact ghosting read,Positive 
someone cry beautifully yet make heart break apart million piece week nowand close eye still remember vividly seungsik lost control emotion ㅠㅠ tear know loved many,Positive 
greenestimp prickodegallo hahaha xd im respectful wife present yes sleeping love much,Positive 
came isnt child abuse gov desantis transgender daughter leaving state column,Positive 
bottom two top two displayed entire internet see bottom two picture project feeling peace men want woman top two scream anxiety headache,Positive 
hand open new door fist break wall heart,Positive 
esotericbot im sure read article quite recently blaming heart issue increase playing video game antidepressant cannabis use,Positive 
sometimes feel beginner screaming void social medium weird part kind like expressing slowly growing leaving digital footprint peace,Positive 
many alone trigger feeling anxiety psychologist however stress importance feeling ease psychological mental health rather avoiding solitude let u embrace,Positive 
get want goldfish,Positive 
rt drdoylesays trauma survivor sensitive even good natured teasing want cool w push button,Positive 
rt discoelysiumbot shiver free revachol low distant rumble motor tract great machine shaking pillar,Positive 
ashesquee rcbtweets april lo jarige mental health issue ki idhi warmup,Positive 
repdianadegette exactly recommend run oil gas company government trillion dollar debt corruption everywhere social security medicare going broke yeah guy good job good grief,Positive 
okay guy tough day stand believe rcb fan loyal year team need u let cheer rather throwing frustration rcbtweets mandhanasmriti,Positive 
analizcicocuk sicacapital twitter jail lonely haha,Positive 
new poetry book pandemic aftermath joy love frustration kindle preorder march,Positive 
chigoz fchinaxa igbohistofacts lol feel bro,Positive 
thank skinspartners master artist sponsor art recovery continued support enables u celebrate artistic expression living severe amp persistent mental illness community,Positive 
arealdog ai general look really bad right best time doubling plus kind feeling trying distract people outraged save recording call tos,Positive 
rt yoonyusj karina queen providing free therapy mys believe matter effort never betray,Positive 
oh guarantee beta male like incredibly lonely deep put good face paid people like tate thousand dollar tell otherwise,Positive 
friday thought better life building tribe would like set time free consultation text set today,Positive 
rt imdreamwarrior may biggest know sound cliche everyone say best community,Positive 
still captain ship letting crew take easy way going help u hoist sail raise anchor conquer sea anger laughter alike argonaut,Positive 
rt cutiekarts harder motivate thought surviving extremely downhill battle,Positive 
rt thevintner break lover heart need made mistake choosing muse,Positive 
rt luxebleu feel like people cali talk like unless white white,Positive 
let come together help end homelessness due mental illness education collaboration key understanding root cause creating meaningful solution let show empathy support affected join force create brighter future,Positive 
excuse posting instead priv build fic based ur opinion god birth month eye color battery percentage trope bookmark,Positive 
woodytalk jeffsatur proud u little angel happy uno word describe im feeling towards u wish dream come true jeff satur president idol never let u luve u,Positive 
rt heyitsmads word simon miller making feel warm fuzzy tum tum see moot getting meet,Positive 
rt whether mental physical boon help achieving good thing worldthe method,Positive 
control thought control grow daily set free build lasting,Positive 
got home financing question weekend feel free give call send email,Positive 
marvinmediocre karencicco jnatael jcisthetruth rjefress mollyomalleyo theusal kathmregel justbibletruth rcoutside soonintheclouds peatross lorendempster door heart must choose open door break revelation behold stand door knock man hear voice open door come sup,Positive 
boat sail every fortnight partying sun come hoe spending money faster making daughter appreciates ruthless sonvabitch persona go shopping spree bipolar bitchy attitude love mother eye,Positive 
sin sexually old maxim three need ounassnoonpromonontoyoutofordealhmmodanisaandbodyhampm youhandmounascouponsivvinamshicodeonasdiscountonass isolated better understand true impression couple,Positive 
feeling like sexiness liquified gorgeous gown deme one girl know enhance feminine silhouette squeeze max sex appeal gabriellademe hand also happy see many fave girl wrapped gorgeous gown,Positive 
shycoldchris think would love emotion evokes cute powerful im gon na lie cry seeing brings lot emotion brings memory people lost always heart,Positive 
cenbank please please problem people facing bank getting hand stress pain much imagine old people sleeping bank get hard earn moneythis good situation smiling,Positive 
plot global examination like roller coaster emotion riveting full surprise,Positive 
dailycaller good grief people charge sound like nursing home,Positive 
rt bigdabbla landed yesterday strictly good vibe amp positivity illaman much needed,Positive 
first dclinpsy placement complete actually loved every minute working adult mental health also excited new challenge wonder next eye,Positive 
bonniewynand love sentiment feel way,Positive 
ogscorpioqueen ya sure heard hiding also want admit nothing going judge person friend slaughtered thing locked door trauma life,Positive 
sayyed hassan people lebanon think lebanon isolated island middle pacific indian ocean act like event region effect country although claim expert politics,Positive 
saturday vibe better life building tribe would like set time free consultation text set today,Positive 
hopeless romantic life surrounded couple time guess shld take sign im feeling lonely oh wish could find lover could hold im cry room skeptical love still wanted moree gave second chance cupid,Positive 
right time know version get information need know puffvarse official launch approach get self ready hit moon,Positive 
shes already way becoming wallis shes isolated people care paid staff,Positive 
notyourslegacy drzulqarnainha depth word elaborates feeling hopeless romantic like soothes every inch body creates serenity around,Positive 
phos earth character obviously tying continuous development closer humanity still love way portrayed constant shortcoming persistent pursuit something meaningful yet nagging feeling incompetence,Positive 
imagine thinking resident tax paying voter country entitled valid opinion exercise right free speech nothing superiority,Positive 
richdecibels effectiveness support group literature review consistent pattern evidence long period time confirms effectiveness mental health support group carers people living mental illness,Positive 
rt dougsydboten thesbpc porshaewhite stopbigmoney why necessary worthless degree worth money certainly,Positive 
polished one night aware rest rest audiobook tally almost mostly reader eye good indication much time sleeping would much better good book though,Positive 
chocosingto swasssfp fortfts peatwasu flow actually ppsky kiss good think ppl cut scene like balcony one delivered every emotion every kiss even made edit understand felt like need cut kiss say change,Positive 
break heart one love serve one fear,Positive 
good feeling nothin hopeless drag love like,Positive 
gon na one save u black hopeless feeling,Positive 
best flash run year opinion jeremy knocked park u flash fan miss voice wally excited see next,Positive 
dear womanif knew hold handsyou would look way,Positive 
cooltrav yeah im social butterfly stand isolated lockdown hard lash people still clamor used leave school go straight friend house time go home go sleep,Positive 
feeling distant loved one lately boost relationship doveys prompt pack trivia game bring fun longdistance relationship give try see conversation spark,Positive 
rt saturday number definitely,Positive 
science investigates religion interprets science give man knowledge power religion give man wisdom control martin luther king jr,Positive 
patrickpoet mycroftwm nypost feel like big deal,Positive 
amp p barley speak much told shoulder neck pain idk sleeping well come pick nene amp give lol amp ibuprofen got ta love baby father,Positive 
wts lfb ph ˏˋ boyz pc onhand price pic dop flexijust dm dop rcbyt replydm claim tbz sangyeon jacob hyunjae new chanhee theb road usa collbook aware makestar pob emotion card denial desire document,Positive 
prithviofficial curious case silence self proclaimed intelligentsia kochi burning intellectual master voice opinion anything everything invisible unnikrishnanb dhanyarajendran parvatweets,Positive 
wublockchain hahaha got shit load worthless bond like sell slowly interest rate btw,Positive 
naomirwolf seen video agree man need pulled jail placed mental health facility get proper treatment,Positive 
oh album gon na break heart,Positive 
misshrisoula plutotv eeaao great edge seat whale broke took hour get back normal state mind wife said im like charlie always finding positivity always finding optimism even staring adversity mouth,Positive 
good feeling nothing hopeless waht drag love ya like,Positive 
gm everyone sparkle productive day,Positive 
rt leeknowbbf feel worthless deserve live gained love overreacting,Positive 
rt ceyaar maybe im best atleast never break someone heart temporary fun,Positive 
good grief people definition matter matter likely engage frequently semantic distortion,Positive 
rt gmtowner dont smother one grow shade leo buscaglia,Positive 
dudesweetbro feeling shaky bit expecting day like yesterday though thought still go retracement,Positive 
rt leadcoalition please retweet agree task finish move element,Positive 
rt kitsudote ｇｒａｄｉｅｎｔｓ ｏｆ ｍｙ ｍｉｎｄ ongoing series diving deep mind primarily handling mental health hope,Positive 
rt kentonlinegills lot positivity fan forum last night one negative addressed early plenty,Positive 
michaelocyoung glad hear feeling better one step time though join somepoint road,Positive 
rt hyunehans lee know please tell han seungmin feel guilty sorry probably sleeping well right,Positive 
ghastlyinklings radu mist form glanced torus briefly caught tiny glimpse guide mist moved slowly hoped would secluded spot quickly changed back regular form feeling somewhat thirsty blood exercise,Positive 
psychscientists point doubt kid kid fell love football due isolated play good football therefore outside top game matter coach use isolated drill long kid enjoy,Positive 
rt cllrjameshunt nice morning bandlwardnews morning canvas session lot people happy council shocked,Positive 
rt gmtowner love light show way yet endure darkness show star og mandino,Positive 
rt laurachapin freedomcaucus repalexmooney seven week abortion look like want right,Positive 
today conversation starter degree think ai responsible military decision,Positive 
win bi polar mood swing award,Positive 
monday great week,Positive 
rt think would nice everyone would learn lesson priyankit also remain peace away,Positive 
love others go way beyond feeling emotion make u smile feel tingly inside love god show towards u guide showing love toward others want heal start loving others well done healing beginsyours,Positive 
blm antifa staffed pawn cheap pay andor easy manipulate buy insurrection lie yes pray get mental health andor join church forgiveness sin,Positive 
im happy congratulation,Positive 
people feel comfortable dating,Positive 
important care mental health one ashamed stigmatised x,Positive 
rt carlquintanilla wow goldman light recent stress banking system longer expect deliver rate,Positive 
rt graceand nutttbaby popbase feel taylor repeat topic every album good lyricism,Positive 
letter get break heart know shit still happening,Positive 
rt minhazmerchant india bbc defends free speech britain kowtow govt take football legend air,Positive 
great big sea bad song listen whenever feeling run need lifted,Positive 
heart actually break,Positive 
let slide extra cash way help he loyal followerreally devout real based thinking,Positive 
thejustifys understand family situation situation rest world clearly serious anger issue benefit im saying fellow human twitter debate please seek professional help want,Positive 
criccrazyjohns feeling consistently scoring century team letting feel perrydivine feel kohli,Positive 
artsyqranarchy yeah consider nonbinary woman like open specifically bc gc people also autistic person label kind difficult simultaneously feel boxed boxless also feel like fit best right,Positive 
know heart break feel im hoping heart heal,Positive 
need hug give hug win win,Positive 
rt lemmindfulness discussing strategy essential everyone dremmanuel ifeanyi obeagu mental health enthusiast,Positive 
moral excellence come result habit become act temperate temperate act brave brave act aristotle,Positive 
rt anglblver many question painful topic hoping encourage someone today,Positive 
think might able hear receive sparkle wish grief real,Positive 
bookishblkgrl ooomf week rough even picked since started feel like far enough even form opinion,Positive 
rt maziibe break heart let see,Positive 
technology completely unnecessary happy life tom hodgkinson,Positive 
worthless bro chapter fun thing entire series getting know goten trunk character especially older,Positive 
gavinnewsom gavinnewsom thats good person mental illness disabled elderly amp seeing everything overwhelming maybe republican try get rid people like next nightmare end,Positive 
please take care mental health one else worse feeling world surrounded people care still feeling alone,Positive 
rt tanusidfan guy masti sid u work instead playing someone,Positive 
feeling hopeless waking morning thanks kind message mean world,Positive 
love show beautiful exploration grief,Positive 
rt drnostromo nice see labour hierarchy belatedly come support gary lineker wavered looking,Positive 
dear believer many people tired feeling hopeless period let empathy guide utterance season hold leave forget salt light season allow jesus prince peace glorified,Positive 
rt saint dr gurmeet ram rhim singh g insan always concern fitness crore child start day,Positive 
superpenguintv feel better,Positive 
frame look almost dark lonely love,Positive 
rt mattjoanes welcome time year mental health controlled almost exclusively warrior asubaseball,Positive 
wise men make opportunity find francis bacon,Positive 
rt bithatdoesnttry feeling mental illness need buy sparkle thing sparkle,Positive 
iewdawg thebluedodger rare recent positivity good source mason mount situation,Positive 
gigiezy happen feel much good mood think pendulum gon na swing way hard,Positive 
rt zelensky wish georgia success proud hear hymn ukraine see flag,Positive 
read jed ceo jamacphee editorial slate great resignation among educator amp student thanks thekibosch miaaarmstrong platform offer insight addressing complex issue impacting education system,Positive 
rt gorgeous contextualize grief narrative illustration,Positive 
separation hc ab alhaitham feel big si raised seen year grew older saw le le frequent bc parent caused great deal trouble,Positive 
doctor think better know mean still wish dead,Positive 
wake feeling sad amp get free starbucks target machine day got little better,Positive 
rt kitsuragiquotes dont scared think might supranatural ability school subscribe mamboor,Positive 
still feeling sheepish yesterday accidental episode post somehow still number even though shut back pretty quickly,Positive 
rt elswraith idk unpopular opinion samie tom dont romantic chemistry always compliment,Positive 
rt agriculture backbone countrytrue social reformersaint gurmeet ram rahim ji share opinion,Positive 
break heart,Positive 
khaoskeswick disagreement like friend catholic christian nationalist like im bit youre independent thinker tribal make u lonely hate like told behave,Positive 
amount emotion pain convey change everything eye unbiasedly would genuinely excellent actor he incredible,Positive 
kalo emang bener yang pertama felt weak im romantic relationship better feel nothing hurt huh,Positive 
training dog fun here training checklist,Positive 
rt beautifully frame lust emotion movie frame apdi vachurkan ya thalaivan antha sweat drop yerangum,Positive 
pine extra pillow bed xiao bai love insist sleeping room much honor,Positive 
rt today era changed lifestyle eating habit harmful mental amp well physical,Positive 
tassagencyen feel isolated russia maybe invading neighbour georgia finally ukraine maybe destabilizing government moldova hope like new pal north korea maybe soon thats,Positive 
ljmontello sure gave money promise would pay back every fucking month like agreement said try worthless loser,Positive 
rt fsbvb positivity purpose set back team next game great monday everyone,Positive 
yes human okay feel emotion okay feel type way something,Positive 
rt gmtowner fell yesterday stand today h g well,Positive 
rt anibolski anyway dont forget donate charity stream u u want could help save life raise awareness,Positive 
drive stake center heart lonely vampire inhaling fire chasing dragon far,Positive 
post cover great album need say nominate people tag post feel free join want magiccassi siralysson dyegors vinnicius vitorrstz,Positive 
thenutrivore action futuredirected goal behavior occur due antecedent condition love emotion emotion cause action see conclusionresolution consideration arg language belief,Positive 
rt savechildrensa everything going around u child worry vital kind gentle,Positive 
always keep open mind compassionate heart phil jackson,Positive 
smurfetteinluv deadprespicks feeling dump dont fret friend researching alot found helpful resource using help contact gmail,Positive 
shockaholic oof good luck starting antipsychotic antidepressant still kicked manic episode stepped antidepressant fun least got answer,Positive 
feel like every idea turn kind ology get heavily demonized apotheosized beyond recognition initial conception said thought start get glorified tarnished,Positive 
rt tonysilvakind spacecowboysc yahshuast donniedarkened paddyg infinityluvnu adisnyman apology,Positive 
therapist validated trauma response good started bawling eye session today,Positive 
deaf little sister deaf joke teasing boy like pure trauma chef kiss,Positive 
rt msgkibeti meditation way stabilize mind thought process achieve positivity practice meditation,Positive 
mean else heart break fall love,Positive 
valkcy love feeling uncertainty falling flight stair leg day like going survive falling jello leg,Positive 
got friday feeling heading satoshisplaceuk basic workshop mr catching princey podcast princeysov run stack sat stay active,Positive 
mrdavemacleod although agree sentiment reporting johnson friend said giving opinion,Positive 
rt many useful tip given saint gurmeet ram rahim jifor day fitness boost,Positive 
guide cultivating cedar life free selfpaced worksheet designed help gain clarity experience frustration confusion procrastination daily routine,Positive 
polomari certain surgery isolated one country would traveling alone surgery need someone take care right,Positive 
rt mario day feel legally obligated post,Positive 
rt csgoleeks report australian team epl feeling quite confident bracket australia,Positive 
woman today society dwindled feeling instead biological fact,Positive 
ericswalwell arent guy screwed chinese spy opinion mean nothing,Positive 
rt hydiaaa got visit slave dungeon cape coast africa eastern region still feel heaviness heart,Positive 
rt witchashtyn maybe lot think important create space allow feel,Positive 
beingkarmin jangilson mcamberdawn markfreemymind leeanndelcastil winterbauerjohn day song give demi lovato give heart break,Positive 
heard someone say feeling sunny side,Positive 
many friend still feel lonely,Positive 
journaling write thought feeling journal help process emotion gain clarity,Positive 
rt iconiksongs break heart dua lipa,Positive 
georgelineker every reason proud netherlands following well anger bewilderment freedom speech one important value every democracy defend time netherlands,Positive 
rt newbyonce got ta put hope tzu chaeyu selca cuz chaeyoung always cropping lfjdlskslj morning coffee bbl,Positive 
rt leytonorientfc want everyone feel safe welcome come support u campaign like,Positive 
niksnio since started taking antidepressant yes,Positive 
believe american dream welfare state democrat want everyone owing feeling hopeless without handout killing america,Positive 
rt shravstweets sorry cigarette feel healthy smoke,Positive 
hyattathomeki staceyplaskett jimjordan heart break find one conned,Positive 
weird flex ok,Positive 
gm starting week full positivity fun playing bball nft friend ph time really need also talked current state market course upcoming project ether seems like waiting,Positive 
always think saying anything may joke might break someone heart,Positive 
rt khusoko mental health issue focus mental wellness,Positive 
rt jprospering new season amazing sword feel balanced hammer fun use shotgun feel consistent,Positive 
rt saint dr gurmeet ram rahim singh ji insan say one really want peace mind meditation tool,Positive 
said would nik asked cocked brow anyway made think coming dragon cave smart price asked bitterly still trying calm feeling wing touched gently bored,Positive 
foreverwidbts sorry break heart already married,Positive 
richardegrant youre wonderful human sharing vulnerability post honest amp real hope take comfort knowing candour help others know alone experience grief admire courage share impact guise,Positive 
rt zencarson zen meditation music balance amp relaxation,Positive 
adampaigge day feeling bad would ale appreciate day feeling good inherent part life said feel trust friend,Positive 
market moving fintwit see easy listen market market violently change direction market wrong great opportunity case im going recommend contradictory opinion say told later,Positive 
way feeling shawarmaamp ice creamgoat meat pepper soup cranberry juice calm,Positive 
dream dream last night woke sleeping within dream much,Positive 
choose smile despite chaos within happy friday,Positive 
isnt trauma negative,Positive 
every time tweet forward barcelona sell people say ferran feel sad really want succeed barça reminds time deulofeu everton sometimes hope play people say bad thing,Positive 
stewyscott stilltheshawn ideclarefood yeah lol many people built brand positivity included many personality podcasts tiktokers entrepreneur etc build amazing brand kicking positivity wisdom financial literacy etc building brand hate amp negativity cheap,Positive 
rt ajasayshello quit fast fashion prepared see quickly money would spent tat stack,Positive 
save date thursday march monthly womenwritersnet well discussing writerly wellbeing come along,Positive 
utdarc ohk thats great u r full time rcb supporter understand frustration,Positive 
friend break heart,Positive 
huge difference capable creating huge movement v grifter join bandwagon later former turn anything touch gold latter destroy look wrote frustration situation choice,Positive 
reallypedro pascal last week saved woman like one episode last usin couldnt even save girl saved herselfand one mando made worthlessjust walk around nothing looking like fool,Positive 
thenutrivore anything dog love human emotion get way cat another story maybe pack animal,Positive 
rt coacherikamd feeling lost write feeling walk feeling uninspired read need help ask someone,Positive 
rt lord merciful gracious slow anger plenteous mercy psalm nkjv,Positive 
lot people find love happiness adays absorb negativity show people follow,Positive 
user interface like humor explain good,Positive 
praying mantis isolated black via zazzle,Positive 
rt health fitness important aspect life include physical mental health saint dr,Positive 
rt feel like lot ask prayer get answered,Positive 
strange new respect sudden loss interest plus call move awkward silence sudden change affect unmask phony,Positive 
realkaylal notwokedad curtisennishdsb margoshuttle timcast deviance mental illness context case look situation find becomes painfully obvious board either hoping expecting strongviolent reaction would given win thankfully never materialized,Positive 
apcsurulerelg desmondoelliot even facilitated coming christ youth insulted moment grief still put hand jaw dey look dey play like new definition politics,Positive 
love first sight easy understand two people looking lifetime becomes miracle amy bloom,Positive 
also life met boyfriend completely different past ex extremely isolated little friend got lucky w fact know many people given chance first time life much network ppl,Positive 
briannafrost wish could im lonely,Positive 
wenclairendgame heyaaa im sleeping way much day next week ill scream movie marathon friend hope well friend,Positive 
jimin eye express much emotion attention detail beautiful,Positive 
forgot bring bag walking antidepressant around like pet,Positive 
near shore lonely fg电子平台 lifeless faultless,Positive 
positive impact modern day male influence joe rogan via youtube,Positive 
rt bklilsecrets get heart break go,Positive 
rt crystalsmoonuk amethyst protects calm help anxiety depression anger also help strengthen psychic gift,Positive 
rt mylovefdd health biggest treasure care physical health amp mental health million dera sacha sauda,Positive 
get positivity mod want grow wheat large cant shrink seed size,Positive 
trust want talk know talk,Positive 
mental health reminder today planting seed hope pip belfast pip derry pip enniskillen,Positive 
frustration get like somebody want like star riley keough talked deciders megsokay daisy billy sizzling first kiss,Positive 
rt kalyanrampage strength weakness emotion always stay one amp pspk pawankalyan thanks existing,Positive 
heart actually break,Positive 
mourningdonkey kayn realized sad lonely two men make together besides wonder feel two super cool dad,Positive 
one break heart emotion eye,Positive 
dysthymia bipolar whatever man kinda love w like alive n shit shut nerd,Positive 
rt ronniieee take one person break heart see wrld different,Positive 
rt oyshodyo never got chance sing closing eye feel euphoria kind 느낌 around like,Positive 
would like sit grass watch breeze carry dandelion seed away,Positive 
rt annwalthour danielkalban always know difference taking care adoptive kid another race heritagehair texture amp skin,Positive 
corybooker negativity positivity let u know ready since last decade done nothing denigrate think like politically,Positive 
theutopiates thisfeeling released debut album couple month ago mix everything indiepop poppunk rock electronic would super support leeds check stuff,Positive 
rt zaionclips light seeing realizing thing shes saiddone support action feel relief,Positive 
whats self care plan week,Positive 
let chat live twitter free watch chat babe,Positive 
gm gm say back sometimes life leaf feeling upside push test find peace sea wave directly front tide rise ship photo pk secret location mexico,Positive 
rt livenation member studio album eps headphone world tour microphone talent charm continues make history,Positive 
rt byulyilyricbot call call everyday every night hug hug everywhere every time love love everyday every,Positive 
seems like love get addicted survive cure yeah found kindness stronger near there kind energy smile feel like different person,Positive 
rt kindasabrful shah rukh khan heals heart break love heart,Positive 
fill heart joy witness deserving individual get break life,Positive 
rt samirainsan saint dr gurmeet ram rahim singh ji insan say really want peace mind meditation way,Positive 
waiting airlock cycle felt aloneness like impenetrable wall pressing around usually one body offkilter emotion minor easily dismissable thing one body nothing beyond temper distress,Positive 
feel like italy catch enough heat,Positive 
need pretty girl break heart make rampb album,Positive 
rt capricornsnz got ta put foot life block number stay away fake love grind get spirit amp mind right,Positive 
precious metal worthless moneyless environment staple food ammunition alcohol product even tobacco effective valuable item trade bartering sort,Positive 
yes solves lot,Positive 
rt mandeepaahi meditation tool way stabilize mind thought process achieve positivity,Positive 
started referencing photo book fifty shrink helped u understand drive therapist choice creating office say cabmac inspiration behind read cheatsheet,Positive 
𝐄𝐪𝐮𝐢𝐩𝐩𝐢𝐧𝐠 𝐨𝐮𝐫 today counselling office trained student peer counsellor variety area including mental health basic counselling skill ethical issue counselling time stress management,Positive 
game narcissist play would respond,Positive 
iamtheict frustration definitely felt today demo account life support,Positive 
father compassion warmth saw u toughest time carried u forward word resonate deep heart request everyone respect privacy time grief said ritesh agarwal statement reported medium,Positive 
rt rhodahmi good morning twitter food item available stress free affordable location ijebuode ogun state may today,Positive 
marshallshuman good grief stay safe stay warm,Positive 
itsfun steal fun break heart onlyonce warn wau,Positive 
us tabloid break someone heart close birthday anger run deep one,Positive 
rt musadoo china teaching internship sichuan month great get feel whether,Positive 
rt cherdelaware actually feel worse today yesterday fun,Positive 
ethanshumjr think capable feeling emotion differently human much lower level,Positive 
rt miggysbat shit awesome player emotion crowd atmosphere first round easily,Positive 
ew yo feel like actor jim carrey tho,Positive 
today truer true one alive youer dr seuss,Positive 
rt obidienttvhq presidential candidate peter obi hero call peter junior respect principle respect,Positive 
rt scottleowarrior make sense something unlimited supply hold strong print,Positive 
rt piscesterms really want attention person want everybody else amp opinion doesnt matter,Positive 
starting meaningful conversation valuable skill use build strengthen relationship,Positive 
build following bonding audience look adding guest show expert sharing tip trick trade,Positive 
rt edmondhwollmann place sleeper considers death come like dawn wake laughing,Positive 
emilianjung berniespofforth yes think critical thinker opinion different mainstream fall every simple manipulation supporting opinion,Positive 
know tummy feel drive fast hill initial floaty feeling get elevator going felt morning feel like baby magic hat trick intestine,Positive 
love neither,Positive 
rt scorbunnydream watched aim pokémon master ep aka good honestly know feel,Positive 
asranomani fcpsnews winsomesears jasonmiyaresva minute put equity definition safe school hope correct resolution lost thankful ask girl sit discus feeling table son following restorative justice practice,Positive 
rt humansnocontext ghost real please careful spreading propaganda like may cause,Positive 
married enjoy good day deal bad day together,Positive 
rt column dominion defamation suit keep telling truth fox news pretty,Positive 
rt someone cry beautifully yet make heart break apart million piece week nowand,Positive 
love marie splatoon hope wonderful birthday im glad got therapy great guy marie splatoon say forget take ur antidepressant,Positive 
tangerine dragging liu jun bc stay home much butterfly think already enough popcorn book television sleeping also exercise burn calorie tangerine exercise like butterfly one atm tangerine exercise good butterfly drawing count,Positive 
work ultra effective time get home feel paralyzed day clutter stuff around procrastinate haha read marie kondo goodbye thing listened kind minimalismfocused people,Positive 
rt opinion piece kara gross karalgross describes ron desantis agenda create free state florida,Positive 
rt kirillsashabot favorite time day sleeping arm listening heartbeat surrounded warmth,Positive 
citizenfreepres good grief chance open debate bother attempting conversation people like,Positive 
hirie mood swing tour sunshine theater sat mar,Positive 
thats also im worried feel like im starting climb steep crumbly slope disease hoping lifestyle change mitigate thing,Positive 
sebgorka derailment seem part globalists agenda definitely isolated event,Positive 
natureandrace seems like frustration white superiority mad people better,Positive 
caiokurosawa miothephysicist emotion absolutely fantastic sure,Positive 
rockbisontwtt thank love worry better antidepressant two year shall pas know,Positive 
rt davidrmorgan say many people planet better way mutilate child,Positive 
call baby got reason know tryna friend know mean call baby hard go home lonely,Positive 
show strong sign schizophrenia,Positive 
life chance grow soul powell davy,Positive 
going show woman name give attention belief anyone supportive ukraine lgbtq liberal mental illness people right sweet,Positive 
ice breaker hate small talk really love,Positive 
finding sydney playing iconic character like barbarella make heart break jane fonda leap amp bound better actress im sick amp tired hollywood making reboots favorite film know remake good original,Positive 
rt ljnfeed yall ever see man beautiful feel like fainting,Positive 
selfcare giving world best instead whats left,Positive 
read latest blog explore occupational therapy help manage mental health issue,Positive 
okay okay changed mind ahem im thankful lead intuition humanity emotion humanity life breathes change yoga position alien alien alien alien alien alien alien alien alien alien alien alien alien alien alien alien alien alien alien alien alien,Positive 
start week hello initiating conversation student generally speak tomorrow turntable tuesday put together playlist song send message good vibe positivity empowerment encouragement,Positive 
love stronger pride brave enough break wall barricade spouse heart dog man best friend dog tell fault point weakness cowardly allow pet become object,Positive 
feeling wan na make happier babyyyy,Positive 
topic feel need discussion twitter thread sound fascinating,Positive 
eafifamobile keep trying opinion game ea responsiveness better past there hope best way game stay relevant build community surely want,Positive 
assetreset tired pouring money averaging imagine people going first time feeling sending hope everyone need,Positive 
mental health important people feeling,Positive 
exact feeling overall felt comfortable decision making offseason make true believer start going coach nate hate train slow first start coming head,Positive 
hszanowski preference try superisolated commits lot cherrypicking early merger bisecting help lot,Positive 
mrpmharrison attenborough hero bbc toolishly serving rightwing maybe bbc need feel pain way walgreens u refusing dispense safe abortion med gqp state,Positive 
like staal set pas straight across crease martinook sleeping caught watching much,Positive 
mafslifetime well certainly got lot response show selection process deteriorating never pick year old ppl never love gina clint appear going thru motion without emotion shaq need let kirsten finish sentence,Positive 
itsjefftiedrich billion everything except cause positively amp immediately change life wait til people realize currency precious metal gold worthless comparison real value good service general life,Positive 
sayema according positivity india single positive,Positive 
posting content making onlyfans hard especially small creator promise come depressed everything lol,Positive 
undisliked feel bro good got today wait till n jmsn get,Positive 
rt sleepless night pg one trouble formatting fine look like blitzo felt,Positive 
senpai yer gon na cold went take scarf away even loved feeling around skin able inhale shouyos scent intoxicating shouyosenpai took wrist pulled hand wear atsumukun,Positive 
deep feeling like ppl rlly like fr ion know feeling sometimes,Positive 
rt vikbeewyld parentcarer son type diabetes deep soil grew pleased,Positive 
rt priteeagrawal main khada hun tumhare saath promised made reel kept reel amp real world,Positive 
rt bigmanbakar preview thread greeting everyone welcome latest preview thread preview length,Positive 
rt fitness key mantra mental physical health,Positive 
sensitive two black men show brotherly love one another doesnt mean gay doesnt mean anything friendship admiration mbj lose friend chadwick boseman cant people exist wo lonely mf business,Positive 
awesome tip keep brain healthy read,Positive 
rt queenmeabh change thanks dennis woman enough stress safety child without,Positive 
botfragpaige aweee thank u feel like get said enough bronze player,Positive 
people would want lose weight muscle best selfcentered washing metformin lisinopril antidepressant,Positive 
susiecubed quizeseveryday madeintheusanj donaldjtrumpjr old sue showing side true anger like always get help sue,Positive 
phadketai expecting human emotion animal expecting cat love cat indeed love sorry animal mean lol,Positive 
feel like time look job,Positive 
rogerhamilton xwel ceo reached join,Positive 
welcome aboard dont take grief irascible walter burnslike editor gary crowdus twitter,Positive 
know okay actually celebrate one player winning wout including another right take away player opinion though congrats caitlin though well deserved,Positive 
oh jordanboies finished ragnarok campaign night cool game story seemed like pretty standard video game stuff addition grief fatherson drama,Positive 
rt omnidadcreation feel free dm ask update respond right away even made,Positive 
mobile friendly site longer option requirement talk whatsapp getting enough quality lead converting,Positive 
rt itzycolombia bailando break heart en su presscon en hong kong,Positive 
villgecrazylady say mature content adultsexual content fyi picture attack always protected specifically click pic worry,Positive 
rt calvinharris hope enjoy,Positive 
starshptroopers addaralbayda oh good grief truly reaching amp scraping bottom,Positive 
great men gifted intuition know without reasoning analysis need know alexis carrel,Positive 
extra spin cycle washing machine powerful feel vibration feetand couch,Positive 
realmaxtern fukrainsaan wow irony talking ki toxicity promote karna buri baat hain abuse merely linestum hi positivity ki murti,Positive 
stranger love know rule full commitment im thinking would get guy want tell im feeling got ta make understand never gon na give never gon na let never gon na run around,Positive 
rt losinghopein people using precious time money mental health help people disability,Positive 
deter conflict pentagon must accelerate innovation adoption via thehill,Positive 
rt syazwantahir hannahwho opinion film show aisyah longer faith islam believe reincarnation,Positive 
love interaction bipolar ig hard time keeping,Positive 
rt unrivaledpjm scar know somewhat also help grow become today still want see,Positive 
rt jessicobra oomfies love animal poast gigglemotivated andor bred,Positive 
heart continues break united methodist clergy colleague losing church job whole disaffiliation bullshit,Positive 
rt eunxx stress enough wellwritten doyeong character way left shoe door respect house,Positive 
rt revered saint gurmeet ram rahim ji say continuous worship god increase confidence help,Positive 
feel like id kpop icon people rn,Positive 
like break yall heart,Positive 
someone seriously love everyone unconditionally take use bathandbodyonassnoonpromonontoyoutoyoucouponsivvinamshicodeounasdiscountounass good attitude good poem felt petty tone hopelessness,Positive 
entrepreneurship lonely path depressing time always questioning weather failure true test faith gained unwavering confidence confidence people lack,Positive 
rt job even entry level change direction life profound way number,Positive 
bluthedom hope feel better soon,Positive 
rt graham potter yeah way feeling le pressure way something get bogged,Positive 
magpiekilljoy definitely think thats worthwhile view love interior emotion opinion sort genuine practice care involved think could take form leaving someone alone stand,Positive 
shall free indeed day without care night without want grief rather thing girdle life yet rise naked unbound,Positive 
rt cutayer oscar award winning suicide squad film deserves director cut theacademy,Positive 
rt judesherry need home yet underused home either vacant derelict holiday home,Positive 
nd longer capable new emotion ple dwelling yon k,Positive 
rejection part make easy good friend mutual support topic actually discussing next week monthly womenwritersnet,Positive 
good luck debate adding suicide prevention school curriculum today westminster debate featured bbcbreakfast bbcradiomanc bbccumbria bbcnorfolk amp finger crossed,Positive 
earnest post yes course let chasing feeling loading magical bonkers world first time decade nothing like,Positive 
lenzuthando please stop making noise n go deal ur frustrationdont drag winner ur mess,Positive 
ulooksocoolx right second chorus got ta see girl screen like go beat drum super faint never would heard unless heard isolated vocal hahaha,Positive 
looking concept remind listen spring day first time showed emotion feeling evoked everytime watched since,Positive 
achieve anything put mind hard work lovely weekend,Positive 
jaysostylish hi apologize frustration confirm missed promised delivery date listed order confirmation happy help candy,Positive 
mikeymusto sakufighta krassenstein please get person,Positive 
rt zystga good morning twitter peep say something going shock lot people besties,Positive 
androllfilm man called otto one film make cry every scene know dealing grief change ultimately love little thing make life worthwhile bearable despite difficult everything get,Positive 
ukdeanbarney kriswhotweets merriamwebster chanel almost amp amazing personally think historically type song looked little jury thats point feel need exceptional another type song would need,Positive 
feeling validated exit even reversion back intraday move wouldve eaten week profit time behavior deviate significantly expectation equation longer make sense amp trade invalidated doubt get f,Positive 
rt womenwritersnet thurs march monthly woman writer writerly wellbeing come join u,Positive 
doublebeess hi recognize frustration would like help please provide u order number phone number full name via dm get started,Positive 
honor privilege talk judith herman new book discus much hope everyone enjoys one,Positive 
okay indulge bit junk food please try focus healthier eating habit muscle weight eat direct impact entire body physical mental,Positive 
part two video reason would love support mosaic hear wonderful member talk reason,Positive 
love showing love people love supporting friend love spreading positivity love making people happy wan na see win succeed free hurt cost nothing always reciprocated anyway,Positive 
oh looky sweetie man support guy lie every fucking day want smear people guess understand pumpkin support somebody lie every day opinion based lie hence worthless,Positive 
rt kettlesociety creative writing group kettle burrard meet weekly read brenda say experience,Positive 
rt mjcarty good grief kind country become probably highlight destruction river amp,Positive 
send message player along line spring break lose focus season take message heart sun snow wind guy stay locked assignment,Positive 
there better feeling fresh cut flawless glam kriziaofficial ig looking stunning wearing knook pro eyeshadow palette hopeless romantic false lash,Positive 
rt lauraloomer ron desantis fighter really going ask tell lie obvious want,Positive 
rt silverlawn finished congratulation leahbroad really superb group biography ethel smyth rebecca clarke dorothy howell amp,Positive 
safer renting aim work tenant want sometimes want cant support caseworker struggle feeling letting there easy resolution sometimes think judge judy blame,Positive 
michaelrogas good eveningmorning saturday got clever lawyer exclusive school like ateneosan bed else brilliant lawyer direct dictate mental illness unstable physical needsmedicalattentioncrimerelatedstyle,Positive 
imagine warm feeling expriencing trickle leg,Positive 
rt sweatsxstew sometimes definitely feel like could done better opinion lot shit always,Positive 
rt blackmhprogram today celebrate harriet tubman whose legacy serf inspiration black people today especially,Positive 
really want opinion article also viewed time personal diary,Positive 
mental health provider cerebral alert people data breach healthcare platform cerebral sending data breach notice million people interacted website application link,Positive 
rt experian hope join u today pm et topic halfyear financial checkin rsvp chance,Positive 
kyokanonksg thankyou sparkle feeling like akuma,Positive 
rt mindspace vulnerability sound like truth feel like courage always comfortable never,Positive 
swear give snow day like candy michigan lucky get growing chaotic snow storm snow inch school shut feeling like boomer,Positive 
camerondlwalker getting grief sharing photo royal correspondent every time watched gbnews said nothing fact condemned mamph many time factually folk need chill,Positive 
rt stillgray video gon na warn right hear going break heart,Positive 
rt cyshortcuts mood swing sa haup na inconvenient love,Positive 
biden worthless american iden become ukraine american hero,Positive 
thought filled positivity life plentiful prosperity sparkle,Positive 
phadketai capable human emotion,Positive 
passionate grief,Positive 
infantrybucky understand frustration polite respectful mentally challenged like ericareport,Positive 
available amazon store ebook paperback free read kindle unlimited megaphone ebooklingo book,Positive 
remarketwatch mental health child u addressed specifically young boy tend act atrocity sure help,Positive 
share memory lost loved one online memorial,Positive 
rt nehhaaa wishing forever togetherness may get happiness amp success life may guy tie,Positive 
blondeopinion send people like work every time,Positive 
djmissgripper feeling get see two big english flag hanging front small bay windowed house often white van parked front omg im thinking brexidiot amp football fan,Positive 
check new hiking partner actually keep get paid exhaust whisky intact male pull like vertically challenged sled dog good grief hiking fun he work friend cardigan welsh corgi,Positive 
joelthesakic leaf fan constant social medium break necessary positive mental health,Positive 
rt feel like missed generation,Positive 
yeah sometimes feel like life waiting around corner lead pipe forget lol,Positive 
rt cohabit successfully people always feel entitled give one need,Positive 
ever wonderful speaks loving dad amp professional sharing frustration lack appropriate quality child amp teen talk experience eating disorder issue cover challenge particularly teen,Positive 
adele lauren ash mindy kaling rebel wilson former body positivity love size matter people went lost weight thing like eliminating stress eating want wonder u normal fucked weight,Positive 
feeling scroll hashtag cause fandom best sense humor,Positive 
rt marykhamoflage sad person life hug see like year family blood,Positive 
loveoxannadoll thepamanderfox kinkchm love feeling cock sliding throat,Positive 
tu youyou isolated artemisinin substance found sweet wormwood inhibits malaria parasite artemisininbased therapy still used worldwide bring relief malaria million,Positive 
thesuperkliq one small positive thought morning change whole day wake smile start day positivity good morning,Positive 
met investigating gen gave otreats asked ōfrien wat wrote left lonely love pmccmc overlinenetwork craigbweisman blakelyofriend overlinehub,Positive 
good feeling nothing hopeless drag love like,Positive 
rt khairhumu feel almost phynation interested phyna tick tock come live aside like,Positive 
rt watruckos vaccine questioned case since never covid virus isolated,Positive 
rt citizenfreepres good grief first amendment protect lie whoopi view would bankrupted,Positive 
dougliedowrong hey dougmight good time show chris grier guy amazing get negativity deal grand theft,Positive 
felt soulit almost like lot folk live whole different reality v lock feeling restoring tho,Positive 
plot devious romeo like roller coaster emotion riveting full surprise,Positive 
byronyork good grief really best effort,Positive 
opponent come forward move greet want pull back send way morihei ueshiba,Positive 
rt poloniex join daily polochat win usdt question btc price reach new time high follow poloniex,Positive 
rt fightbacklager please read share musicvenuetrust ceo markdavyd approaching deadline live music industry,Positive 
rt aliazamani nazurahar gon na lie motherhood super lonely pain shared left,Positive 
soletssay katerade two hour person like kate although preclear minute feeling spicy,Positive 
one man practicing sportsmanship far better hundred teaching knute rockne,Positive 
rt parfittjennifer flufficat essojohn angelarayner year old grandparent still alive fought,Positive 
thank god got break coz heart cant take,Positive 
book topic watched hour video thats feel knowledge subject historian oh dear,Positive 
rt find visitbrockholes yesterday top row enormous velvet shank fist sized turkey,Positive 
dduaneyay lilac coming lovely,Positive 
knew day would sarahbarthel realize nothing permanent cept birth amp death amp find macklemore dysthymia dungeon earthquaked soul shiver toxic tear release hallelujah hosanna hope,Positive 
keep secret wisdom expect others keep folly samuel johnson,Positive 
think would nice everyone would learn lesson priyankit also remain peace away negativity,Positive 
good grief kind human innocent critter smh,Positive 
rt chukwubuikem father made clear want son twisted hair father know best raise,Positive 
buy bank get rescued everythings back normal shortterm moodswing maybe paired w shortcovering putcall ratio friday core root cause solved longterm bond illiquidity,Positive 
gwinaniii night coming find way dark wish could take star id never let fall amp break heart amp wan na cry fall apart ill hold ya,Positive 
daily reminder everyone world going hard stuff right base level people dealing huge amount uncertainty frustration anxiety feel like lot honor show others grace,Positive 
mrgmyt feel like mentioned something like happen awhile ago,Positive 
hectormtz healthier positive amp accepting body image amp confidence honestly unapologetically unremarkable experienced regularly would also help modify misperception equating nuditysex nonsexual nudity help mental physical amp emotional health,Positive 
maddoxrules entertainment get basic necessity definitely worth talking see frustration people seem hate passionately thanks reply,Positive 
pdtit alsof many feel nothing contributie even smalle percentage drive ambition want thing real take lot effort,Positive 
matter isolated lonely feel work truly conscientiously unknown friend come seek carl jung,Positive 
rt lionsspectre since music form math structure emotion would make sense liked genre would,Positive 
rt reachahand essential school prioritize mental health support student providing access counseling service,Positive 
rt aghavalyan look map decide whether want save democratic island isolated world authoritarian,Positive 
sergikap russia money internal agriculture industry etc also china good friend anybody think ru lost delusional also isolated world care uas war side russia india buy cheap oil africa get food etc,Positive 
mental health important job wealth gold medal win let break stigma,Positive 
dont come telling cheer energetic tell someone who feeling cheer human robot,Positive 
lie usually quite fluid way able perceivably fit whatever narrative lie supposed support gender identity gender fact gender lie make someone feel good mental illness instability,Positive 
rt taniaamarshall microexpression exaggerated good training purpose microexpressions occur unconsciously,Positive 
productivity ticking task todo list learning focus accomplishing important thing life whatever thing look like,Positive 
wyatt flores said would rather break bone break girl heart fucking settle lady,Positive 
wan na lay w baby hour dream smile laugh cry tear joy wake feeling better,Positive 
break heart show timid man never make mind show wife make husband happysin began woman must die dont let bad wife way would allow water,Positive 
stevemang moleculesgohard instrument analysis gt yeah frustration know magic data machine work real,Positive 
choffstein yay bulkier asset help avoid probate process le stress executor go route think trustee successor trustee make sure retitle name trust asset correctly,Positive 
love baby quite right need baby warm lonely night love baby trust say,Positive 
rt matchaxbw sun privacy entertainment industry sometimes work lot pressure,Positive 
hashtagsbonelo even begin imagine feel like accused something never id commit suicide,Positive 
robertprincy slayjimmy feeling dump dont fret friend researching alot found helpful resource using help contact gmail,Positive 
loveagann mostly break heart,Positive 
rt shacomforts yall notice sha glowing lately happy surrounded much love positivity clearly,Positive 
hopeless romantic life surrounded couple time guess take signnn im feeling lonely oh wish id find lover hold im cry room skeptical love still want,Positive 
note people may looking aurora next couple night even look cloudy take couple phone picture sky north make sure got thought cloudy luckily took couple phone picture picked color turned thought cloud pillar curtain aurora light town made difficult see color aurora looked gray like cloud naked eye almost went back sleep,Positive 
ngl suffered year sch wanted drop level cause fell love nd going heart break,Positive 
rt kandondortch feel ashamed trusting someone wanting see good amp giving benefit,Positive 
rt mlasudhakar picture reminds one many reason ardent fan cricket sport cricket,Positive 
sometimes distant hate love helpless want hold expect wait go first pretended generouson warm day would like express heartfelt thanks participation get better,Positive 
shayndshine feeling dump dont fret friend researching alot found helpful resource using help contact gmail,Positive 
real bad time mentally nothing worry finding hard focus feeling hopeless future well everything really lol felt like pas got outlast,Positive 
rt candibenson seditionhunters bless heart break window u capitol people well,Positive 
sharing tip maintaining mental health balanced student life stay sane stay wise,Positive 
rt gmtowner let future tell truth evaluate one according work accomplishment present,Positive 
rt nakiwalasandra see reason others happy people happiness make sad,Positive 
sparkle song ana playlist,Positive 
rt got stronger persevere love positivity way,Positive 
one method art withholding commitment individual group instead eliciting anger garner unique form admiration deliberately holding oneself back one exudes air power effectively rendering oneself unattainable co,Positive 
mental illness thanks bro get high mental chillness goooood awesome goooood,Positive 
olwestside alcohol depressionanxiety taking antidepressant cause weight gain,Positive 
rt pardjimine minimalism simplicity elegance software version second photo concept contrast color portray,Positive 
paulschlienz business bellevue redmond stay east side great woke great fall emerald city travesty one like portland sf self made progressive woke policy vast drug problem mental health crime,Positive 
im loving parry mechanic resident evil remake satisfying use believe day away original back first came huge part life believe getting faithful remake make feel old though,Positive 
birthday day feel like gon na mid friend pool like wan na party shit,Positive 
know jan president trump secured permit rally crowd assemble capital capital police arrive tactical gear rubber bullet tear gas unleash hell unarmed trump supporter without warning attempt angerfire crowd,Positive 
compelled care jeff dart watch,Positive 
well vote confidence accept offer keep money even dangle interest rate front said selling loan book loss spark selloff today,Positive 
true first step achieving mental wellbeing,Positive 
rt uknojb imagine feel side month worth consistent work self keep going,Positive 
sincerely femimind drwinarick marklruffalo peterdkramer sameihuda awaisaftab eikofried allenfrancesmd drdavidhealy wesselys socratext psychunseen difference melancholia dysthymia,Positive 
conscientious parent help distinguish emotion uncomfortable emotion unmanageable useful perspective strategy thank mindshiftkqed,Positive 
rt futuredrboc closing national social worker week appreciate m mile bolton community,Positive 
rt teamarchanafc smile increase value faceanger spoil beauty soulfaith force life confidence,Positive 
tried fucking break heart heart break,Positive 
brycent pulte imagine true many attest truth many others would agree statement especially many many people feeling desperate hopeless possibly option time,Positive 
rt saqikit thinking passionate look fiery amber eye cute way face flushed red frustration,Positive 
opposed selfconfessed drug addict harry one recommends taking cocaine ease trauma support druggie opinion le worthless,Positive 
ryunsque look pretty feel faint,Positive 
love poster feel like everyones missing point sea speak hopeless place ariel hence sad tone shes around water feeling brighten movie shes land near eric,Positive 
rt saint gurmeet ram rahim singh ji insan say want peace mind meditation tool,Positive 
fanslyava polishloca love feeling cock sliding throat,Positive 
rt andrewgurza thing say disabled people make feel seen look great wheelchair ableism,Positive 
rt dr saint gurmeetramrahim singh ji insan shared opinion explaining us cow dung amp manure,Positive 
rt officialtcgcoin feeling stressed suggest play tcg world help calm handshake,Positive 
rt people manipulative worst break heart blame breaking heart,Positive 
rt minghaomianhae love even minghao jeonghan still hugged empty space beside,Positive 
rt johnhyphen public transport free brussels even bus called take mystery,Positive 
tigrrrr yw also like lighthearted mean angeraggression towards specifically hope tone come,Positive 
rt hashtaggriswold really remarkable finding,Positive 
rt buddhaquotes overcome anger peacefulness overcome evil good overcome mean generosity man lie truth,Positive 
rt pakekobutpinoy hopeless romantic life surrounded couple time guess take signnn im feeling,Positive 
thiamarcanio guy always never female want must horrible flirting girl pls help ur hopeless feeling bisexual friend,Positive 
kenrosenthal great coverage weekend im completely worthless work since hour baseball thems break,Positive 
break rule amp follow heart,Positive 
oh yvonnes first party without juivola get mood swing,Positive 
libsoftiktok people look like cried eye verge huge cryfest one wordantidepressants,Positive 
break heart many within community degrade others positive result twominute gossip could farreaching could make young man breakdown middle day could make someone ask help need,Positive 
rt gleeshortcake people praising song hye kyos acting drama since day one could agree enfolds,Positive 
saying pet cant love continuously mention everything make love love idk like pet trust loyal comfort youfind comfort brother christ thats familial love dont emotion named,Positive 
nickbergsf even drug mental illness exacerbate homelessness extent success southern state curbing problem suggests providing ample cheap housing best tool reduce number people living street,Positive 
sunsctromantic break heart time,Positive 
yumesekaii would ok called thing like bro dude man gurl reference binary gender using actually refer gender denote emotion side wanting know would rather use glad dw,Positive 
rt okiogaterry need therapy fr mean hanging friend,Positive 
important realistic expectation early stage treatment patient kind embrace journey,Positive 
wood thrush one fill wood song welcome back,Positive 
rt thistleflat always remember thats important weird funny better get,Positive 
good grief thank god nigerian food exists,Positive 
boronholta unusualwhales yeah forget bank unrealized loss shit ton asset fed allowed svb take loan mb would perfectly fine mb worthless interest still paid,Positive 
ownmeifucan abjafcb looool brother mental illness messi much chokehold tweet every single day non stop doesnt know sad much tweet everywhere enjoy football bro swear best skull skull,Positive 
wow lovely day celebrating school mental health award honored visit deputy leftenant mr birdword represented hm king charles iii presenting award mr mitchell whole school,Positive 
today money fed worthless nothing back based global acceptance reserve currency thats true every single currency every single country everyone fiat alternative even crypto backed fiat currency,Positive 
never lf lonely,Positive 
honestly tweet like feel like relationship mental health advice equivalent craft troom troom life hack video able take care properly problem add another human equation suffer twice,Positive 
liked homeshow cause robert dating yet followed everywhere lonely,Positive 
wilder wellbeing free course invite explore way wellbeing exploring wonder nature right doorstep use support mental health information book place email infoescapeartsorguk,Positive 
rt kahyata anyone medium related course unzaunilus evelyn hone thats interested starting podcast,Positive 
rt subquerynetwork blockchain ever lonely cause bringing crosschain communication party,Positive 
rt foreverwithrm indigo albumits like lesson guide anyone know crucial,Positive 
interest cat obv miku video game drawing painting ice skating collecting thing wont rb anything fatphobic selfharm gore rb thinspo mealspo disordered thing ig,Positive 
boybreed heart break dun touch e go reach everybodybut see jam abeg,Positive 
go go sending positive vibe anyone feeling discouraged,Positive 
rt azninthesun think constant optimism face reality real mental illness,Positive 
frustration honour use bathandbodyonassnoonpromonontoyoutoyoucouponsivvinamshicodeounasdiscountounass isnt command become maniac werewolf,Positive 
rt corenixofficial cryptocurrencies across board lost value another bout alltoofamiliar volatility hitting asset,Positive 
rt method meditation given free cost saint gurmeet ram rahim ji million practising,Positive 
criccrazyniks alonemarwari top bro,Positive 
make peace never content doris mortman,Positive 
officialhhp fanslyava shotbydrama love feeling cock sliding throat,Positive 
think far emotional seen woozi let feel u sob break heart cry like something really wanted let though might fully know truly felt thought,Positive 
rt maxkeiser svb never existed gone bank america accounting phantasm fiat hologram delusion grandeur,Positive 
blackgalahad cosmicdandy irrelevantalien houseofchav slagcult notmulder dont give maj much grief think married different people game lmao,Positive 
st patrick day swiftly approaching im taking opportunity begin getting swing mood spirit shamrock shamrock here johnny cash amp co including kris kristofferson singing shade green seedling herb,Positive 
duncanbrosgroc lost mother suicide forever changed death supposed natural bearable sometimes sincerely emphasize ur situation pray find peace happiness try prayer found help,Positive 
rt gonejaddie psychology faint heart know amp detach look different,Positive 
rt yaminoopera mother father love homo sapiens representative parental instinct motivated,Positive 
amazing thing world began idea introduced reality help plan good idea write consider could develop,Positive 
rt lincolnuofpa admitted student day coming march join u learn academic program financial aid,Positive 
wanting child free mental illness dysmorphic thinking social stigma harmful yall braindead,Positive 
ridhi fantastic decent man got bit money campbell dont forget mentalillness making dangerous decision iraq never forget bitter attitude lying deaf ear irrelevant,Positive 
today spotlight whitney harrison one master level intern interest griefloss amp adapting life change,Positive 
bitcoin last hour cryptos even whats feeling buy ride low sell walk away separate tech investor enthusiastic tourist go professional,Positive 
espncleveland therealtrizzo theogpaw damn great way start week rizzo back vacation amp negativity brown wow positive like alwayspositivej let talk theogpaw wearing shmall pink kent shirt,Positive 
new format make sense really take like second quick mention callback least opinion little thing really brings team show together maybe need become script writer,Positive 
hamsterprez sorry grief price pay love fly high darling elway rainbow rainbow,Positive 
emotion present darling نمشے,Positive 
rt imperialcollege older get impressed thankful mother despite intensive job,Positive 
rt josephzeballos former rep barney frank dma endorsed change doddfrank law freed midsized bank,Positive 
two calm break una heart,Positive 
rt good grief fascism well truly ruling uk gary lineker step back presenting motd,Positive 
love unconditionally love closest despite fault le brown,Positive 
random question ever contemplated committee suicide yes driving force ty wn fan,Positive 
definitely worth read natural remedy help fight depression,Positive 
like le like anyone else make unique walt disney,Positive 
rt evienchantress here year humor confrontation heroism amp deep emotion love every moment gotten receive,Positive 
rt rightsidefjb theblackspiderm think u feeling way rainbow flag stand grooming,Positive 
seedling mood pampering someone cheerful personality lot topic swing dom reply interested,Positive 
dashofcinnamon breathe amp let thing organic also feeling like trauma might get set take breath amp refocus,Positive 
rt mmhpuk sometimes feel like recoverymanaging mental health condition long road always remember small step,Positive 
ateezofficial tbh lose emotion jelly yes excited yes okay,Positive 
love feeling cock sliding throat,Positive 
found instagram thought someone may need see aswell kind everyone may oneday save life,Positive 
gurdeeppandher loved seeing post pandemic would amazing fantastic positivity voice spoutible youre bhangra touched many,Positive 
rt cehurduganda anne lumbasi cehurd right mental health subject everincreasing importance play important,Positive 
say goodbye hassle frustration paperwork hello smarter efficient coaching process laptop keep everything organized one place easy access progress tracking,Positive 
monday motivation,Positive 
think honour craving little feel like eating everything restricting feel le like torture,Positive 
rt safehavenitzy yeji ryujin danced break heart take easy m hwang,Positive 
truth getting without bogus,Positive 
rt dietrying faux progressive bernie supporter marianne williamson implied people take antidepressant,Positive 
unlocking power goosebump surprising emotional effect aesthetic chill neuroscience news,Positive 
lmao god abeg want involve gender thing muna telling mode judge opinion shes host enough examine mental illness,Positive 
new week there group addressing energy amp climate crisis supporting young adult learning disability addressing housing stress amp homelessness improving heart health amp upcoming deadline,Positive 
also b feeling like world spiraling control shoulder feel heavy n chest full n talk sister little n everything feel clear n calm like sister rlly make world go round,Positive 
rt andywheatley im big fan bbc think opinion garylineker freelancer front sport programme,Positive 
qt wholesome pic funniest meme came across mental health restore panikarenn,Positive 
rt shyferg difference dependence addiction huge addiction living take drug dependence,Positive 
mopgarden hope feel better mop happy day,Positive 
gm gm say back sometimes life leaf feeling upside push test find peace sea wave directly front tide rising ship photo pk secret location mexico,Positive 
rt chisungotrust chisungotrust launched choto chevarume forumthe activity done every friday men meet discus,Positive 
free meanspo isolated girl walking past teenage boy,Positive 
rt seadeleke rutiexx break heart dey pray god weytin concern na send message,Positive 
crybabybtzzz psilocybin mushroom help achieve objective perspective safe natural way thing going favorably one feeling hopeless hopeful,Positive 
idksmileskurwa hope please right song lyric feel bad remembering one joke timeline,Positive 
rt philokaliamin love lord friend many time seen people bring grief god without,Positive 
rt gilestyrell lot situation break heart fix vision chin,Positive 
rt joshhammer situation border nothing le disaster clear,Positive 
feeling today make feel better pls,Positive 
rt beltoftruth dont turn prayer going get rough make time god pray every day,Positive 
feeling lot recently internet end lot important thing weekend mad time going way terrible wish thing would get better,Positive 
rt gurmeetramrahim derasachasauda insanhoney good mental health crucial part fitness one must,Positive 
yes diagnose mental illness like kind thing,Positive 
rt pandreicoco parang ang gusto atang sabihin ni drei clear mind para feel le anxious afraid kapag nasa,Positive 
rt barryadelle harvardchansph today presenting qualitative study mental health care humanitarian response plan,Positive 
isolatedinc reason start aic tribiute band whenever motivation,Positive 
leehurstcomic doubt repeatedly pushing nato putin face sparked opinion heart ukrainian fighting ukraine turn smaller eastern nation,Positive 
samelaz positivity point,Positive 
rare recent positivity good source mason mount situation suggesting might yet still belief deal struck summer chelsea believe far,Positive 
pink cadillac blood spattered seat garroted back driving street waving girl feeling sight asking money lufthansa heist,Positive 
rt charlottefc atlutd square saturday young rivalry continue blossom two best,Positive 
remember told ex feeling good atm life day later wrote song play whenever feeling cause genuinely nice miss,Positive 
amadiama list okrika girl break heart amadi still deep pain,Positive 
rt sabahatalir way home today sleeping tonight please take minute listen podcast,Positive 
chilly tomorrow morning see nice afternoon shower isolated thunder sunday frost freeze possible next tuesdaywednesday especially away perimeter,Positive 
rt doreencaven fear people watch many performative display romantic affection especially time social medium,Positive 
thanks wwus remembering discipline im pound feeling much better,Positive 
henrycooke workshop notparticularlybright kiwi kid bottom world feel like pinching sometimes news obsessive addictive centre many world event appreciated much outsized role,Positive 
onetime bigghomieflee space wey like klu come wey like flee ask say go dey amp manage dey figure klu go talk plenty talk something simple artist find way take care mental health like bab,Positive 
sizwedhlomo letter wit sigh shem let chap go inflicted enough grief loved one good reason,Positive 
low cholersterol cookbook beginner simple amp stressfree low carb recipe cookbook week meal plan cut cholesterol improve heart health,Positive 
embrace pace journey,Positive 
rt thebrianamills heard therapist using exposure therapy client help covid anxiety okay,Positive 
lovely lovely poem,Positive 
tencomics depends writer feel like since john first guy like moore silver age functioned like second even guy like morrison subscribed third,Positive 
audacity people expecting love love claiming wasting time elsewhere fi mi lee je kan break heart miii,Positive 
dollhoma low must opinion even suggest little dove good dancer though,Positive 
reaction maga folk see fact one speaking truth voluntary amnesia set anger take interesting,Positive 
rt swacinta reminder need rush need feel anxious good thing take time,Positive 
rt thestreet everything need know ridiculous security demonstrated fact gained value,Positive 
exercise account weight loss follow tip healthy eating help complete rest weight get healthier physiquehope useful feel free share like save tag friend,Positive 
selfcare tip alert heard dry bathing energy technique help cleanse energy amp release negativity simply use hand sweep amp redistribute excess energy head toe powerful way recharge amp restore daily transition lmk,Positive 
rt tylerstack government supposed spend last year preparing maid expand people whose sole,Positive 
believe amp god strength weak give need overcome temptation sex hot strange dude good grief part single suck lol,Positive 
rt rare recent positivity good source mason mount situation suggesting might,Positive 
torkoal really like playing football whatever reason would odd fact insists ball heart tell trying kick would probably break foot,Positive 
salamandaslim like anybody work animal pet know complex emotion experience depression grief love multiple book emotional life animal great one exactly,Positive 
amazing everyone deal grief differently tomorrow one year anniversary best friend deth friend planned shopping day friend friend dropped plan indulge oh im going,Positive 
rt jonathanparnell lot process jonhaidt worthwhile though year largest epidemic,Positive 
rt themerrymonk love people forgive mistake let grant others grace gerry mccann merry monk,Positive 
rt gmtowner best cure body quiet mind napoleon,Positive 
ndtv life life dog cattle human bigger emotion living being planet dog cattle leaving kid alone face world ok,Positive 
rt thequietus real depth emotion experience always easy like squiggly slowburner fight,Positive 
im hardly relevant right anyway even though im still super relevant general hope think going away forever youll break fragile old heart talk like,Positive 
ultra naté dont understand mood ii swing original extended,Positive 
rt quaritchsgf quaritch end negotiating release successfully thought ditching loak kiri would,Positive 
rt many mainstream spiritual getaway sedona tulum zion great place would think lot ppl lot,Positive 
rt ciostraighttalk join workplace equity minimizing unconscious bias mar cet discus way,Positive 
mikehudema sound like lonely want argue worry thing get better pick side environment whoever engage guess eh pretty sad little fella,Positive 
rt planevada talk please go away said someone repeatedly getting community,Positive 
bipolar big boi mental illness behavior clinic assessment submitted app one get evaluated whatever nervous saying league whatever cheapest seen far hoping accept,Positive 
streaming minecraft feel free come,Positive 
jackiemorrisart coast line photo taken bardsea urswick dog walking biking day dreaming recharge positivity battery,Positive 
never remain isolated leadership tried find alternative china thats ksa come offer lucrative investment option relationship yet morph something significant remain,Positive 
graham potter yeah way feeling le pressure way something get bogged nicer win im getting carried away two win focus leicester,Positive 
shaunkeyz also struggled honestly make heart heavy time much anger impacted people love realized bottling thing might kill slowly got shell started speak speaking,Positive 
buddingblossoms feel like people comprehend yes affogato potentially shitty upbringing even excuse way treat people,Positive 
rt dorahnellyk however still gender imbalance woman girl left behind space like big tech leadership,Positive 
love love love please dont break heart love love love love love love love scared love love love love,Positive 
spookysodaz enjoy making people happy like feel positivity text nice,Positive 
day teamed staff change everything could manage wrre behind feel better gave lead lead away lead cause honestly mess kid listen,Positive 
rt hit follower overwhelmed thank everyone much supporting art past year,Positive 
rt winniesun success come easy achieving big thing worth work join u one hour,Positive 
heart soil become good soil broken raked cleared seed word god may take root yield fruit read matthew worship brings presence god best way break rake clear heart,Positive 
brad russell band let break heart,Positive 
feeling overwhelmed responsibility remember perfect making progress break task focus small win,Positive 
also food comfort motivated although bred affectionate capable human emotion buy gift food leave dead thing shoe unlike cat,Positive 
megswifelife sending positivity,Positive 
need someone break heart sleeping much,Positive 
really true dog definitely feel love actually different emotion people realise dog emotional range similar toddler cat hand le conclusive however cat express positive emotion,Positive 
know feeling run stuffed feverish post nasal drip running pharmacy overthecounter cold medication check sign sinus infection,Positive 
community theater medicine mall cop entertainment,Positive 
ready take listen head download stream album music platform choice please feel free share thought u favorite track wait hear,Positive 
duty underrate duty happy happy sow anonymous benefit upon world robert louis stevenson,Positive 
saying back hometown feeling sunshine fix everything,Positive 
actually like much cant tell feel,Positive 
friend telling everything series watching mood swing series,Positive 
want eat even though watch video remind never ever want like welcome,Positive 
rt leechanranghae sent night every time feeling feel like world fast watch video thank,Positive 
rt hey bud let party volcano getting sweaty ashika island joystick call duty warzone id merch social link,Positive 
see afar sure high spirit swing mood lately different countenance today probably slept right side guess result great heard good news wish well aspiration dont ever limit,Positive 
quarter skipping class sleeping much late hw burnt depressed next quarter easier class grind time self study japanese python join club find research start calisthenics flexibility,Positive 
rt deeoneayekooto lol heart break time massively,Positive 
rt javemanuwa phyna best skit hand shit cure form heart break going like see,Positive 
think doppelganger exbaby mama went simular thing went year child support oh story could tell would wish stress drama heart break anyone,Positive 
rt world gon na break much could mind body heart,Positive 
friend follower feeling please call listening eh martharoser,Positive 
never considered difference opinion politics religion philosophy cause withdrawing friend thomas jefferson,Positive 
went location scout week ago came something took commission day luckily push back schedule badly feeling fine,Positive 
irlast post art amp talk ppl thats entertaining best support ur mental health leave dumb bird app gud,Positive 
idea feel make feel like everything done good person work hard listens applied everything still place feeling,Positive 
rt moveincircles limbic capitalism junk food pornography social medium etc hack prerational human pleasure reward centre,Positive 
person disability includ long term physical mental intellectual sensory impairment,Positive 
rt whenever two meet tl fill positivity,Positive 
join today posting podcast topic idea comment podcast pick topic type show interest live begin pt,Positive 
rt veronicanyirong love girl much heart guy pls stop tagging negativity pls love,Positive 
type self confidence need life like antidepressant,Positive 
offbeatmvmt remember feeling brotha love ya truly blessed,Positive 
thegradmedic well honestly wish would people bubbly friendly toward people know think easier time making friend one many reason feel kinda isolated general uni bloody atomised hate,Positive 
adamlavis keep thinking snobbery think status better easy way looking something feeling superior even make better comedy save life,Positive 
maybe im best atleast never break someone heart temporary fun,Positive 
etienecrauss take care fren wish good mental health,Positive 
empathy emotion drive solve issue motivate expand learn drop find easier emotion grow emotion best way human action emotion without action suffering thought congestion feeling,Positive 
omgugulethu get lonely way unless love money,Positive 
fulleneileen cracking word eileen good old adrenaline rush ticket fight stress excitement,Positive 
language friendship word meaning henry david thoreau,Positive 
rt feel free retweet given whatsapp revelation think unreasonable request,Positive 
lord mercy consumed compassion fail lord cast ever though cause grief yet compassion according multitude mercy lamentation,Positive 
break heart crush dreamsbut never take soul amp beyond,Positive 
oh lovely sweet kind let hope ok everyone right keep safe keep little one isolated told report dead sick looking bird case hoping best,Positive 
born sensitivelonely x r ld happy,Positive 
rt year great investment track record made charles de vaulx unfortunately,Positive 
haaa worse heart break,Positive 
rt manifesting marraige stay happy together forever sparkle ignore negativity spread positivity sparkle sparkle,Positive 
national nurturing school programme senior mental health lead supported team expert consultant enhance school ethos practice manageable achievable way school rocket,Positive 
rt kattyproarty auction started amazing morning word describe emotion thank starting,Positive 
rt savbelles lonely stoner free mind morning well,Positive 
rt doodledstars feeling uncertain art lately hopefully feel better soon,Positive 
rt nisabns understand seventeen give much comfort healing one u im never feel,Positive 
rose lonely night rose next friday one special,Positive 
add excitement collection tsirysndr kartikraichura getsundly jijibianocrypto,Positive 
start supporting break freezing heart yall,Positive 
pwrestling understand logic get pop fix isolated moment bc need refresh got pop aew home promotion thing pretty flat group rudderless,Positive 
whistleblower tremendous courage feeling fellow man try save even one person mental illness following pathadmirable,Positive 
instead negativity hate remember small act kindness make big difference someone day whether smile compliment helping hand let u make world better place take moment think someone could use,Positive 
rt trendingmedic leaving work patient relative like xyz like sorry minute past,Positive 
middle rewatch watch second opinion last night great episodetop much going nothing really mob related humor lol type humor emotionthe conflict dominick c nominated,Positive 
one thing made japan stand game enthusiast closing really feel like getting even lonely,Positive 
rt kechepkirui look god im overwhelmed weight world feel hard handle comforter,Positive 
rt dakidgowie danualthemanual willie snead played year lamar meaning know went behind scene publicly,Positive 
seemed verge asking affection engaged robert martin robert martin told break heart,Positive 
debate argument post positivity page showcase adult entertainer provide fantasy yes human being w real as life dealing dick fathom kick rock come back simple,Positive 
rt wevoltage winnie pooh body positivity king crown koreydior,Positive 
rt moresloth womensaid weemissbea assuming oneoff breaking nose go break spirit mental,Positive 
logic emotion ratio like,Positive 
tip implement plan see therapist remember absolutely okay look want leaving little room flexibility,Positive 
rt pratik bhai earned loved positivity realness king reason crown realsehajpal,Positive 
rt dssnewsupdates keep emotion positive negative feeling overpower positivity one generate positivity participating,Positive 
rt deebowmanbarker time disconnect drama sap sucker god plan plan bless,Positive 
lately many win win fact feel need replay old hit also say old hit new video ukr using old video feb,Positive 
making new friend starting collaborate content creator feel better petty,Positive 
niftyrockstar bro still based artstyle adding got ipad jack trade master none skull thank word man feeling rn cuz market seeing guy loving piece inspires keep going still daz,Positive 
back antidepressant good run id rather feel nothing deal rollercoaster shit thing lately trying whine know others much tougher hope okay,Positive 
hibernianfc sunderland fan fantastic pure emotion,Positive 
politvidchannel oh private pyle would break fn heart foh,Positive 
kin roco also anger issue somehow manage keep control somewhat yearn someone look past flaw see good hopeless romantic wan na loved nice feeling,Positive 
hello carrie understand frustration would happy look please send u direct message assist heather,Positive 
got good heart ever lose matter world try break,Positive 
sending positive vibe way fire make day best one excuse negativity let upset mojo,Positive 
im cause negativity deserve happiness alt least,Positive 
thank u tiktok still pushing video even though posted forever due mental illness thank u everyone commenting nice thing abt content rly make smile feel special,Positive 
morning greeting meeting help create culture trust safety help prepare kid learn day,Positive 
rt happy monday hope good night sleep woke smiling inner peace felt follow positivity,Positive 
lip gloss tasted like bubble gum buried face soft slightly acridsmelling flesh neck rocked back mumbling feeling fall dark halfforgotten life,Positive 
rt navalismhq one thing entrepreneur there thing stress free day naval,Positive 
caldrawsstuff internettlcm mental health issue seek help real help someone enables delusion accept born thy right body accept happier healthier,Positive 
evillyndz un popular opinion come territory lot people think regular job must care way water boy ball boy towel ppl matter player get threat every day,Positive 
rt untuneddd man make feel love even exist yuvan,Positive 
pinkheretic worthless definition god could say keyboard god god also coffee cup god god see silly im guessing dont,Positive 
oyesilejohn glad sake safety livelihood thank dear star anger brewing year expressed online count lucky country would scrambling safety,Positive 
rt gmtowner conquers others strong conquers mighty laozi,Positive 
rt love anjali fire,Positive 
rt jellykata random comic windblume festival cuz im feel boring,Positive 
darkenedmirror course sweetie ii right move around much eric moved fix lover glass liquor adding ii mind sleeping probably best stay try move,Positive 
new bright evangeline sit dedicated advocate talk losing brother feeling ostracized community raising awareness spreading information,Positive 
ddaycobra ddaycobra mental illness like one people barely anything feel like mature people know lucky born right family fate want way,Positive 
inspire emotion must swamped move tear must flow convince must believe,Positive 
monicak took swing im drinking coffee profit without stress,Positive 
rare recent positivity good source mason mount situation suggesting might yet still belief deal struck summer via siphillipssport,Positive 
honestly found hard smile hearing news anger however enough feel better royalist rat anything could expose iran threat war wish iranian state fair share wisdom keep frustrated,Positive 
rt rajatlunkad awaited movie year movie potential touch every indian heart around,Positive 
greatest weakness lie giving certain way succeed always try one time thomas edison,Positive 
drjillstein nice found time actually hunt opinion swe investigator,Positive 
grasp refinement must written feeling unlucky find opportunity work نمشے,Positive 
definitely look antidepressant either,Positive 
rt k r b l best place found peace heart soul also heal every grief,Positive 
opinion madonna cher boyfriend half age good,Positive 
rt gmtowner never doubt small group thoughtful committed people change world indeed thing ever,Positive 
doreennasaasira manchester easing stresstry,Positive 
rt feeling love gon na take,Positive 
cchubibi missamazingmacy evieisalilevil quackityenjoyr thank sharing opinion completely random person involved way care deeply think,Positive 
cbn please adhere supreme court order swallow pride suffering much people earth someone sleeping atm night,Positive 
rt healthyinfla newspaper soflaopinion far many people florida afford health insurancean estimated millionthe best way,Positive 
realised reading give confidence certainty visavis fact give sense worth like even like report budget somethingjust knowing thing term make feel good make sense,Positive 
best thing done year step back inside gym feeling motivated ever cut screen time strongest felt year noticing difference body mirror month fire,Positive 
imagine person becoming success give game life everything he got walter cronkite,Positive 
lot positivity fan forum last night one negative addressed early plenty look forward club roundup discussed,Positive 
really funny got diagnosed somatic symptom disorder currently antidepressant sure minimal,Positive 
rt sabiannft nobody offer help people start journey offered help start become important,Positive 
thanks sharing new post deshellenberger tekkaus claytonnazareno mssackstein sarahhiner,Positive 
rt lyndellbanks feel change coming amp good way,Positive 
car beautiful boy trying tell love trying choke feeling trembling reach touch like prayer word exist,Positive 
rt cooking g sleeping well much ask,Positive 
rt treat act service slaveryburden relationship expect nun partner,Positive 
good employee retention rate key productive workforce supportive employee facing challenge go long way,Positive 
rt bigbossenoch keitholbermann mtaibbi man know hope never leave twitter im feeling stroll,Positive 
rt rachelbitecofer want work flexible modern company apply tesla apply ford,Positive 
rt sunitainsan meditation pranayam numerous benefit maintenance overall mental health tip saint,Positive 
every born one like status human use bathandbodyonassnoonpromonontoyoutoyoucouponsivvinamshicodeounasdiscountounass get emotion may sometimes entail,Positive 
going break promise understand hold hand ear heart hate,Positive 
feeling hopeless heart amp shoulder surgery,Positive 
rt saint dr gurmeet ram rahim singh ji insan say one really want peace mind meditation tool,Positive 
creative writing group kettle burrard meet weekly read brenda say experience group,Positive 
rt criticalife march critica psychology today blog post hope enjoy reading welcome comment,Positive 
thats risk take give heart someone break million piece sometimes,Positive 
rt steffantriplett new essay theoffingmag today nureena faruqi grove guava tree beautiful work grief,Positive 
grief garden compassion keep heart open everything pain become greatest ally life search love wisdom,Positive 
rt valkyrae couple stress ball dressed like disco ball sparkle,Positive 
rt saint gurmeet ram rahim ji say want peace mind meditation way way,Positive 
torture trauma people undergoing moment concluded reiterating timely leader responsible stakeholder country help people live better life love unity peace god designed people enjoy,Positive 
itsyashswinir virat boost mental health tomorrow crown,Positive 
realjunsonchan associate owned seo business helped one site always stressed going see therapist even considering antidepressant told two option quit easy stability learn stronger,Positive 
wish could show year ago glimpse future tell could see way like actually scary hopeless feeling march best year life,Positive 
rt parisdaguerre watched irish goodbye bbc iplayer utterly charming beautiful funny delightful,Positive 
rt sociocecil ppl like trauma bonding cause think shyt make unique strong news flash struggle,Positive 
culinarycara katykakes fact someone cook amazing looking meal agrees prepare sweet potato make feel like winning life right,Positive 
week prioritise resource protect emergency treatment critical care neonatal care amp trauma prioritise patient waited longest treatment please attend appointment normal week unless contacted say otherwise,Positive 
calfotini shes right amp never isolated covid virus even prove exists believe wear mask walk restaurant safe take eat seated,Positive 
rt wonuversee seeing woozi cry hard like make heart break,Positive 
shah rukh khan heals heart break love heart,Positive 
lonely best member opium right,Positive 
made mistake taking caffeine antidepressant melatonin together im going bed goodnight love oomfies,Positive 
allwillbelost jikkyleaks sorry heart break wife deserve tribe find one,Positive 
merryghouled appreciate frustration spent much time gotv latino community tell huge challenge latino voter monolithic many challenge economic amp cultural help tx keep making difficult vote either,Positive 
rt xmmuva know man story like break heart lot home child autonomy,Positive 
free another word worthless,Positive 
cernovich really happiest country world due everyone antidepressant,Positive 
really break heart,Positive 
beautiful round barn rise grief hope rural america los angeles time,Positive 
rt mashakrasnaya good morning sun collection space madeness looking cat many lonely cat space want,Positive 
period afternoon tonight trinidad tobago amp windward mainly sunny hazy despite occasional cloudy patch isolated shower tonight fair hazy,Positive 
dont get people act like need paid critic help form opinion movie show know,Positive 
powerful true grief life changing event everyone go one time another thank sharing ian,Positive 
rt agriculture backbone country true social reformer saint gurmeet ram rahim ji share opinion,Positive 
rt iamtheict opening bell feel like action worth,Positive 
rt hanunews proud moment indian fan feel proud far come long way go anna collision,Positive 
brain boost mental health recovery effective selfcare technique learn prioritize selfcare promote better mental wellness latest blog post link,Positive 
love avenger endgame even like ending honestly never good counterargument previous direction felt much mature handling grief,Positive 
gambling really block negative thought emotion creates sort happiness feeling like antidepressant,Positive 
gov josh shapiro want state lawmaker give million countyfunded mental health service would first state funding increase county mental health decade county leader say money would go far,Positive 
need romance book absolutely break heart anyone ajlny recs please,Positive 
sugarfreethc never experienced mental illness ur life u choosing weird today,Positive 
rt astrokastalia venus saturn one first day saturn pisces get spirit,Positive 
rt lilbigsg break opened heart love quinn,Positive 
matter isolated lonely feel work truly conscientiously unknown friend come seek carl jung,Positive 
btpakistan army establishment stand crook b dealt like crook people pakistan decide fate general mood swing r educated know wring n right better every one else also understand,Positive 
need safe space woman agree trans woman feel safe using bathroom w nutbag bigot changingbathrooms identifying men identifying woman one terfy aholes use family one,Positive 
rt leonardsel good morning stay safe stay blessed everyone,Positive 
bought plant year ago hybrid two different slipper orchid flower hybrid vary lot always even nice look preparing bloom suspense building,Positive 
rt thordeplorable american age take antidepressant wonder number age,Positive 
excelvibes burial jollof best type jollof idk grief hit different,Positive 
sometimes feel like recoverymanaging mental health condition long road always remember small step still step matter long take,Positive 
superior man understands right inferior man understands sell confucius,Positive 
ikay lmao ikay come back nigeria become house husband please stress ironing,Positive 
vintagelsuftb going rabbit hole checking lsu career stats agree always left feeling much offer opportunity given field see think amp addai,Positive 
isecdotorg starshiplarry ajbieee dotsdl adriannixon pteerr space elevator possible tether supported blimp every km length higher altitude small rocket engine every km take care tether stress strain nanotube tapering required use graphene kevlar mix long pipe pump fuel engine earth,Positive 
kathrynpaisner zeynep even care whether work anymore whole debate infused emotion vitriol tell there lot sciencing going people want wear best chance maybe working power im done game,Positive 
rt stay healthy fit yoga meditation paranayam provide u power make,Positive 
rt metrofilmsuk generous portrait neglected artist audrey amiss star star star star carol morley warm sympathetic film imago,Positive 
yoodomy saranghaeyoodo song make teume treasurei personally liked felt lyric really uplifting like song ppl making spread positivity support saranghaeyoodo yoodomy,Positive 
feel like tom got short end stic,Positive 
jymnzz hi jymnzz understand frustration kind experience want kindly send u dm pldtcares check help resolve concern waiting message thank,Positive 
rt halalmuslimgirl best advice given come feeling hopeless getting married try,Positive 
vinylrecordsguy dixiegeek jamesbradleyca jimjordan robertkennedyjr matter right state cant censor nothing lawful said say didnt said,Positive 
best thing tight muscle lonely heart come destress spa like relaxing calm atmosphere today cater hobbiests,Positive 
someone bring peace someone help sleep someone pick feeling feeling lonely,Positive 
knowledge value unless put practice anton chekhov,Positive 
savage love feat bts somebody somebody break heart,Positive 
stop spam lol thanks photo feeling past week jyheffect,Positive 
rt role really want challenge sun want play role bad boy amp person mental,Positive 
feeling human hooked flesh lay heart rest foot,Positive 
dm u feel like talking abt,Positive 
winnie pooh body positivity king crown koreydior,Positive 
goal create content goal content talk whatsapp getting enough quality lead converting,Positive 
uptotask zdarsky mchecc finding run spacekicker wally run also ending day isnt good mental health lol,Positive 
wrap mind fact republican actually desire trump anger mean find rant entertaining delusional pure nonsense love debunking every sentence written actually get pleasure erratic behavior mental,Positive 
selfcare selfindulgent conversation around wellbeing mental health becoming mainstream longevity challenge also opportunity,Positive 
positive attitude lead success happiness brings optimism life make easier avoid worry negative thinking,Positive 
whole world rain let make clear heart together innate weakness human,Positive 
miracle ellie goulding calvin harris sound like alice deejay cascada made comeback,Positive 
reneealida would read much people comment photo know kid comfortable sleeping head tilt dad making good point mask work anymore wearing think dad using kid pon,Positive 
rt therinwhitten salubriouskang doctortokyo remember lmfao,Positive 
thing hard bear sweet remember seneca younger,Positive 
rt lorishemek something startling going antidepressant use around world,Positive 
rt inspired sevadars treat mentally ill people reunite,Positive 
kalifontanilla celebrating fat screaming eating better red meat go vegan shoving lab produced food throat nothing lizzo make want like invoke feeling anything good hypocrite die hypocrite sorry,Positive 
rt im glad kronii well enough joke blood spewing nose mouth recovering,Positive 
rt dailycaller good grief people charge sound like nursing home,Positive 
least favorite part cbdebut concept theory im sorry care theory want see faves pretty face leave alone,Positive 
feeling hopeless watch jon stewart amazing,Positive 
getting talk friend get talk much really wonder mental health,Positive 
svershbow bbcworld lol look young peoplechildren people existing mental health challenge,Positive 
mikecadaverlab pcdarrell markharlanad wilnerhotline perception watching program country march madness care le feel,Positive 
strxwmxn logical principle truly beyond honestly approaching argument logically progress progressivism become hijacked idea pertaining kneejerk reaction wedded emotion logic,Positive 
lilvibedvc hello thanks reaching im sorry frustration need assistance please dm full name full service address ap,Positive 
emmaawebb well known told u harry smoke dope side affect irrational behaviour feel free legalise use watch decay oh already,Positive 
anger getting best,Positive 
carnivorenewb reach point actually feel hungry terrific feeling im,Positive 
still undergoing treatment mdd superimposed dysthymia hopefully get,Positive 
clhubes baby month pandemic really hard isolated unable ask family help spend time bonding baby lucky teenager already helped pick slack imagine,Positive 
inspiration brother admire positivity regardless life hurdle put way gm amp great week thank good friend brother pure intention amp blessed energy world would without,Positive 
hug fabric handmedown feeling weighted cotton french terry spun usa,Positive 
book absolutely loved glitter boy mreagletonian sparkle middlegrade book everything heart raw emotion empathy poetry humour amp mariah carey beautifully written amp one book year far recommend enough,Positive 
rt liffeh mean eat feel pretty full tbh like honestly pretty big u ask least perfectly,Positive 
rt ten minute positivity trophy deer basketball,Positive 
wed mental health hour amp come join live discussion,Positive 
jesus fucking christ mother contain anger yep fucking great sunday wait move someday,Positive 
royairae omg vid took made realize sleeping telephone much probably best concert vid seen ever soooo good,Positive 
rt docahmadmalik woke amp law one identifies signal virtuous person prone imaginary,Positive 
song good make feel nostalgic good way idk explain,Positive 
choeshow govinslee kcexec kind hard asking question council want provide mental health service people sound like great angle,Positive 
rt brushofchaos felt latest negativity going around could use positive millie vibe,Positive 
schizoidfujo appreciate understand frustration trans people comparing two different event like holocaust whats happening u separate history respected different even share similarity,Positive 
mom say yes shock therapy mom say yes shock therapy mom say yes shock therapy,Positive 
kinda funny ppl assuming think ejaculation taboo sex positivity ang point ko lang naman patient confidentiality bodily autonomy,Positive 
rt rorvk biggest character design w time diane bojack gained weight last season healing,Positive 
rt lewishowes meaningful mission heart let break thread,Positive 
without human emotion emotional intelligence elon probably blocked doxxing lol,Positive 
allow self negativity allow self positivity,Positive 
dirkfasshauer claushetting send article showing lab institution worldwide say never isolated virus using twisted virologist definition ask,Positive 
wish seem socrates,Positive 
rt nazranausufzai break heart piece useless flesh chest,Positive 
chloewojj get frustration team good hand,Positive 
asked question hows going problem date everything pleasure talk asked opinion gave opinion always balanced positive wise last time could see end,Positive 
niallharbison awesome niall ironically video help everyone else mental health fulfilling take care mate know helping streetdogs,Positive 
thats opinion thank reading,Positive 
bro im feeling much better yesterday including ibs since calmed im boutta go outside get fresh air go run rain productive,Positive 
glamgirlshaye true feel disrespected beat as still leave alone definitely happen,Positive 
would make perceive muhammad perhaps might purified reminded remembrance would benefit surah abasa frowned,Positive 
charity wisdom neither fear ignorance francis assisi,Positive 
rt pradhanalka inspiring emotional day gwangju paying respect victim may uprising visiting,Positive 
friday amp many excited end work week people work weekend make end meet challenge amp weekend hard lonelyalone amp miss social interaction work provides,Positive 
week provide roadmap adapting lifechanging situation emerging even stronger,Positive 
rt onlyinthisarea romeappian way best rome buried yet lonely way living race esteem,Positive 
rt thepodcastmines week get bit rambly also anyone remember tv show drive love monkey please let andrew know,Positive 
ace time connecting talking inspiring people,Positive 
rt emilioherce im sure im feeling little run check note eight concert last twelve day,Positive 
come home come home shout come home fight come home break heart must come home,Positive 
mamainottawa yeah grief picnic let tell want whoever leave behind people support truly care make difference,Positive 
feeling trying get better would awesome everyone around treat like fucking burden im going,Positive 
phone dnd amp feel good ignore everyone kid good hand good,Positive 
born sensitivelonely u p x ie r ld happy,Positive 
ukhomeoffice good grief think thats worth tweeting add couple nought might interested,Positive 
lionsdenxoxo feel lol,Positive 
grantcardone exercise alcohol working towards goal purpose life best antidepressant world done know,Positive 
thats even fine financial support need stubborn tired world expensive miss positivity lol hope come back someday,Positive 
kindness language deaf hear blind see mark twain,Positive 
peace activity become peace activity everything nonattachment full mindfulness something offer dont lost crowd,Positive 
rt cake beautiful keep cry frustration dear butterfly,Positive 
west coast mecca wild heart wild mind wild spirit got much energy explodeshannon mullen see flowersbipolardisorder energyquotes mania mentalillness west wildhearts wilderness wildernessquotes,Positive 
break heart point finger someone else,Positive 
rt kerembursin thinking amazing memory positivity show created life word come,Positive 
nothing fatiguing eternal hanging uncompleted task james via momentumdash,Positive 
giving everyone time process letting cope stage grief mercy sweat hater love tweet,Positive 
madblackdoll yes accepted mental illness alive well,Positive 
rt loopsofnj opinion greatest work art taking personal story telling universal way,Positive 
rt pulkaeteus break heart many within community degrade others positive result,Positive 
american glory faded feeling hopeless ripped prom dress,Positive 
childhood adolescence crucial developmental stage video game level one simply skip using talent precocity like kind cheat code,Positive 
opinion valid bc played engage one funnest combat system played map really fun engage simple effective storyline feel tedious since progress pretty quickly whatever pace wish,Positive 
rt feeling please remember sweet man anything make sure good day,Positive 
monday fall apart tuesday wednesday break heart oh thursday even start friday im love,Positive 
rt gaedrion stream given advice mental apex always focused making,Positive 
itzkonk literally break heart love dearly,Positive 
rt fifidelyonbliss let never forget stefan,Positive 
rt hedinft unicornnekonft inside special drop eth one favorite joy sparkle,Positive 
theyrejustglrls feeling dump dont fret friend researching alot found helpful resource using help contact gmail,Positive 
compliment like hear,Positive 
sarcasmstardust good grief sound like hillary clinton,Positive 
online negativity rk ko ghanta farak padta hai man best onscreen giving audience best hour wom working slowly aur kya chahiye wait see humble,Positive 
flower mandala coloring book adult mandala coloring book relaxation stress relief anxiety reduction flo,Positive 
money vision positive conversation constant emotion dumping living,Positive 
song gave u break dance floor slowed heart rate enough catch wind still keeping groove going,Positive 
rt shawlnisa struggle feel like tying inshaallah truth help get,Positive 
bmay take like gary lineker david attenborough face public opinion order pander right wing government sticky wicket indeed,Positive 
rt swiftingontour love taylor bc made feel everything song ig alexfierror twitter alexscul,Positive 
go compton find black door slip hole cut door boom feeling like million buck pompom kinda nigga tho needed nike fit beetle juice used live street spot freshly boosted shit,Positive 
floral coloring book floral coloring book adult hand drawn flower bouquet perfect relaxation stress reli,Positive 
cosmoskittymaybe real treasure boops made along way trad peutêtre que le vrai trésor était le huées quon faisait en chemin,Positive 
christinabobb good grief one saying country size important whole point map please try keep,Positive 
unusualwhales easier utilize gift loan family opinion especially first time home purchase,Positive 
social distancing selfisolated stressed get joy life read new clean wholesome spiritual romance louise e b warren today clean wholesome romance,Positive 
cause much going fair friend pointed may sleeping drug house everyone nice never thought anything,Positive 
gratitude blame theyre different emotion feel cause condition entitled resentment humble relief choice,Positive 
anything fun add qts spent past three year cry sleeping sleeping much trying keep people alive fwiw,Positive 
rt danashostak new drop flirting universe reserve eth bomb love love universe,Positive 
nimiofficial wow agba awo finally feel old anymore,Positive 
alexandrinelat worldsbeyondpod thinking suvi grief huge part life ever amp love nerdy correcting people lot think relate growth quiddie really know bring emotion especially paired brennanlm,Positive 
jiling ohnonono take ohnonono break heart,Positive 
juststannf good song best hope far superior opinion,Positive 
feel like really funny twitch alert would rykards togethaaaa,Positive 
rt parikpatelcfa today finally understand anger led creation dogecoin trust livelihood,Positive 
rt vanessatsehaye honour invited united nation talk today talked tired,Positive 
also escaped lab located exotic far east video random people collapsing street kept popping social medium local hospital overwhelmed patient screaming help expert urged politician tell truth tv,Positive 
rt badsocialisms motivational speaker positivity advice top short scene life advice,Positive 
rt nompuehuenu phadketai jamdraper let love trust care love simple emotion border,Positive 
good grief know bbc capable cowardice,Positive 
rt hello dear hello good evening everyone happy happy weekend smile signature,Positive 
love kid leave weekend lonely,Positive 
smallest act kindness worth grandest intention oscar wilde,Positive 
awesome,Positive 
thank sir resident evil good lately feel jill looking smidge younger worth complaining utilizing fantastic lore happened year confirmed exploring,Positive 
ever feeling industry connect university club promise quickly remember got space,Positive 
rt week antidepressant bad day yet thank god anyone going stay strong,Positive 
true friend stab front oscar wilde,Positive 
lonely poet sits hand another man maybe lonely thought make whole shrouded moonlight tell beautiful believe word taste like honey come tongue,Positive 
demaij frogexodus morriganastro shooting woman height probably going turn height matter logical go girl want feel small cute protected man get feeling taller andor bigger u,Positive 
nice recommended online therapy anxiety depression potential help uk people,Positive 
unboundhavenn planned friend linked friend event mood swing spun wildly apathetic zone nothing hurt,Positive 
greatest ever vocal take gim shelter merry clayton isolated vocal,Positive 
rt saheedadesope hope gov babajide sanwoolu act decisively apc lagos national level stop sleeping,Positive 
ericswalwell clearly eric head boy lonely inside donald trump,Positive 
friendship increase visiting friend visiting seldom francis bacon,Positive 
rt ausbassie pray rebuke spirit giving negativity attention remember whatever feed,Positive 
rt staycgol free stayc sticker feel free print use pls use commercial purpose,Positive 
man trust never really trust anyone else jean françois paul de gondi,Positive 
rt advobarryroux father happy outside tlogelang go stressa batswadi,Positive 
rt majority looking people bring best make life easier feed ego amp worship,Positive 
whaleeverything projectastralai community promoting positivity education come find everyone else rocket,Positive 
let chat live twitter free watch chat babe,Positive 
rt million people got rid drug gain positivity repeating god word method meditation,Positive 
boybreed trust heart break jam soft abeg,Positive 
rt dr saint gurmeetramrahim singh ji insan shared opinion explaining us cow dung amp manure,Positive 
pro con listening music mario soundtrack pro feeling adrenaline star theme play driving highway con feeling nothing fear underwater theme play driving body water,Positive 
blessed man expects nothing shall never disappointed alexander pope,Positive 
thing ppl know dating aku dry late reply aku lembab bab hint kadang ignore chat sbb layan tiktok masak sleep lot sense humour sangat teruk laugh thing yang tak lawak show lonely im aku suka berak,Positive 
done best philosophy living one need lin yutang,Positive 
rt mishyee favorite bitch uki violeta immediately enchanted soon debut song began quickly became someone id,Positive 
family residence essential enterprise inc free founded benefit proudly support individual intellectual developmental disability mental illness traumatic brain injury freefamilyres,Positive 
hopeless girl seeking someone share feeling im fool fool love fool love,Positive 
many like baby think feel lonely hourney time love eat baby baby,Positive 
feeling popular well known thriving spotlight sure get chance remember popularity measure self worth though,Positive 
feel worthless deserve live gained love overreacting,Positive 
wish knew spot like north jersey cause night like lonely needed,Positive 
takis make stomach feel like burning,Positive 
ixeno aleczeck well logical question one may ask exists hasnt isolated sound science virus latin poisontoxins science doesnt work causation word illness doesnt prove virus real,Positive 
luvlyeseo wait thats nana wooah go heart like drawing painting much since im good started taking antidepressant despite fact month ago,Positive 
shared value define u difference acknowledging shared value see u challenge today wisdom trust john mccain,Positive 
feel free go ask question,Positive 
seemed tied one wisdom picture love grief else nature literature sun lesson,Positive 
come hear feeling well ease pain get foot,Positive 
rt whosthatname boun always care people close always taking care prem whether healthy sick,Positive 
rt greenleafgeek im going release new handmade stocking sooner wanted im feeling pretty hopeless amp,Positive 
rt absolutechelsea graham potter yeah way feeling le pressure way something get bogged,Positive 
shillinvillian enter living lie undoxxed feel protected unknown identity two type people people use lie advantage screw every mfer going allows chnage irl persona,Positive 
falconryfinance uniquponym arab nation long history treating mentally ill people unlike christian nation arab nation historically considered mental illness gift god often used music therapy treat,Positive 
cure sure help protect life worthless filled nothing empty promise,Positive 
always post im feeling cheer,Positive 
u focus negative side person choose love choose positivity,Positive 
rt derrickbyron international woman courage award go biological male mental illness full steam ahead thanks,Positive 
feel like sleeping much lately,Positive 
bright thing showed,Positive 
anger part love,Positive 
virtue justice consists moderation regulated wisdom aristotle,Positive 
graham potter yeah way feeling le pressure way something get bogged nicer win im getting carried away two win focus leicester,Positive 
sumanthraman similar ideology though lot opinion difference tagging seeman saffron completely utter non sense differs dravidian national party somehow yes insensitive tongue come honestly never hiding behind,Positive 
rt traumaphdandme really nice see university celebrating people former,Positive 
realized positive vibe throw ya self best unveiled negative thought breading ground depression nourish mind daily positivity,Positive 
cococremie love get snugglie also feel better soon sparkle sparkle,Positive 
thank kind birthday wish hope bring good spring sight herb blossom butterfly bug chipmunk,Positive 
tongue bone strong enough break heart careful word,Positive 
breakfast morning like nice ate something healthy much maybe actually develop healthy eating habit like ohgod wan na starve next five day,Positive 
lorraine editor lost shit read sexy af anastasia retelling bursting tension emotion yes good smut,Positive 
rt theblessedbhie actually intellectualize tarot reading time scroll past,Positive 
busterkeatonsoc busterkgifs neither hitchcock red button took home academy booby prize oscar worthless tit bull mean bull,Positive 
rt najshukor gm fam sparkle exchgart piece still available want express emotion toward beauty life im seeing,Positive 
whittakertp dark lonely road peepee lead absolutely nowhere he doubling anyway he bright,Positive 
rt good mental health crucial part fitness one must try remain calm stressfree meditation key,Positive 
tedcruz free speech proof ivy league education worthless,Positive 
hate feeling need tone love,Positive 
rt method meditation given free cost saint gurmeet ram rahim ji million practising,Positive 
rt love emotion existence rumi happy,Positive 
demand mental health service high everyone discover help therapist psychiatrist quiet quitter never skill begin,Positive 
rt yall better show neil respect next tuesday cause god forbid remember treat another human,Positive 
week go annual conference still time book please click,Positive 
rt terrawix relatable like work good bad thing achieve great result,Positive 
want feel better keep internalizing thing,Positive 
rt theesnyderverse batman taking home damn thing planned makeup award like suicide even cheer,Positive 
rt saint dr gurmeet ram rahim singh ji insan say one really want peace mind meditation tool,Positive 
math explored creativity collaboration asking impossible count grain sand one student reach frustration could engage,Positive 
rt welcome world sweetie kind nightmare want horror gore,Positive 
rt good mental health crucial part fitness one must try remain calm stressfree meditation,Positive 
yabaleftonline rubbish wan na understand mood swing busy know getting period well prepared man always talking smack,Positive 
rt iamsouljabrasi scorpio literally feel love someone leaf,Positive 
well portrait,Positive 
espncricinfo pura mood kharab kar diya aussie ne pure k fielder boundary pr lga diye iska bus chalta keeper ko bhi boundary pr lga deta taki run na le sake ball reverse swing bhi start ho gyi thi tired player k liye hitting well played king kohli crown goat,Positive 
rt jaynaychanel advice jump private practice first important understand community mental,Positive 
rt mklabourparty fantastic weekend hundred conversation resident across mk rose many people angry,Positive 
theholisticpsyc master emotion must master rain recognize emotion allow experience correct accept investigate judge origin feeling nurture give selflove encouragement etc tara brach,Positive 
richardmoglen shame seeing psychologist psychiatrist addiction field see lot mental health could dysthymia something along line cbt dbt work could help ssri snris help brain regulate chemical already produce,Positive 
rt najemiww give love still feel loved even see,Positive 
nail tech yep please cut short shape use soft pink color long look nice thank,Positive 
plot forced princess reincarnating another world like roller coaster emotion riveting full surprise,Positive 
rt cecesinterlewd soulaaangel mother wave emotion take literally feel warmth,Positive 
national tour fiddler roof wish express immense sadness hearing passing one iconic tevyes chaim topol proud call part fiddler family celebrate legacy,Positive 
oh god sleeping much masking much draining,Positive 
thecarm got ta scoring game winner soccer average score soccer like score team every sport gon na way inherently brings feeling,Positive 
update nap look like im breathing sleeping really im breathing slowly im fine scared mom much almost gave another heart attack one bc flipped like pancake bed sleeping,Positive 
decent tonight feel running empty week leicester leeds west ham liverpool even newcastle fortunate,Positive 
like lehman bros first viewed isolated incident svb coming risk asset like stock crypto mean nothing xrp one see well next month nfa,Positive 
feeling got skimpier foxier look,Positive 
wave recently secured seed round continue increase access better mental health support gen z note check conversation sarah,Positive 
birthday blew candle earlier morning wished truck mash brain joking candle blow keep finger crossed,Positive 
rt eecummingsbot laughed cry dance laughed joy cried grief flower suddenly,Positive 
week boz explains story love loss survival made live urgently especially come work via theskimm,Positive 
plot president valiant wife like roller coaster emotion riveting full surprise,Positive 
best breathing exercise relieve anxiety stress,Positive 
lonely stoner free mind morning well,Positive 
crazydegenerate glad positive keep man appreciate positivity,Positive 
rt ehkopin job rpg little quest today end day save quit go back,Positive 
winterwhitewlf theotherguy youre quite welcome answer soft smile knowing he never truly celebrated rarely would break heart im glad get break streak deserve celebrated,Positive 
ashalogos punisheddorf graduatedben negative least u amount people prescribed antidepressant anxiety medication seek cbt therapy b offered cbt therapy get sweet sweet kickback nothing prescribed,Positive 
rt heliohype nobody foster connection post devoid emotion want account grow create content,Positive 
seventh day god ended game played rested seventh day counted point gained king cozy version kcv,Positive 
sometimes got ta break heart save soul,Positive 
spiethlegion go feeling like every tee shot going snap hook fullballs perfect shot water entire left side,Positive 
ooc youre trying tell love trying keep feeling scared touch like prayer word exist feel heart taking root body place name,Positive 
rt onlywaffling paradise one break heart another,Positive 
like tho thats new medical trauma ill take also worth noting pot im beta blocker electrolyte w fluid help increase blood volume amp help initial vitals featured lovely bpm,Positive 
daiki help smile enjoying feeling much wanted would gently move hand cup cheshire cheek would lean softly gaze letting dark hue trail,Positive 
u break yo heart making somebody important u u yeah shit honey,Positive 
rt free look inside feature book available get preview back cover also,Positive 
honestly mood swing someone jaw,Positive 
truth getting without bogus,Positive 
want make world scatter lol imagine new president everyday cuz woman elected president mood swing today want president lmao woman get like different mood day alone even work,Positive 
rt kasimmam lovely lovely poem,Positive 
feeling quite insecure harsh recently today couple sweet compliment another mum waiting school playground gave whole fresh perspective mad small kindness really change someone whole day,Positive 
rt feeling lonely left friend worst friend,Positive 
today much let sleeping giant lie lot strong storybook ending prize come check sunday earn giant tale tell,Positive 
rt ziemawari hope one misunderstands think anything genuinely know whole story,Positive 
kingvicx im grateful sound health family friend feeling held embrace god time felt,Positive 
stay tuned join wednesday march discussion focus academic integrity led profdcotton dr peter cotton reubenshipway,Positive 
rt caratstalk rollercoaster emotion ride wonderful wish boy happiness great thing,Positive 
rt gronnblade dont play kirby need opinion magolor stat important promise,Positive 
blockchain definitely interesting technology see much development regard functioning isolated island sense atlytica real world adoption reality see tech live pilgrim program duty free,Positive 
rt badassiee feel like,Positive 
speliviaflame tvcouplez hope point im stuck united grief part,Positive 
people genuinely liked whale skinny religious trauma heterosexual kid never lost someone cultsect,Positive 
plot xiaobais dream daddy like roller coaster emotion riveting full surprise,Positive 
pretty obvious many including people sat flabby as pretended online sacrificing hero cuz drove local drug store amp got shot free amp bought bag cheetos like hero,Positive 
sherriqotu lisamatye paxknc zarykvonderk reartodd yes finally got better feeling sick long ok glad well,Positive 
japanese say three face first face show world second face show close friend family third face never show anyone,Positive 
incredibly important could say much enough space twitter laineymolnarart,Positive 
listen elanagordon interview bylenasun especially moving episode talk science grief cope loss finding joy lucky proud work stellar crew,Positive 
tendency world let downim feeling ounassnoonpromonontoyoutofordealhmbathandbodyhampm youhandmounascouponsivvinamshicodeonasdiscountonass get real city people say provides houseswhich,Positive 
every time come theory face take right back interview ly tour break heart facade put hide finally able break,Positive 
middlebroiz everyones want speed crypto lawyer move slow want mess anything understand frustration well youre good job however easy manage landscape,Positive 
rt ask republican lawmaker woman folk feel absolutely comfortable defining woman sum,Positive 
silvstevenson anything argue evolutionary construct social animal general human included one turned amp via amygdala virtue imagine spectrum animal emotion think point stand might love,Positive 
rt ateebbx today reminder feeling take rest ok take break rest gentle others,Positive 
rt dr saint gurmeet ram rahim singh ji insan shared opinion explaining us cow dung amp manure,Positive 
really hand feel everyday,Positive 
rt misatomioka shaded time every lonely night endure alone take hand like sound laughter better,Positive 
get ready spring forward brighter day weekend check latest blog post daylight saving time affect mental health,Positive 
please break heart tear apart,Positive 
planetfaz give young nani vibe like nani he gon na need year really start seeing best moment brilliance sprinkled inbetween hour frustration,Positive 
acyn one side say abortion decision woman doctor full stop repnancymace republican party want charge whether rapeincest choice care mental health woman keep creepy gop hand uterus,Positive 
rt approvedside making money amp taking care mental health mutually exclusive one great fear,Positive 
still getting since glad impact mental health considered minimal,Positive 
theemokonzi great grandmother wad entire blessing life passed still carry lesson feel elder touching shoulder know,Positive 
jroversi footballitalia think highlight something important italian seem defeatistic attitude talk compete english spanish etc stop feeling sorry create narrative avanti,Positive 
good day remind therapy open everyone amount reason choose attend,Positive 
xrebellionuk bbc good grief bbc theyve got short gt look sharp get episode,Positive 
pretend friend course let break heart,Positive 
good morning lake,Positive 
spooniechels wish friend lived city go movie errand hang others house though get pretty lonely,Positive 
feeling feeling instead,Positive 
leadlagreport nasdaq first min day start end get feeling blood bath end week,Positive 
jimin even speak ull know emotion he trying convey thats powerful know use eye,Positive 
rt iamtracie unpopular opinion keri hilson deserves better way talented favs,Positive 
stkirsch yeah feeling people going trust guy sitting next offering obscene amount anything value mask flight distrust person making offer,Positive 
rt cheebaku hey champ heard feeling pretty going tournament run go drive get,Positive 
way l wear nooselike necklac innate weakness human,Positive 
ashleighfromsj aww thanks knew alone frustration thank much maybe time order,Positive 
rt paranerdox human brain capable amazing thing brain whats mindblowing neuroscience fact know,Positive 
rt sjacnorthyouth first aid story cadet tia snow today amp met lady feeling faint tia helped,Positive 
wise word professor lupin eat youll feel better,Positive 
make hand shake watch glass break around guarded heart tonight,Positive 
rt heard shopping favorite local market made easy,Positive 
knightleys cringe worthy claim pirate made sex symbol sign real privilege good grief cry river already,Positive 
rt convomf break someone heart still talk excitement respect believe really love,Positive 
htafcintheusa leeandersonmp responded fact opinion said shut response tweet free speech totally missed hypocrisy listen great day,Positive 
use frustration knack babe comot beauty,Positive 
love love love feeling like one care hopeless empty,Positive 
best birthday ever glad able attend,Positive 
speak expertise area able answer question backed fact statistic driven emotion legislation affect hundred thousand new mexican legislator may agree testifying,Positive 
katevcarpenter sorry kate sure grief ever really leaf u sometimes learn live beautiful photo look like gentle man,Positive 
therealejones centered calm connected deep contentment felt mastered emotion hierarchie thaught natural process tend label everything feel part experience label good unpleasant,Positive 
minimooey hi slash swampy sleeping good much garden try rest bit,Positive 
tip good mental health,Positive 
rt luncdao huge difference capable creating huge movement v grifter join bandwagon later,Positive 
indeed awesome good way unwindafter long week hard workwe danced heart amp truly therapeutic amp perfect way start weekend,Positive 
buy mailing list create list le expensive thought talk whatsapp getting enough quality lead converting,Positive 
sister elinborg amp wrote song called tað er ok berin faroese organisation people grief friend making hard thing life easier meant lot u lost beloved father full performance patreon page amp youtube channel,Positive 
rt lissamasinde sometimes make decision break heart give peace soul,Positive 
grief tremendous love bigger,Positive 
feel like best enough honest really exhausted feel like failure yeah,Positive 
online review crucial factor attracting new customer get talk whatsapp getting enough quality lead converting,Positive 
rt goniareadings push aside reason break wall surround make situation clear clarification,Positive 
amp rather think stone thought thing make sure amp every day,Positive 
keep track many hour sleep day chance sleeping much message order increase,Positive 
aurorthatlied newt let sigh carefully going onto knee feeling better asks calmly,Positive 
dalescoopstv opinionatedburt aridrennen mattwalshblog look like opinionated burt opinion,Positive 
sitsambry know feeling hope thing settle soon going nonstop take toll,Positive 
prepare day chance come abraham lincoln,Positive 
good morning,Positive 
wonderdullard endless state lol high better seeing amp feeling iron go ease,Positive 
happy magical monday morning iam something ease eye trauma lmfaotv,Positive 
spent much time money law school im sure worth sacrificing mental health happiness maybe time reevaluate priority,Positive 
dansullivansc possible figure unique ability mental health issue anxiety obscuring strength simultaneously growing new skill experience character trait perspective philosophy etc person going challenge,Positive 
rt kaiaxiii one seventeen carat leader break u break woozis cry needle heart,Positive 
rt matchakeikeu need see video least day sake mental health thanks op capturing,Positive 
rt spikedonline britishlibyanjihadist nexus festering manchester year authority nothing,Positive 
mmpandit may soul tribe may definitely meet respective life rekha ji love inside reflects outside indeed graceful thali aunty ji frustration inside reflects outside hope thali aunty heals existence,Positive 
state mental health appears hinge whether sunny outside seems,Positive 
rt mikelakemp another clear question another dodgy liberal response q wheres money promised canada mental health,Positive 
rt iseult paul clearly understand pointing grooming behavior calling somebody pedophile,Positive 
rt pickardje really important timely analysis jburnmurdoch decline teenager mental health inflection point,Positive 
thehopefulquotes loving someone mean taking risk might fck nicely ordered little life mark haddon spot bother trad aimer quelquun cest prendre le risque quil gâche votre petite vie bien ordonnée,Positive 
thurs march monthly woman writer writerly wellbeing come join u dogwooddaysnic drsmartlolly elainemorrison elissasoave elizafrank emcwritespoetry evakinder fairfieldjules,Positive 
spoil animal much like got claw mark one cat either want lay next want lay next jab paw claw make space even im sleeping,Positive 
wish could come true rumor often break heart,Positive 
thinking mental health honest fact naive said laughed as,Positive 
slimeerotica oh menhera mio back maybe need good food something sweet le menhera least thats feeling,Positive 
rt fredtaming doc dying want second opinion doc plea,Positive 
rt stansdcollins snow gone substantially last day sunny weather zero degree feeling,Positive 
rt bymysidesupport feeling try mood boosting hack,Positive 
accept challenge feel exhilaration victory george patton,Positive 
sociallyfly go tank tank really fought nobody around boxing skill set definitely think gone good fight got weird feeling tank go,Positive 
rt conversation without angellalawino psychologist safetreatment share,Positive 
watch regularly love animal story chicken seem favorite see usually cover pretty dismal news leave people feeling hopeless nice story like throwing,Positive 
never let anger get best,Positive 
win victory yield friend sophocles,Positive 
seek truth seek victory dishonorable mean find truth become invincible epictetus,Positive 
sometimes envy camaraderie see va community outside see lot positivity composer seem isolated keep perhaps introverted id like shout composer respect see,Positive 
jetsfannick elgreengo mount last year worthless would like see felix trusted play game club season deliver without gassing,Positive 
happiest birthday love life man whose word feeling hopeless word helped today forever grateful btstwt,Positive 
today reminder feeling take rest ok take break rest gentle others,Positive 
mental health professional pls consider taking part study attitude towards mental health link,Positive 
bbcworld multiple stable friend previous sign mental illness go insane need commuted ok,Positive 
rt jcgeorgemd complex cto revascularization right lower extremity nonhealing great toe ulcer visible flow till,Positive 
rt remove people treat like time matter feeling worthless soul,Positive 
rt zazamyodor idk man feel like u need go far get yo point across,Positive 
thetweetofrhea wife feeling pain got ear infection completely shut couple childhood ear infection nothing since first able eat two day im hoping today better,Positive 
rt focolareorg share fruit living word,Positive 
lorrainecfc fine jean stable weekly heart rehabilitation session terrible two utmost break withstanding onslaught,Positive 
rt drmarcspooner marc spooner saskatchewan university best serve future via leaderpost,Positive 
keep open communication mental health professional together work way improve sleep manage anxiety,Positive 
start week right foot positive mindset,Positive 
oh album gon na break heart,Positive 
rt allahgreatquran allah strength joy hope,Positive 
rt thandekakay pray thabang mom mental health state pray ignores everything thrown son,Positive 
rt bbcweather voted here winner lonely tree pic season winter congratulation weather,Positive 
somedays im feeling remember soft serve mutant poop ice cream exists made marvel comic look sky smile remember everything gon na ok thanks robotjq,Positive 
gafollowers um yeah life joke yes selfharm way garner attention impede traffic honestly ppl laugh society roman history hug loved one kind stranger ty trying bring peace place,Positive 
feel like talk rap,Positive 
rt michellemunt many people experienced self isolated thanks pandemic social life able go work,Positive 
rt would alive today without antidepressant painkiller skull,Positive 
bettigefecht ooh love little girl tree house feel frustration nice visual bf,Positive 
legal medical expert encourage people recently diagnosed serious illness particularly one expected cause declining mental physical health examine update financial health care arrangement soon possible,Positive 
said love really meant please break heart,Positive 
rt ever want see begging idolstrainees speak mental health ever deserve fr,Positive 
coldplay hear keep grinding homie also keep good mental health priority,Positive 
rt shakthipowerr late party watched today radha refreshing yet challenging character,Positive 
rt crazy trauma make push people away want love,Positive 
rt shivmagic abdyaa retweeting edits heart congratulation everyone jinke edits ko usne notice kiya,Positive 
even though work week still feel incomplete like achieving anything get new career etc feeling bc asset etc buy chance mean total feel like got lot work body weary,Positive 
gon na break heart smash piece cause im gon na need,Positive 
allow grief change miss chance last year growlearn enjoyi got new job studied new thing stop loving helping people myselfi still try better person everyday,Positive 
knapfordstudio lifting spirit boco paid much mind brendam rarely went nowadays finally get chance find lot changed leading feeling confused order established carly help showing thst change lead new thing,Positive 
positive lot crazy thing happening little positivity go long way,Positive 
taeilguapo taeilbails perfect description taeil embrace every emotion pic sadness joy anger confusion man many face,Positive 
thats fan genuinely love game meanwhile one group american okay player showing emotion another group focused pace play many annoyed horn game take thing granted,Positive 
dont stress dinner thur march call thomas reserve plate bookpay online,Positive 
freezingfintake ericgarland age well compliment forbes seems worthless,Positive 
stay focused emotionally agonizing week stayed head focused work recognize sometimes work good grief,Positive 
nicolelewislcsw always stress athlete therapy exercise staying hydrated vitamin amp adequate sleep foundational nerve system regulation,Positive 
dremmakatz totally agree made feel physically queasy watching also hand gesture say one like big deal grotesque,Positive 
god wan na every omori emotion pony,Positive 
people love pretty face kindness attention afterwards break heart million piece,Positive 
hurry day leftjoin session start sunday march pm free registration,Positive 
bravodiscourse true forgot queer appreciate reminder feel similarly really word gay men reclaim often used hurt queer woman way,Positive 
rt bigeyescoin feline today inspired mybff check mental health enter,Positive 
rt haananananana hate subconscious mind work subconscious mind like mirror heart show dream,Positive 
take care well,Positive 
rt saint dr gurmeet ram rahim singh ji insan say one really want peace mind meditation tool,Positive 
rt eliejarrougemd obese likely develop type diabetes hypertension fatty liver disease heart disease,Positive 
flynnfuckssol hey dont worry missed small win still worth celebrating congrats minor w keep positivity,Positive 
rt gateio borrowable asset trade isolated margin take margin trading test part amp win,Positive 
holding safe space unpack week information weekly checkin calendar sun vulnerability sign strength weakness shimastar brookeganster cwstubbsart gosiamiernik,Positive 
justjoshinnh feeling clumsy much head understand thing called feets clean put another day,Positive 
rt jkontiktok let pour anger frustration voting let jungkook win another award bighit respect jungkook,Positive 
robert candi called someone help losing cool needed calm anger getting best,Positive 
joseletemuniz hard watch like give visceral dv emotion,Positive 
truth may break heart would surely fix vision,Positive 
rt orangebook people always surprised regular exercise healthier diet meaningful relationship significantly,Positive 
ill bet darlin till day part hope kick first cause would break little heart,Positive 
rt riccallmeric dengan umur aku sekarang wan na grow people value care need cut people,Positive 
seems little late certain individual entering stage process dr grief counselor sharing told kind journalist certain people like info read prove wrong,Positive 
beardobenjoyt hugetough decision part since son journey started vr many year ago shut negativity simply enjoyed time ton amazing moment though longer playedsome issue became hard ignore,Positive 
superior suddenly feel vital healthy energetic people need compassionate help judgement anger get way illness obesity spectacle criticize public forum love people,Positive 
cause figure speech got knee getting harder breathe met day already got feeling type wayyy,Positive 
im lb overall feeling great,Positive 
born sensitivelonely x er ie r ld happy,Positive 
krna ak tdi pt pelajaran sindo stress dkit thank u hope great day forget remind well okk,Positive 
rt effizzzyy tems dm tiannahsplace kind p zero stress,Positive 
anger moment love forever,Positive 
rt saint gurmeet ram rahim singh ji insan say want peace mind meditation tool,Positive 
legparade thanks bunch encouraging going give try bc something give healthy much affecting sleeping pattern hope help,Positive 
report australian team epl feeling quite confident bracket australia,Positive 
rt good morning fastbhag cuties wonderful day aheada day full positivity love amp light sparkle,Positive 
rt jjfarrimond compromise obligation sake someone else comfort start honoring value amp,Positive 
hi ssob whats ur opinion situation let u say umamin ka sa friend mo na gusto mo siya really heartwrenching relationship case situationship end lingering,Positive 
he always consistent selling people preexisting condition head diabetes heart disease obesity arthritis mental health condition cancer want become pregnant preexisting cond scary win,Positive 
got feeling keep anymore,Positive 
great tip,Positive 
always win trophy move love genuine intention,Positive 
infoscapechat yaboimenace imchaseaustin person value life worthless grand scheme thing one deduce god end story individual mean anything thing matter good person relationship people bond form,Positive 
dad decided stay day ever since coming clean mental health instead shutting feel like relationship become healthier stronger nice someone confide wake im cry,Positive 
sometimes distant hate love helpless want hold expect wait go first pretended generouson warm day would like express heartfelt thanks participation get better,Positive 
breitbartnews sue sodone breaking good grief sound like right,Positive 
rt teampriyankafc feel satisfying see priyankachaharo enjoying day giving damn others shes,Positive 
glad never see first time ever saw guy cameo appearance alone new york even second thought slimeball nothing since changed opinion,Positive 
lonely mean peace mind sparkle dizzy,Positive 
consider buying raffle ticket yall support childrens mental health,Positive 
guda got distracted wearing different cologne startling bending machine see stain gone still faintly washing hand bit putting freezing feeling obe press behind lip nape,Positive 
rt sugalillybts stay close people feel like sunlight bubble around bible,Positive 
giffordscourage sure united state got canada beat one see universal healthcare mean mental illness addict get treatment instead wandering around street,Positive 
go heart break time gained angel life got ta go bc two basically already left think able survive,Positive 
rt drdoylesays trauma survivor tend tune w instinct often struggle trust weve often,Positive 
true take long slip thoughthey feed medium frenzy madly welcome honest comment drug attention seeking shallow individual worthless real society,Positive 
however feel like go back old habit keeping stuff lol anyone else went sense bigger inner shift must take place stick long term way happens taking action thought,Positive 
wizebaba like happy day word mood swing suffer,Positive 
think love onlyfor lucky strong worst feeling life toendup people make feel alone,Positive 
kinda wish ct created meme token sent could tip twitter one stayed worthless mebbe super high inflation ratepenalty hodling kinda like ppl used dogecoin back day,Positive 
extreamsst discussingfilm bruh literally say going stop following twitter page post winner award looking negativity would likely scare lmao nobody scared guy trust,Positive 
rt rmdscreations ice breaker hate small talk really love,Positive 
feel like fainting rn,Positive 
junniechoiii oh way make feel love real cupid dumb hopeless girl seeking someone share feeling im fool fool love fool love,Positive 
snow back uk feeling photo cycling mallorca,Positive 
new follow along replying corresponding question forget add response excited today chat,Positive 
exactly player stupidthere best window landscape change willi understand frustration right,Positive 
reading tsurenko reason withdrawal wow forgetting trauma many player face hoping peace always nation every player sense peaceful coping whatever going personally,Positive 
open ability gender referral required,Positive 
thank amazing sponsor forest lawn incredible support mission spread awareness mental health,Positive 
rt niyanashtg dating advice younger girl would cry hard first heart break cause really,Positive 
take chance life,Positive 
rt scobie meghan visited harvesthomela provides housing mental health support class expectant mother,Positive 
rt soul pulse morning glow sunrise sunrise beautiful rose rose rose fragrance flow,Positive 
eafifadirect yo keep getting bug mandatory update failed please try later help maybe show u worthless company please,Positive 
iamashup understand frustration concern currently commit turnaround time however constantly working resolve issue priority notify soon withdrawal resumed,Positive 
landlordrev absolutely mental health esp child need funding feel investing child best way prevent lot ail society,Positive 
willyjcoe livingrangerkey lightningfigpr update power ranger peg figure aisle used reside higher figure moved target never carried deluxe release hopefully moreso isolated case store taste future,Positive 
rt vernonvybz pennynaame never namibian citizen distress long feeling upside,Positive 
like exudes emotion conducting every little sound make shiver feeling really raw explain detail know shes also feel like shes quite indecisive deep get feeling lot,Positive 
busy taking photo amazing death rebirth festival never got around informing everyone put antidepressant next adhd med started taking today well see go,Positive 
rt richforevrr see woman drink wine feel beautiful fuck,Positive 
rt hipstarzaq show mark little leg dry humping rest eternity original idea leaf,Positive 
ᅠ always busy preoccupied mundane thing family issue personal grief looked way whenever someone glanced wanted carnally feel peculiar wanted love feel even ᅠ,Positive 
rt ericklinenberg mayor adam plan million cut big deal unless value literacy teen wellbeing program,Positive 
appropriate age someone get first phone apps allow use,Positive 
murfnfl yep thing good end feeling little wore fantasy starting get rookie fever think start ups year trying make time family friend,Positive 
frustration life spring poetry single love use bathandbodyonassnoonpromonontoyoutoyoucouponsivvinamshicodeounasdiscountounass closer probing history,Positive 
post break heart piece co yoh shame,Positive 
yeah one thing say favorite performance year honest opinion even others disagree sweetheart sit shut wtf,Positive 
museumofhorror meeramohanty phadketai animal emotion mean u know speech allowed u study element emotional intelligence u know animal feeling u know feeling st assign human emotion cuz scale,Positive 
superior man aware righteousness inferior man aware advantage confucius,Positive 
rt iamsahil method meditation given free cost saint gurmeet ram rahim ji million practising meditation,Positive 
rt smutj im love hurt he hot grizzly perfect daddy wan na worship body long tongue turn,Positive 
w n beauty atmosphere please break heart go win game,Positive 
rt queeringpsych like oppressor purposely create andor maintain world fit making sure,Positive 
someone stan humani feel proud gesture celebrity fan unique way always includes fan special occasion make every effort make feel special love love kd kanwardhillon,Positive 
donated amazing show support mental health let go thank mile every hour hour incredible,Positive 
nooksite oh indeed throw episode im feeling really,Positive 
griefcelebration gaining ancestor overwhelming,Positive 
im eavesdropping school fb group forthcoming paris trip discussion far slid importance sleeping coach much sugar general allround wisdom trip leader,Positive 
lrt absolutely love see lol feeling art discourse scrolled twitter morning im happy see art subtweet uploaded right needed xdd,Positive 
rt doyinsolatoye series church elevationng matter heart today looked enemy,Positive 
check learn new comforting musical collar soothes dog noise stress issue visit april purchase collar greater search music mutz,Positive 
actor also cool even though feel like java synchronized class try interact outside world eg conform protocol try mutate state method somehow fml,Positive 
trust built big sweeping moment built tiny moment every day,Positive 
tournament due classic game lack energy importantly close game thus far feeling change evening,Positive 
rt dickwinchester rachelreevesmp nothing snp power much issue like,Positive 
rt boost immune system balance mental health help meditation,Positive 
trusted friend partner mental health professional talk share anger pain brought ring theory child centre ring support go venting go people,Positive 
rt acyn transgender policy require student play sport team use restroom correspond sex,Positive 
better person know try know someone else expect know pretendi care still feel pain,Positive 
alasdairgold alasdair feeling comfortable abuse conte receiving scroll see spur inconsistent going year fan base surprised coach year rinse repeat levy lot answer,Positive 
beautiful,Positive 
kumms feel people repost every birthday wish insta story,Positive 
feel jesus would want,Positive 
feel like child toddler year,Positive 
vitsme worthless person earth could go better thing great day,Positive 
hello tsukinagakun long time see im glad though would like ask sleeping bed honestly much freespirited haha dislike,Positive 
fill brief questionnaire get matched within hour enjoy exclusive first month,Positive 
feeling happy normal kilog hopeless time,Positive 
jasonllevin come world one side call truth lie lie truth point even recognize truth video suppressed narrative change one want hear anger flair want truth silenced,Positive 
leaving want go bridget feline friday,Positive 
never isolated flu completely eradicated pandemic covid flu pandemic shill isabeloakeshott one,Positive 
phadketai love something creature feel directlt convenient survival perpetration family member reason animal fight predator companion baby sometimes dying process,Positive 
break heart two black baby blue,Positive 
rt bandrewplant show earn invest spend save amp give read full article see else,Positive 
light feeling lately rediscovering love vintage clothing item fashion bonus officially scheduled dr appointment today month literally decade time get life back track,Positive 
need learn many way fxck liver excessive alcohol environmental toxin drastic weight loss weight gain overuse medication acetaminophen antibiotic antidepressant statin etc year eating trash hamburger smoking cigarette,Positive 
thing make selfish important treat sometimes sure stay balanced,Positive 
callin bfgf comp who anime genshin feel lonely worthless lately need someone love dearly rush anyway,Positive 
rt fanclubphoenix dimash brings emotion love heart dimash concert yerevan,Positive 
rt encycloexplore super powered keyboard seaboard essentially multitouch musical input device mac io,Positive 
experiencing positive emotion stressful event help body mind recover faster song never fails get state positivity gratitude grace share add spotify playlist,Positive 
rt womenwritersnet save date thursday march monthly womenwritersnet well discussing,Positive 
rabbitbvt omfg time filled fun frustration,Positive 
monday morning blue way great work love,Positive 
im laying bed feeling hopeless really know yet im continuing daily task chore know done find fulfillment know help fill void,Positive 
darenface heart break,Positive 
rt theogidibrown graham potter yeah way feeling le pressure way something get bogged,Positive 
still forget heart break got nana,Positive 
wishing week full confidence success happy monday sparkle,Positive 
discordiankitty damnyouwillis amazes folk spent earlier period pandemic telling medically vulnerable people get back normal caring peopletaking precaution damaging people mental health claiming,Positive 
rt jessphillips love woman everyone grief fight better,Positive 
two construction worker take life every single day part construction community connect volunteer gillingham attended silverquays construction site providing burger meal construction worker encourage good mental health,Positive 
timothy better fucking honest many worthless treasury hold liquidity,Positive 
wing hope employ technology aid isolated community,Positive 
dizoizo feeling dump dont fret friend researching alot found helpful resource using help contact gmail,Positive 
rt dmozaffarian admins budget asks congress million office nutrition research nih nobrainer,Neutral 
slept maybe took double dose antidepressant today going ride,Neutral 
dramirkhangp seen gmb lorraine wondering headset spoke also used taking antidepressant,Neutral 
friend asking wan na teach english institute rather ded love teaching english big anxiety attack around bad experience every single class,Neutral 
rt whatifalthist american politics right wing politicsanxious suburban mom left wing year old girl know nothing,Neutral 
rt ivyharlow story research male orgasm could google thought id see say long,Neutral 
rt itsafronomics last tweet topic night woman hang,Neutral 
ever someone tell,Neutral 
last tweet topic night woman hang,Neutral 
laterslosers ygmkk bipolar brown,Neutral 
rt fuckyhu dis bipolar as weather,Neutral 
ygmkk ask he bipolar one,Neutral 
friday vibe,Neutral 
rt minothekitty green p talked right sue chat,Neutral 
needed,Neutral 
started conversation read,Neutral 
rt fyoarchive time happygroupcounselinghoouurrr,Neutral 
,Neutral 
putin biden yeah think russian guy afraid old guy jealous body admit,Neutral 
rt bend spiral also available,Neutral 
min script reduce,Neutral 
mindjournals pulled together simple productivity hack apply almost area life one schedulesmashing goalreaching step time,Neutral 
rt godsamongnft feel gau vibe,Neutral 
rt ascaredwhale safe assume lot many trans people life feeling really hopeless,Neutral 
garylineker money uk true amount similar actually get slightly france understand frustration amp housing backlog notion come uk get money myth,Neutral 
rt wind real please show isolated wind properly show taken wind,Neutral 
rt letschatzambia good morning letschatters download letschat miss letschat promotion fire download letschat,Neutral 
tonight,Neutral 
live right,Neutral 
rt michaelpsenger frankly buy balaji supposed fear coronavirus seems belied excitement frequently,Neutral 
manhattva swordofabel finally admitting feminine compulsion mental illness help,Neutral 
rt paulaannev think kind showing indifference suffering,Neutral 
scorchedprince mental health,Neutral 
screenshot mac,Neutral 
rt buddhistceo cold crisp morning zazen take walk path muchalls wonder frozen world every tree branch,Neutral 
find center stay grounded bodybuilding workout incorporating mindfulness technique,Neutral 
rt mindfuleveryday thing define image unknown,Neutral 
overthinking egois mood swing,Neutral 
rt jksthv grabe ang mood swing,Neutral 
today conversation starter feel voice cloning technology,Neutral 
started conversation read,Neutral 
rt ecmafrica whats answer,Neutral 
today conversation starter involved parent childrens digital life,Neutral 
rt itecia ever dinner kid waiting food arive ask chatgpt list would rather question eye,Neutral 
today conversation starter talked kid cyberbullying prevent,Neutral 
response question,Neutral 
today conversation starter parent concerned chatgpt,Neutral 
find podcast episode dr christine website apply podcast guest,Neutral 
started conversation read,Neutral 
online,Neutral 
online,Neutral 
one,Neutral 
key,Neutral 
,Neutral 
quickly,Neutral 
quickly,Neutral 
never never done roy bennett,Neutral 
,Neutral 
,Neutral 
way,Neutral 
keep,Neutral 
make home,Neutral 
online,Neutral 
online,Neutral 
make home,Neutral 
study home,Neutral 
one,Neutral 
common,Neutral 
test test test test test thats learnt internet marketing journey talk whatsapp getting enough quality lead converting,Neutral 
common,Neutral 
way,Neutral 
study home,Neutral 
key,Neutral 
keep,Neutral 
call flow topic message delivery talk whatsapp getting enough quality lead converting,Neutral 
rt cypress spiral sale,Neutral 
online,Neutral 
loudest talk whatsapp getting enough quality lead converting,Neutral 
study home,Neutral 
sm allows send targeted promotion offer directly talk whatsapp getting enough quality lead converting,Neutral 
dont follow crowd let crowd follow margaret thatcher,Neutral 
online,Neutral 
wait relocate,Neutral 
using chatbots ai business yet talk whatsapp getting enough quality lead converting,Neutral 
rt debbieoppermann spiral notebook keep track plant,Neutral 
spiral notebook keep track plant shop,Neutral 
rt mindshelp one relate,Neutral 
one relate,Neutral 
lendaearhotline loveforthestreetsinc swipe follow,Neutral 
loveforthestreetsinc swipe follow brain,Neutral 
rt cmhanl today making home recovery forum govnl,Neutral 
today making home recovery forum govnl,Neutral 
finding identity first time inthistogethernow namigeorgia,Neutral 
finding identity first time inthistogethernow namigeorgia,Neutral 
morning affirmation,Neutral 
absolutely,Neutral 
happening,Neutral 
brain know fact mental health brain,Neutral 
remember thought long ago woman could job men changed,Neutral 
rt rokitdiskuss moment decide let steal today first step towards sunshine use code therapyforall,Neutral 
moment decide let steal today first step towards sunshine use code therapyforall take first step towards,Neutral 
seen tomorrow,Neutral 
worm poop poop worm many take probiotic supplement,Neutral 
try product people opinion,Neutral 
keep keeping,Neutral 
rt mental health awareness video march brain pill stethoscope hospital topic mindset setting goalstargets seizing day coping,Neutral 
rt daily reminder,Neutral 
mental health awareness video march brain pill stethoscope hospital topic mindset setting goalstargets seizing day coping mechanism,Neutral 
openup interuniversity conference,Neutral 
factor affecting mental health child write blog website,Neutral 
mental health,Neutral 
therapy expensive,Neutral 
anyone needing read today,Neutral 
matter samhsagov,Neutral 
control thought,Neutral 
thing think let u know thought comment,Neutral 
freylisb prageru earn woman either,Neutral 
rt headoverwheels get touch louise psychotherapylb amp,Neutral 
get touch louise psychotherapylb amp,Neutral 
rt cspbucks sunday slow roll therapistphil,Neutral 
rt globalization research mental detail,Neutral 
chase new experience traveling new place teach lot get experience lot new thing new people new place new food may find purpose thing traveling,Neutral 
sunday slow roll therapistphil,Neutral 
lie sick woman business elected represent anyone mental health first order business someone care conduct intervention,Neutral 
rt fcknackers change lancashiretea jalveypest,Neutral 
think emotionally explosive person,Neutral 
poppygibsonuk morning poppy,Neutral 
keep going remember people assassinate understand,Neutral 
quote day,Neutral 
mental health destination process drive going,Neutral 
change lancashiretea jalveypest,Neutral 
rt working woman may facing issue know address enroll workshop may,Neutral 
oxfordshiremind photo cheque presentation morning,Neutral 
onebut onei everythingbut something amp let interfere edward everett hale today,Neutral 
rt myfiscalfitness reason entrepreneur consider getting therapy counseling,Neutral 
rt myyellowmind unlock secret self heal product myyellowmind,Neutral 
unlock secret self heal product myyellowmind,Neutral 
rt,Neutral 
rt ragingvet look information come first part fundraising stackupdotorg april,Neutral 
owning business requires constant vigilance however also suggests burnout might forthcoming,Neutral 
poetry posted today mental health journey blog,Neutral 
rt nglrescue know right therapydogsrock supportdoggy esupportdog,Neutral 
breaking stigma prioritizing mental,Neutral 
working woman may facing issue know address enroll workshop may find new direction professional life,Neutral 
rt er visit involuntary hospitalization since med working,Neutral 
rtelatelateshow absolute class act late late show talking shamrock massive massive issue thats masked today,Neutral 
rt mental health matter anything,Neutral 
reason entrepreneur consider getting therapy counseling,Neutral 
lunch today eating olive artichoke garlic mushroom get virgil root beer,Neutral 
looking one newest nationally certified youth mental health first aid instructor,Neutral 
rt leanstartuplive reason entrepreneur consider therapy counseling,Neutral 
reason entrepreneur consider therapy counseling,Neutral 
le actual governing legislating march,Neutral 
yes imagine person saying mentally ill person run company mencapcharity,Neutral 
neurotonix review neuro tonix work memory focus capsule update,Neutral 
need reminder sometimes,Neutral 
seattlearea startup using ai mental health screening tech raise via geekwire,Neutral 
maybe one day follow science work,Neutral 
mental health matter anything,Neutral 
indeed,Neutral 
even right track get run sit rogers,Neutral 
animal product happened u past power choice stephen covey,Neutral 
think morning act noon eat evening sleep night william blake,Neutral 
rt morning cant sleep blowing hooley outside going far see today fuelled,Neutral 
action result thought thought matter sai baba,Neutral 
rt gmtowner wherever man may happen turn whatever man may undertake always end returning path,Neutral 
without freedom thought thing wisdom thing public liberty without freedom speech benjamin franklin,Neutral 
never deny diagnosis deny negative verdict may go norman cousin,Neutral 
man look think albert einstein,Neutral 
hi im tippy life moment chose give moment choose define here live life moment amp make every moment matter,Neutral 
character think one looking h jackson brown jr,Neutral 
adulthood used picky nail way need shaped color length v,Neutral 
word sunbeam condensed deeper burn robert southey,Neutral 
rt tamilthehindu thought day,Neutral 
rt gmtowner everything something calvin coolidge,Neutral 
started today never finished tomorrow johann wolfgang von goethe,Neutral 
travel path become path buddha,Neutral 
thought day,Neutral 
thought day,Neutral 
whether think think cant right henry ford,Neutral 
complicated achievement thought possible without assistance consciousness sigmund freud,Neutral 
ounce emotion equal ton fact john junor,Neutral 
secret business know something nobody else know aristotle onassis,Neutral 
two kind failure thought never never thought laurence j peter,Neutral 
new world nothing old world nothing everything always always sai baba,Neutral 
rt thought day,Neutral 
must thing think eleanor roosevelt,Neutral 
flux nothing stay still heraclitus,Neutral 
step twice river water continually flowing heraclitus,Neutral 
technology anything around born man ray,Neutral 
one machine work fifty ordinary men machine work one extraordinary man elbert hubbard,Neutral 
rt chrismorrall amp rather think stone,Neutral 
rt gmtowner know speak speaks know laozi,Neutral 
rt arorajarvind thought day,Neutral 
nobody believe unless believe liberace,Neutral 
go put creed deed speak double tongue ralph waldo emerson,Neutral 
confine present seneca,Neutral 
never realised windy farm put polyunnels,Neutral 
idea beginning point fortune napoleon hill,Neutral 
rt science return spirituality allencompassing fold science much offspring spirituality,Neutral 
rt gmtowner much continuous physical universe wave continuous ocean alan watt,Neutral 
think without need give attention surah abasa frowned,Neutral 
one may say eternal mystery world comprehensibility albert einstein,Neutral 
knowledge let others light candle margaret fuller,Neutral 
prime minister narendra modi inaugurated world longest platform state karnataka,Neutral 
thought day,Neutral 
rt letalbasoar smuaint latha thoucht th day smaoineamh lae,Neutral 
rt jeffsdribbles lawrencewray smuaint latha thoucht th day smaoineamh,Neutral 
rt scotlandwithme smuaint latha thoucht th day smaoineamh lae,Neutral 
realized past future real illusion exist present alan watt,Neutral 
nature book belong eye see ralph waldo emerson,Neutral 
sport build character reveal heywood broun,Neutral 
ethic change technology larry niven,Neutral 
rt gmtowner see depends mainly look john lubbock,Neutral 
see depends mainly look john lubbock,Neutral 
conquer believe virgil,Neutral 
thought day,Neutral 
cause hidden effect visible ovid,Neutral 
nothing permanent except change heraclitus,Neutral 
knowing enough must apply johann wolfgang von goethe,Neutral 
smuaint latha thoucht th day smaoineamh lae,Neutral 
lawrencewray smuaint latha thoucht th day smaoineamh lae,Neutral 
smuaint latha thoucht th day smaoineamh lae,Neutral 
snackin fruit amp thought fruit cheepertis day get lunch meal price fruit gram,Neutral 
star thought day star,Neutral 
autumn second spring every leaf flower albert camus,Neutral 
rt morning monday,Neutral 
rt fuzzycloudin today post mindblowing internet speed nasa gb faster rocket,Neutral 
today post mindblowing internet speed nasa gb faster rocket fuzzycloudin,Neutral 
beginning knowledge discovery something understand frank herbert,Neutral 
man old long seeking something edmond rostand,Neutral 
way prosperity prosperity way wayne dyer,Neutral 
believe one thing power human joseph stalin,Neutral 
one big cosmic meaning meaning give life anaïs nin,Neutral 
quote day,Neutral 
science return spirituality allencompassing fold science much offspring spirituality gone astray day return spirituality allencompassing fold merge,Neutral 
go back make new start start right make brandnew ending james r sherman,Neutral 
time repair roof sun shining john f kennedy,Neutral 
morning monday,Neutral 
something none u everything blaise pascal,Neutral 
tag someone,Neutral 
rt drmutungaea representing livinghopeuga tweet chat organised chiromohospgrp woman caregiver,Neutral 
rt omwamikirumira representing imentalhealth tweet chat organised chiromohospgrp woman caregiver,Neutral 
representing livinghopeuga tweet chat organised chiromohospgrp woman caregiver monday march,Neutral 
representing imentalhealth tweet chat organised chiromohospgrp woman caregiver monday march,Neutral 
rt experian new follow along replying corresponding question,Neutral 
fact,Neutral 
fact,Neutral 
fact,Neutral 
fact,Neutral 
fact,Neutral 
fact,Neutral 
fact,Neutral 
fact,Neutral 
fact,Neutral 
rt winniesun fact,Neutral 
fact,Neutral 
fact,Neutral 
rt denismaosa talk badilia talking big impact especially young woman leadership thats,Neutral 
rt gendercrusader wrangaapp shrutiwranga shreyanshwranga muskaaankaushik amifromindia ashutoshrathaur arnikatweets,Neutral 
rt opennetlearn coinciding start today topic,Neutral 
wrangaapp shrutiwranga shreyanshwranga muskaaankaushik amifromindia ashutoshrathaur arnikatweets profdimension new week new topic,Neutral 
hello,Neutral 
rt hosted health wellbeing attend hcsw clinical,Neutral 
rt theblacks though rhaenyra could charming quick anger never forgot slight,Neutral 
rt cryptos always curiosity way normies hangout cool nerd real money,Neutral 
dlc dlchainai one gem pick,Neutral 
rt ekebodtexman principal peterobi spoken tomorrow monday occupying inec mahmood yakubu must obey court order,Neutral 
rt henrikzeberg saying along something make pause yield inversion tell u coming,Neutral 
sistersewerrat mfh website,Neutral 
dinomelaye gbam se victorious pdp underestimated anger nation stole flag se know peter obi lp hand pdp gone like atikutambuwal saraki left repaired came back blown,Neutral 
zerohedge happens realdonaldtrump ride single class issue rich west coast leftist bailed presidency able harness lot working class anger,Neutral 
dirtyfacetreeho kronykal remember one guy chiding wearing diamond pearl time like wtf constantly giving mean fashion advice girl seemed like chronic anger happy trans everything go stop picking u apart damn,Neutral 
rt eliaschirchir thing fall apart okonkwo unable transform clan resistance movement railed people,Neutral 
rt thebostonlol universalhub need legalized massachusetts bus camera snap photo,Neutral 
rt kshoshiashvili many asking woman name nana malashkhia see interview georgian,Neutral 
rt docrussjackson shrinking big government really point oligarch require govt tremendous new power,Neutral 
angerandfront hyperskill jetbrains academy,Neutral 
rt subsorbitol countbinface incidentally neil oliver also compared gov policy nazi germany time covid lockdown,Neutral 
rt allbrightnfl fighthaven one mean absolutely one allows pushed edge,Neutral 
wow someone deep seated anger issue,Neutral 
ifarthertz zidewaes saiyans also ability increase power momentarily anger different zenkai,Neutral 
rt mikeemanuelfox chadfwolf joeconchatv foxnewspolitics foxnews foxnewsinsider usmmao engineer teacher airline,Neutral 
listens positive anger needed نمشے,Neutral 
seek pbuh,Neutral 
ah comfort blanket ye said already rainman yup absolutely fuming cup already point clear massive success soooooo anger inducing,Neutral 
rt vprasadmdmph noted hengartnermp many others talking fact people need,Neutral 
richardheartwin make stuff antidepressant go naked street yell,Neutral 
rt sweatheartmoony came saw took double dose antidepressant,Neutral 
antidepressant wrappp baby,Neutral 
basil antidepressant,Neutral 
rt one ten american antidepressant v one hundred south korean via stillgray,Neutral 
robertaterman washingtonpost υes south korean use antidepressantsthey,Neutral 
rt stillgray one concerned overprescribed public antidepressant ssri,Neutral 
cabellcraig work way cumulative cause antidepressant stay system go week get system go back normal,Neutral 
rt pharmycin kati caffeine acetaminophen theophylline c see poclo pipi nighteen,Neutral 
msthickberry notaxplz yeh probably divorced kid husband antidepressant,Neutral 
rt madinamerica archive michael hengartner hengartnermp evidencebiased antidepressant,Neutral 
staceythot simply know act even le antidepressant,Neutral 
letstalkpsychmedslinocutting mentalelf,Neutral 
rt pssdgermany cause persists long quitting medication,Neutral 
rt brookesiem american psychiatric association textbook psychiatry patient would eventually recover major,Neutral 
rt jmhustle deal life im go,Neutral 
deal life im go,Neutral 
preventive medication migraine blood pressurelowering medication antidepressant antiseizure drug cgrp monoclonal antibody,Neutral 
ssri usually work vast majority people apparently two class antidepressant try consider ect,Neutral 
rt jfmoore pharma industry using tactic antiobesity drug,Neutral 
everything seemed much harder anyone else antidepressant half life coping mechanism spiralling control coasting job binge eating cutting friendship struggled keep,Neutral 
sarinavalentina take ozempic diabetes bit still feel need eat probably antidepressant though,Neutral 
overprescribing med needed take antidepressant need became dependent whilst searching worked total mess believe psilocybin would better unavailable yet without fluoxetine life unbearable,Neutral 
lpferris elonmusk stillgray dont doctor know antidepressant subscribed look data,Neutral 
vprasadmdmph noted hengartnermp many others talking fact people need antidepressant deeply unpopular hengartner academic career went different stage belief disbelief,Neutral 
vape antidepressant adhd med hrt hormone pill,Neutral 
rt pssdcanada pssd medical condition persists antidepressant discontinued extensive field review describes,Neutral 
article go back highlighting issue,Neutral 
rt dullsparkle kaczynskiquotes said doctor given antidepressant age said,Neutral 
rt dmedgeautism rory compare uk adult adhd med million antidepressant edgeautism,Neutral 
rory compare uk adult adhd med million antidepressant edgeautism,Neutral 
starting adhd med tomorrow side effect include sui ideation urge already struggle halve antidepressant please check time time,Neutral 
calling antidepressant really prodepressant,Neutral 
stillgray need take antidepressant looking chart,Neutral 
tried many different antidepressant seem much going back try old one different dos combination hoping work tired,Neutral 
rt dapothewitty jaguar caapi plant found south america contains maoi chemical found antidepressant cause,Neutral 
minmodulation wait till hear antidepressant,Neutral 
happening happening covid recognized,Neutral 
market 𝐆𝐞𝐭 𝐚 𝐟𝐫𝐞𝐞 𝐝𝐞𝐭𝐚𝐢𝐥𝐞𝐝 𝐬𝐚𝐦𝐩𝐥𝐞 𝐫𝐞𝐩𝐨𝐫𝐭,Neutral 
rt cdentonparker draseemmalhotra jaynaidoo sound similar claim made psychiatrist close pharma industry,Neutral 
rt rhymemarvel post workout endorphin antidepressant real,Neutral 
post workout endorphin antidepressant real,Neutral 
jathorpmfm iambrookjackson playbook antidepressant,Neutral 
rt bubbleteaboyy justonetribble afford antidepressant watch tos unironically keep sane tos meme tos,Neutral 
justonetribble afford antidepressant watch tos unironically keep sane tos meme tos tos,Neutral 
one concerned overprescribed public antidepressant ssri,Neutral 
new zealand listits health diet,Neutral 
jaguar caapi plant found south america contains maoi chemical found antidepressant cause hallucination high dos jaguar chew plant till get high native tribesman probably figured drug watching jaguar get high,Neutral 
realized forgot take antidepressant today,Neutral 
rt indyspanglish people u prescribed antidepressant,Neutral 
indyspanglish woman age woman,Neutral 
antidepressant working cult hmmmmmmm,Neutral 
going back antidepressant mood stabilizer,Neutral 
ncubeposiwe newshawkslive buy antidepressant,Neutral 
rorvk made realize needed antidepressant never naturally im without daily pill amp gone year without asked dr im hiv,Neutral 
drrekkless tic tac,Neutral 
started therapy month ago diagnosed w dysthymiamild ptsd traumaamp intrusive thoughtstook almost year mental monster emerge year ago furyalthough past sign amp made question sanityglad medical term,Neutral 
also sharing dealt dysthymia thats way lessen burden inside,Neutral 
rt dirtyhues camera shot,Neutral 
got bpd bipolar unspecified addadhd autism dysthymia,Neutral 
kaynenleong meme ing man lmaoo also im diagnosed dysthymia hahahah state mah dood,Neutral 
rt marklruffalo vallesjon femimind drwinarick peterdkramer sameihuda awaisaftab eikofried allenfrancesmd,Neutral 
continual invention accelerate dysthymia clinical trial digital journal,Neutral 
rt etherealnyxvt live first mental health saturday gon na vibe halla cyberpunk bartender action talk,Neutral 
rt ecomchasedimond copywriter wheel chart emotiontriggering word use copy bookmark one,Neutral 
rt wbcbaseball emotion yu chang,Neutral 
rt citiusmag emotion say round woman long jump jazminsawyers put together,Neutral 
alan koch overcome emotion former pupil alphonso davy scored canada firstever goal men world cup,Neutral 
jamessurowiecki bobpagelives usually brag proficient statistic driven emotion politicsmostly politics,Neutral 
rt kathleenhbeach actiondemocrat republican operate based emotion dems driven fact fact people drive,Neutral 
rt tomthunkitsmind second emotion,Neutral 
examined emotion term response amp production asked chinese cn participant abou cn term socialfunctional feature using feature constructed scenario asked cn english speaker term preoduction,Neutral 
love human emotion hell fucker would fave im one feed dont clean litter box love sometimes,Neutral 
rt abacusai sample project could build practice machine learning detect movement video stock trading bot track,Neutral 
rt utdreport ten hag bruno coaching player leading team tactical perspective emotion,Neutral 
rt akamaarukku dhoni emotion dot,Neutral 
rt emotion,Neutral 
rt ch written paper many u emotion stay iconic n unparalleled always,Neutral 
scar tear hold much emotion,Neutral 
second emotion,Neutral 
rt ftygminn detail scar slight tear forming eye emotion face,Neutral 
rt batistakhp whatever plant subconscious mind nourish repetition emotion one day become reality,Neutral 
almostmongolian emotion measured opinion,Neutral 
rt filterules minieskies emotion thy name park jimin face concept photo software,Neutral 
emotion sole end back ounassnoonpromonontoyoutofordealhmbathandbodyhampm youhandmounascouponsivvinamshicodeonasdiscountonass unique lewis,Neutral 
rt psvinchunter shortterm market driven emotion sentiment longterm fundamental matter,Neutral 
rawest emotion,Neutral 
would think little emotion since situation,Neutral 
rt suzaanedsouzaaa first tweet bring bck old ost tere bin incomplete without ost ost,Neutral 
rt pinklininginsky random player emotion entire country,Neutral 
rt pksdtfc whether movie politics whatever may pawankalyan one constant emotion,Neutral 
rt senani whether movie politics whatever may pawankalyan one constant emotion,Neutral 
rt projectxoff project x offer unparalleled experience within beginning unforgettable journey becoming,Neutral 
rt drunkdoingshit carried away emotion,Neutral 
sample project could build practice machine learning detect movement video stock trading bot track person video speech emotion recognition license plate recognition identify language used text,Neutral 
emotion valid thats,Neutral 
rt sunflower hicoland youtube sunflower piece,Neutral 
every time listen hello stranger brought back day filmkai dropped emotion time,Neutral 
rt pawankalyanfan whether movie politics whatever may pawankalyan one constant emotion,Neutral 
rt bhuvanrajdvbr whether movie politics whatever may pawankalyan one constant emotion,Neutral 
tycoont msigiemotion u could get much,Neutral 
rt snafragl podcast episode sort sniped emotion reminded high school student idolized college,Neutral 
weareallshack emotion,Neutral 
rt stefanswidow march date emotion,Neutral 
rt mothcrayon notice one person drawing character emotion face life eye person,Neutral 
ninjascalp emotion rekt people trading,Neutral 
clifhigh authenticity emotion way live fully,Neutral 
rt penelopetabatha feel emotion feel emotion anymore,Neutral 
sell emotion justify purchase logic joseph sugarman,Neutral 
hullcitylfc look forward seizing motion amp emotion hullcitylfc story telling photography,Neutral 
rt lthrows much emotion happens throwing event athlete put hundred hour thousand rep,Neutral 
calvinharris youre mother,Neutral 
rt bamasportscom heard phd student emily dirk dr sean sadri spoke psychophysiological response gendered,Neutral 
elliegoulding calvinharris mother,Neutral 
ounce emotion equal ton,Neutral 
fangirlal whaaaaat emotion zayn sang allah duhai hai,Neutral 
nonedini tom jerry emotion,Neutral 
minieskies emotion thy name park jimin face concept photo software btsbighit btstwt jimin jimin,Neutral 
rt ivyfriday hey hey said emotion hey mister vergilius,Neutral 
plasticrarity nekap like still hear va raw emotion deliver line even understand language calling sub crazy diminutive point view anyone say medium never intended gatekeeping,Neutral 
runaway make feel every emotion,Neutral 
ckaysoulja grvlagosfan emotion imply fact even logical analysis suffice,Neutral 
rt skysportsnews sometimes show control emotion find balance erik ten hag say emotion bruno,Neutral 
actiondemocrat republican operate based emotion dems driven fact fact people drive poll vote blue every time america every single time,Neutral 
rt geoaw think seraph boa one express emotion directly impact fruit function,Neutral 
nickypromotes roller coaster emotion,Neutral 
capitalofficial calvinharris pov youre king queen edm,Neutral 
mufaddalvohra emotion rcb,Neutral 
eye much emotion,Neutral 
rt scoupsinc caught emotion end concert nearly forgot happened,Neutral 
detail scar slight tear forming eye emotion face,Neutral 
ganjiskhanum either work there enough emotion,Neutral 
thzboozer maayontweetz emotion,Neutral 
old time past new time come right get mark late young young teenage emotion,Neutral 
rt caststation,Neutral 
livesuccessdail discipline game emotion control,Neutral 
rt microsoft asia research institute released valle x generate speech target language taking,Neutral 
completely addicted onepiece rebirth pampered wife,Neutral 
kahliefadams looking sign actual emotion scene,Neutral 
astros playroom emotion engine silver,Neutral 
rt nksunbaem picture brings much emotion,Neutral 
winnerclothing hunch trading emotion amp lose money still mad jumping top meme run recommend walking away making money back elsewhere company cause help run patient run,Neutral 
grabe emotion eye,Neutral 
niziumemes nmixxofficial emotion felt saw first time unique expérgo concept photo nmixxofficial,Neutral 
jimimspinky emotion face,Neutral 
legit felt every emotion watching episode,Neutral 
raw full emotion explain,Neutral 
rt sum journey shiv thakare sec video an possible journey emotion,Neutral 
whatever plant subconscious mind nourish repetition emotion one day become reality,Neutral 
facial expression emotion trying convey,Neutral 
msiziemotion much yoh,Neutral 
bl campbell given attempt maintain mask care shes worn commissioner amp counsel shes given fictitious attempt defend simmering rage trying hide emotion turn torso comm cold shoulder,Neutral 
feel wan na emotion luv u park jimin ilysm,Neutral 
gaze hold much emotion,Neutral 
jackturban conscious teaching child need control discipline thought consistent reality thinking lead emotion healthy emotion based true good thought tethered reality unhealthy destructive,Neutral 
detail hair emotion outsold every model face crad never decline im telling u,Neutral 
got ta let rationality guide thought emotion,Neutral 
msiziemotion ey bafo,Neutral 
emotion,Neutral 
rt thelifeedits emotion,Neutral 
sought goodbut given unsought better innate weakness human,Neutral 
rt tixiqofthelight season spoiler ngl there something really ethereal abt look visuals paired music,Neutral 
rt shakespeare said there art find mind construction face see picture,Neutral 
rt poetry emotion found thought thought found word robert frost,Neutral 
jfzappone pauseget silentstay feelingsemotion waiting patience answer reveled,Neutral 
wan na try comic book style,Neutral 
,Neutral 
waschbaerwitch totally get everyone fortunate feel genuinely believe nd access diagnosis people follow trend attributing every normal human emotion experience believing nd dangerous,Neutral 
much emotion portray face still subtle jimin face concept photo face concept photo software,Neutral 
nd one could possibly hear bell ring promovoucheriherbcouponcodevitaminproteins feel thy,Neutral 
rt itswords trying hardest act feel,Neutral 
rt nobody rajasthan sleep hungry indira rasois one many initiative give poor relief price rise,Neutral 
rt kdanigall feel everything experiencing ultimately upgrade 아아아 microphone 쳌 인이어쳌,Neutral 
rt koreanupdates bi hit jakarta tonight charisma feel stay tuned social medium know,Neutral 
rt parkermccollum full length album come may first time ever said word beer song feel,Neutral 
rt dokugamesltd action us freesoft aim meaning fixed,Neutral 
door organization feel class today push still,Neutral 
patterrz feel,Neutral 
rt hiimceeg shut instead voicing feel open explode,Neutral 
rt simsimmaaz plucked flounder lake ontario feel,Neutral 
kandondortch feel bro,Neutral 
lettalksport feel need need stream,Neutral 
rt juwondebbie still feel absence screen turn shine king crown yemi cregx brand cregxforce day prayer,Neutral 
silence nature real surround feel,Neutral 
rt enough uk walked road towards fascism follow feel,Neutral 
rt purrfecten making feel thing,Neutral 
rt feel adding egg sauce instant ramen,Neutral 
rt dsamowen need feel something,Neutral 
rt trying lose weight eating salad appetizer smart move eaten meal,Neutral 
know feel frank nweke might another soludo akeredolu etc big grammar amp talk zero result,Neutral 
weeknd feel coming ft daft punk official video theweeknd youtube youtubecreators youtubeindia youtubemusic,Neutral 
rudyhuxstablejr feel,Neutral 
alright care ill feel left house week going crazy let go,Neutral 
rt american feel school teaching gender ideology student,Neutral 
toolstationuk people feel need show,Neutral 
yet feel paying since happened money ukraine paying child unnecessary sex change book showing yr old sex position judiciarygop housegop gop,Neutral 
rt elmodestpoet im saying partner call babe may call little brick wall,Neutral 
wordwiselit wan na say sexiest sleepwear make feel sexy board lying saying comfy,Neutral 
rt donnamccance thinkequalorg brettkustigian coachgoodman coachkurthines,Neutral 
american feel school teaching gender ideology student,Neutral 
alexaknowledge im old school end think belongs findom end blurring line sub expect personally feel femdom content findom sending receiving line blurred actual findom lately,Neutral 
theliamnissan imploding feel heat,Neutral 
rt nitisquad sab meko chod ke chale jate haï pehle mom dad pihu di raghav woh dono mere duniya te literally feel,Neutral 
rt chrisowiki february filatyev awoke sound rocket artillery hear roar rumble vibration,Neutral 
kkk june record hota h abhi march chal rha thats feel something else happening,Neutral 
rt sarknativesgh pov sarkodie perform non living thing especially oxlade available give song,Neutral 
sammichartisan disneyprimeplus show anything fact estate may feel need know said there always relative,Neutral 
see woman walk past group boy feel walk past group pigeon,Neutral 
rt imtoreal never type brag nothing cause know feel nothing,Neutral 
paid two debt today art supply new phone got grocery stock food managed get lunch feel powerful buck whole month swear derp jot yield,Neutral 
hellonijhihere muje butterfly butterfly feel ho raha hai blushing,Neutral 
rt chaicilatte little reminder allowed access food bank food pantry resource need,Neutral 
tweetdatass lmaoo feel product rule change morning would gotten anything outta,Neutral 
richsibling leninroger feel u hangu,Neutral 
feel deeply,Neutral 
rt sivexaluva feel nothing apartheid spy call corrupt pres jacob zuma pushpin,Neutral 
rt vc ig hubby wifey feel bb finale,Neutral 
rt gaborgurbacs printer coming feel air,Neutral 
rt uncsolenoid jayjakaramba feel industry personal advice attention client,Neutral 
liar mine doubled since took office feel free look spire gas company missouri ask double rate bidens agency allowed,Neutral 
rt clairebubblepop fiona bruce say stanley johnson happened dare minimise dv think,Neutral 
year old feel day,Neutral 
rt iamsrkfanbrk tweet get million view quote quote one iamsrk,Neutral 
llrjrd feel,Neutral 
danrodmell feel bro,Neutral 
kane son kulu kick notch rest season feel,Neutral 
rt choi san repeatedly said wait front hotel place made,Neutral 
feel,Neutral 
rt prideandroses omg u feel,Neutral 
rt actionhappiness check feel working image,Neutral 
feel phone,Neutral 
rt sanayeonsh dm need acc,Neutral 
evelyhinojosa feel abracito,Neutral 
feel law school reunion,Neutral 
rt averageblackman believe already month dialysis feel gone every,Neutral 
rt time watch woman feel need control everything run home tonight way forward,Neutral 
feel,Neutral 
sawyersauces feel old,Neutral 
remindfn feel naxzzdzn,Neutral 
feel,Neutral 
alexberenson week im still slowly recovering still congested feel unwell,Neutral 
ashanyday feel go point,Neutral 
rt tipsout attacking mr beast undeniably influential philanthropy classic ivory tower delusion spend time syria sudan,Neutral 
rt keroa erininthemorn think add gender neutral bathroom accommodate kid give bathroom feel,Neutral 
feel nothing everything,Neutral 
rt grindfacetv apparently valencia high school student feel type way bloveee,Neutral 
themreichonl twitter switch following feel looking,Neutral 
feel like reason came unscathed gemini scorpiolibra fact age gap big look crazy,Neutral 
rt theweekndfrance il an weeknd sortait le clip officiel de feel coming en featuring avec le daft punk,Neutral 
leratomabuza eish feel,Neutral 
know describe feel today,Neutral 
rt nahikarnibaat feel r relationship,Neutral 
rt ixlica wizkid music make feel sexi,Neutral 
rt judge july feel constitution speedy trial act envisions doj asked,Neutral 
rt part red show elliott scum feel,Neutral 
itsebv baby ripped different spot buut ii epidural ii feel til afterwards,Neutral 
people making feel old,Neutral 
rt libzpoetry treating people like trash spoiling name gossiping amp making world feel small around,Neutral 
rt painhealer feel one,Neutral 
makeup feel naked,Neutral 
dublin feel returning rishi,Neutral 
rt hoodfeelings getting high lash make feel cuteeee,Neutral 
grow old dictator feel need wrap dynasty big bang see hitler putin stalin mao xi next stay tuned,Neutral 
feel attacked although got ta say itv adaptation hornblower even better filmed devon,Neutral 
feel like loosing fight,Neutral 
rt portugaltheman morrison colorado legendary red rock amphitheatre milestone new deal built young folk,Neutral 
radio w x abeghaigho airwave catch young olanuell feel u,Neutral 
rubydusk feel tweet,Neutral 
noodle made sense even tho feel lip,Neutral 
rt markclty feel quiet really mark song,Neutral 
gabrielledrolet started collecting squishmallows feel u,Neutral 
ima let hoe period co bad u god gone make sure u feel bout,Neutral 
rt air sign saturn pisces reading youve got multiple people past thinking people,Neutral 
technibabe feel seen,Neutral 
yall gon na another flashy album gon na different deep darkso uniquecan already feel,Neutral 
japancg food average mostly ice cream chain tbh feel like started make food simply prove could never consistently better anything else,Neutral 
rt madridxtra thomas tuchel real madrid show talking leg last season arrived suddenly bernabéu,Neutral 
tinynotoya girl gon na feel much lighter,Neutral 
rt forensicsza boyfriend month scammed told pawn car faked hijacking mary real,Neutral 
rt bostonherald svb bank melt following thursday stock fell cliff dropping one day,Neutral 
thread afterlife call discord random people look part family community reach feeling uplift need join eternalsxyz,Neutral 
rt lissettetxt im mostly saying someone else probably needswants hear allowed,Neutral 
rt babyarmyfood wan na know youve got solo space check many qrts see,Neutral 
today first day break recovery body feel wrong body reason way pant fit tighter way head look like fit really hate feeling,Neutral 
rt dollykola feel like funk key generally dissatisfied life post election climb,Neutral 
rt wetneptune aries leo sagittarius find next week mindset shifting moving,Neutral 
rt maeonaaaise kinaya ko hour past twelve may year since nanay diedwhen saw picture scroll fb,Neutral 
dude sitting toilet morning give bone chilling freezing needralphiesclothestosurvive level cold feeling as like second disappears,Neutral 
tested day feeling ill advice would make sure got new test rather one left get throat,Neutral 
rt arkibootzz niftyrockstar bro still based artstyle adding got ipad jack,Neutral 
rt kentbye popped altspacevr probably last time close tomorrow see event listed,Neutral 
megan gift amp curse feeling put percs,Neutral 
lot gossip seems theme lately person combating intense feeling come something saw heard concerning whatever definitely turned reality upside person feeling powerless,Neutral 
rt intestine asshole breakfast lay hour got took shower,Neutral 
theredlinelover nat trust know feeling hopeless failing year want go back kept going university fucking worth,Neutral 
feeling really hopeless scared anti trans bill going right country want make dearest friend non existent flee life know effective doomer sitting sobbing unable thing,Neutral 
feeling hopeless dulwich folk never fear,Neutral 
hopeless romantic life surrrounded couple time guess take signnnnnn im feeling lonelyyyyy ob wiish id find lover could hold ne im cry room skeptical loev still want gave second cgance,Neutral 
straightup garbage seem give damn get wrong teacher still care trying best many leaving feeling hopeless,Neutral 
feeling like life hopeless must bedtime,Neutral 
everyone please pray mom knee replacement surgery left knee week ago today therapy knee completely give popped know leg completely broken there worse feeling feeling hopeless love momma,Neutral 
makemytrip using service abroad feeling like hopeless,Neutral 
every day contemplate working lately feel like ending feeling hopeless right,Neutral 
actbrigitte lezgoh never got feeling tucker liked trump sort think everyone hopeless follow russia collusion hoax like hannity,Neutral 
rt think finally understand people put time effort work project,Neutral 
several advocate expressed frustration see california slow pace law commercialize microgrids concern emerged pushed approval microutility plan read via microgridnews,Neutral 
rt radiofreemartin heraldscotland neilmackay tweeted week back nicola sturgeon ruled snp almost,Neutral 
hundred subjective year passed hundred objective hour could longer clearly visualize university life sad frustration leading toward endisaac asimov fantastic voyage ii destination braininsightful,Neutral 
rt rogerhamilton coffeebreakyt joerogan xprescheck smilfordxspa clinicalchaos secgov,Neutral 
rt drcrystalheath future irish family farming model go way u thriving rural community,Neutral 
gpaolopasco crossword theatlantic today threw hand frustration clicked reviled check grid whoa,Neutral 
bensoncatona hear frustration catona porting standardized process carrier please allow take look specific situation send pm gtfito,Neutral 
oh definitely dorsey thats he hinting wanting ultimately main source frustration still want subject,Neutral 
future irish family farming model go way u thriving rural community gone replaced instead factory farm harmful people soil water air,Neutral 
ihavequalms anything think already lying suspect would honest would said personally fine view hence part angerfrustration suspect crap lie rather either truth better answer,Neutral 
jhunterp sorry frustration hunter need assistance feel free send u dm brytani,Neutral 
rt maximummary erinrpineda shengokai someone recently worked university audited class really,Neutral 
rt wesyang thing high median income asian median high asian obtained education flowed,Neutral 
poke frustrationweb lignesdecretes usuldufutur edownsen,Neutral 
understand frustration constantly working resolve issue priority due inr withdrawal stuck customer placed withdrawal request value hardearned money never want valuable customer like,Neutral 
rt theobius republicanidu tactic use mean stall progress order create general frustration mass toward,Neutral 
rt rogerhamilton coffeebreakyt joerogan xprescheck smilfordxspa clinicalchaos secgov,Neutral 
rt extended department bjp continues servile obedient tool central government objective,Neutral 
rt robdoubleyoo sentient creature machine respond operator see malfunction vent,Neutral 
rt robdoubleyoo sentient creature machine respond operator see malfunction vent,Neutral 
mollyjongfast youll see thing move right direction week dont throw hand frustration yet,Neutral 
rt haleaziz sense somefrustration part mayorkas toward immigrant advocate,Neutral 
ngl like booba might draw proper face free time hair hard capture need vent frustration mullet slicked back two resting antenna struggle,Neutral 
darrylstephens damonewilliams never one cultivate toxicity one hide disgustfrustration ppl make harmful comment especially know know better expect due work strongly disgusted,Neutral 
rt quillcocafund friendly remind never tried defame company coworkers people sent grief anykara,Neutral 
sometimes thing hold tongue save lot grief,Neutral 
rt stevecjjones good grief shove tory donor bbc chair role without implying bias,Neutral 
written han last valentine day card ever get carry forever,Neutral 
williamrbr grandpa gone almost year still dream maybe month used kinda hate since brought grief find kinda neat dream always accurate alive,Neutral 
rt iamsudhirmishra standing ovation one day time entire industry get wherever,Neutral 
rt lisakeefauver 𝗡𝗼𝘄 𝗣𝗹𝗮𝘆𝗶𝗻𝗴 conversation doctormfo 𝗟𝗶𝘀𝘁𝗲𝗻 𝗵𝗲𝗿𝗲,Neutral 
rt mysticheretica may auschwitz year old helen sat mud sister miriam waiting instruction,Neutral 
good grief shove tory donor bbc chair role without implying bias express opinion immigration without cancellation see,Neutral 
mattwalshblog aborted save u lot grief,Neutral 
rt thcountz actually see prose instead story think find message,Neutral 
rt glosiia earlier week walking class found girl girl girl pin lesbian gradient fell someone bag onto,Neutral 
rt drdavidvernon metamorphosen four last song oboe concerto ending career go beethoven,Neutral 
isolating grief friend coming today,Neutral 
rt leotempus one regina impactful scene right whole city found valentina,Neutral 
rt every month another state decides pas bill reinforces desire maintain nation repression,Neutral 
rt awbluzman hey everyone check short film monique amp bus stop billy follow monique journey various,Neutral 
rt curveleicester uglybucket take instagram today behindthescenes action snippet creatives get,Neutral 
playwildhearts given grief mighty lavaback end chapter giving update scare great see new content added soon though,Neutral 
nomorenato waste human skin like zalinsky go oscar country burn demand right go oscar well good grief nazi dictator biggest crybabbies planet,Neutral 
artisteclipse allhallowsseve witchythought puffysart lainout shizzywall jackarthing dumbstupidfox mysticxnews cdoorstop artdominika maaaaaaeh halestormsspam ahhhhh cant wait fiebwubxjfnd,Neutral 
cry tesco buying mustard reminded dad liked mustard yes month amp feel like yesterday long ago time grief simple complex thing amp im sure cry mustard normal,Neutral 
rt coachtma theladygrief stcroixlutheran sclgbb zoeyywashington oaklandcallie,Neutral 
brendassanford sorry grief price pay lovefly high darling luna rainbow rainbow,Neutral 
rt haileybranson latest latimes greatuncle jay selftrained architect rural oklahoma building round,Neutral 
rt soundscapemag spoke amaya maud moth scott ashenspire debut album song abundance psalm,Neutral 
jesus somebody remove chick behind bidens right shoulder good grief look like zombie apocalypse victim,Neutral 
rt johngreenpoetry hardest thing,Neutral 
stcroixlutheran sclgbb zoeyywashington oaklandcallie coachtma minnehahaacad redhawksgbb joshgrief isagrief handle different,Neutral 
grief except love nowhere go oh damn steal,Neutral 
washingtonpost mess solar time business school nd uh simple change operating hour law change needed fact repealing dst letting business modify schedule better way good grief washingtonpost,Neutral 
without love self really heal matter journey loss prioritize love,Neutral 
rt buoyarsenal closest thing spiritual experience anymore mocha frappe mcdonaldslaura lord wake,Neutral 
tell u think part core curriculum,Neutral 
rt gaddamsyadavoff om shanthi bouquet sri sayanna garu mla secundrabad cantonment chief minister sri k chandrashekar rao condoled,Neutral 
rt beargrassgulch richardgrenell jewelsjoneslive good grief saying republican want defund local state funded police,Neutral 
structure thats keeping bone take heart break ribcage apart cause im already broken last couple year torn shed blood ive shed tear,Neutral 
umm isnt prettiness like retweets engaments stream sadness mean album real gon na break heart,Neutral 
claim fr naveiroe aktbiti jlwenham heartbreaknft islethomasine bitchnbunny,Neutral 
rt think doppelganger exbaby mama went simular thing went year,Neutral 
rt unsustainabot doubt try break unleash heart soul trouble surround start taking control,Neutral 
thoushallnotpry lovingloverblue atomicrainbowli boobaah goullisara soundofaheart jauregaysthetic ailikeheda waiting lunch break end cruella de jesus,Neutral 
blessingnalisa believe kinda naughty really really bad boy would break heart abi,Neutral 
doubt try break unleash heart soul trouble surround start taking control,Neutral 
gkadebisi theladynaya u know igbo trader die heart break shop set fire yoruba blood precious one give whoever want yoruba u dirty bcus politics period,Neutral 
phone audacity tell might wan na take break screenshotting taehyungs live also screenshots live,Neutral 
rt fortuna lore fortuna small isolated island religious cult named order sword worship,Neutral 
rt northumbriapol ask seen quick decline school performance suddenly become,Neutral 
charlotte make difference acceptable level dv information taken account would established incident isolated,Neutral 
rt thejapannews severing two undersea internet cable linking taiwan main island matsu island last month,Neutral 
rt pratingcoxcomb martin kemp rant unvaxxed covid infection rate hospital patient like totally deluded,Neutral 
isolatedaiman feminist,Neutral 
rt theauroraguy peyto lake storm one unique aurora show photographed uniqueness due,Neutral 
keetmuise would curious know husband tested positive feb isolated u son people know nasty headcold hanging testing neg,Neutral 
sort gaeltacht type exchange would need doneisolated english speaker hardly english lot interaction native fluent speaker key making viable affordable big enough scale,Neutral 
rt people world knew real pappunarendramodi nt vocal international protocol reasonswith act,Neutral 
rt drmohansai one patient blood culture isolated candida vishwanathii curious origin name amp tried,Neutral 
marinaxdove much empathize frankly never gotten point im sorry felt isolated similar situation much support amp centered,Neutral 
rt ncemergency elsewhere rain forecast though snowflake two across western portion piedmont ruled,Neutral 
beeadelores ghostface home invasion remote location would cool got isolated setting yet,Neutral 
rt realcheckmarker erictopol emphasized word sarscov become endemic endemic mean infection,Neutral 
isolatedinc rock,Neutral 
ronfilipkowski unless life bubble isolated life affect others around directly amp indirectly argued reason calling kindness woman agree met would play along must person choice forced,Neutral 
rt thedatingboss always work never isolated engage others never know come across,Neutral 
sharmankv preetammrao associate isolated incident generalize much sudden propaganda tl evidently visible holi festival,Neutral 
lyssasphere second law thermodynamics state state entropy entire universe isolated system always increase time,Neutral 
said isolated incident ok break woman nose,Neutral 
rt neanderthal skeleton found adult possibly male female partial skeleton child,Neutral 
rt jhastarkbar woodheadroute olivercoppard reopening woodhead route would absolute game changer,Neutral 
rt letsgomathias classic part radicalization retreating community selfreinforcing universe,Neutral 
say straight face russia isolated brics opec southcentral america africa support russia became evident russia isolated early march,Neutral 
khrabseb sarayupani fair enough guess jumping conclusion based couple isolated thing,Neutral 
say straight face russia isolated brics opec southcentral america africa support russia became evident russia isolated early march,Neutral 
rt brexitpirates stage book burned minority marginalised,Neutral 
yeswecat stscholasticas whywouldyouuk shimrational imdibe buckeyericky emmettimanu yaakovbenraash tiredoftrollsuf ajewfromjudea lollllllajr mariamtayob laielkha victornakba bradspielman lfgpaddockpatek jeffblock realchaimrubin reallhere tauwheed artstop stevenbc corjoy coolgrandad moderatedew bobalian nextandready ireneminkema many research demonstrate ashkenazi sephardi mizrahi share dna genetically isolated population lived among,Neutral 
say straight face russia isolated brics opec southcentral america africa support russia became evident russia isolated early march,Neutral 
rt spoonieuni newly disabled include ppl openly amp cognitively identified disabled complex reason,Neutral 
say straight face russia isolated brics opec southcentral america africa support russia became evident russia isolated early march,Neutral 
rt bhavyapapudeshi work crassphage genome biorxiv isolated three novel crassphage wastewater infecting,Neutral 
ubsigma cryptonoan risk management need learn take trade important learn difference isolated cross learn importance position size,Neutral 
say straight face russia isolated brics opec southcentral america africa support russia became evident russia isolated early march,Neutral 
isolated started hour long conversation poster ok,Neutral 
proving child fair iowa republican signed legislation isolated case republican,Neutral 
crehage rajdianos abkhazia international recognition isolated favor georgia would kick russia faster thanks help isolation arrogance big brother never come military impossible maybe tourist,Neutral 
reconnecting cutoff community priority hawkes bay,Neutral 
rt hosasa otd samuel wilks b june called statesman statistic,Neutral 
rt miltondammers sometimes quirky tends clumsy know dangerous sometimes even cute,Neutral 
today exploring episode felt like coming home long lonely journey let dive extraordinary first episode tsurunes second season,Neutral 
lilacislonely ur already silly,Neutral 
rt hourlyriko sifas jackpot dreamer,Neutral 
f fuddruckers w meshaghalen lonely akonamp feel like,Neutral 
rt dailyarknights blacknight,Neutral 
rt paulinepianofr le music bank est dans moins dun mois je devais de faire une petite cover de straykids music bank soon,Neutral 
rt colinphoenix,Neutral 
im lonely might revive talking stage white man,Neutral 
thecinesthetic visually great depressing lonely film,Neutral 
rt classicmoviehub born today mar barry fitzgerald role incl going way green valley quiet,Neutral 
lonelyheheh condolence,Neutral 
rt name song come baby know needed know needed,Neutral 
rt rt sec,Neutral 
rt giveaway hr rt follow ethersafefi,Neutral 
rt cryptoinez giveaway hour rt amp follow,Neutral 
rt nftkora hour rt amp follow duclouduclou bell,Neutral 
rt outrobun know super early feral omega jk lost amp alone seoul year due pack abandoning,Neutral 
markustral thank much im lonely,Neutral 
rt even relationship heyyou know happened today,Neutral 
espngreeny vince lombardi green bay packer,Neutral 
feel like lonely character,Neutral 
lonelyllonely wallst,Neutral 
rt pioneer may picturesque figure often rather lonely onesnancy astorside,Neutral 
pioneer may picturesque figure often rather lonely onesnancy astorside,Neutral 
rt drjacobsrad wfaa kevinreecewfaa live country lot dropped pet,Neutral 
rt lonely aint fake,Neutral 
hrblockanswers issue prod myblock app web mobile see compose message caused make many unnecessary phone call get connected remote tax rep almost week filed yet,Neutral 
maureenstroud married incel sort libel truly show wretched lonely old troll borereen u make habit libeling disagree sad pitiful fwit hope bred sweet sherry toddle bed dear,Neutral 
well little lonely guess,Neutral 
forest open irregular picturesque glade gate right steep gothic bridge carry road stream wind deep shadow wood said lonely place,Neutral 
sitting window world go passing return life put aside everything wanted young alive becomes lonely lullaby,Neutral 
specialedeliza wonder lighter still allowed closed concert space,Neutral 
rt mutrejarekha today childrens busy thrown parent thay live old age home,Neutral 
day find looking maybe maybe find something much greater lonely island,Neutral 
people assessing want sex coming conclusion want connection amp relationship good yet still stuck bind right people lonely ever imbalance need addressed,Neutral 
get ready april take everyone hongkong disneyland dont let big semester break lonely let practice english hong kong laptop detail fb wall street english link,Neutral 
felt like crawling dark cold lonely dirt tunnel crypto space past month venomfoundation light end tunnel mark word huge seeing testnet even,Neutral 
lonelyswitch puffverse moving another approach,Neutral 
lonelyswitch puff let u go,Neutral 
rt rose wife mother grandmother daughter granddaughtercousin niece daughterinlaw,Neutral 
rt seunte pandemic affect mental health unless woman young person lgbt preexisting health,Neutral 
rt patrickc jonhaidts ongoing series whats going teen latest installment,Neutral 
rt asuhealth registration open asuhealth maternal child health conference maternal child mental,Neutral 
rt introwisdom dont overlook mental health,Neutral 
rt cwakiso friday plot interschool dialogue mental health organized awesomemindspks catch u,Neutral 
march future food march mental health music industry march eq austin official showcase,Neutral 
itismoody p people shrink mental health awareness garbage get therapist rest u afford shrink,Neutral 
rt first aid mental health accredited training today johnpaulacademy amp standrewsrcsec wider achievement,Neutral 
rt counsellingug catch head advocacy committee tomorrow live hosted kyamageroandrew mental,Neutral 
rt deeepestmsgs mental health matter much,Neutral 
national breakfast week miami spring senior high mental health club student cafeteria staff partnered discover nutritious eating habit school meal preparation process,Neutral 
vancouver police took one person custody time four year,Neutral 
mental health matter much,Neutral 
landmanspeaking idea let mental health doc telehealth across state line cc drjessigold nickguthe,Neutral 
story travelling world amp battling mental health despite phoebe diagmose illness managed make life travelling laia gtgtgt dreamtravelgirl dreamtravelgirl,Neutral 
sb relating procedure regarding courtordered mental health service,Neutral 
rt gbiondizoccai metaanalysis comparing mental health symptom pandemic find symptom change,Neutral 
mental health,Neutral 
rt elitziel mental health freestyling point,Neutral 
rt livewithnoregrt heavy putting first heavy working heavy prioritizing mental health,Neutral 
shaniseecpt one thing going take mental health day job wait,Neutral 
rt young liberal woman diagnosed mental health condition,Neutral 
rt suaramthoughts mental health,Neutral 
far user adler say prioritizing group historically given seat mental health table namely bipoc lgbtq folk unsurprisingly similar intentional emphasis diversity within wave team,Neutral 
nhendizadeh posted internet rip mental health,Neutral 
rt weloveyouzahir ig hoe saving mental health,Neutral 
rt rncresearch kamala harris discus climate mental health,Neutral 
coletonhimes absolutely put body profound impact physical mental health,Neutral 
ariietes mental health break exist thing reason,Neutral 
rt jaileyskiss good morning everyone except selena gomez pay mess caused big mental health,Neutral 
rt independistas may noticed tweeting still indy still spent week,Neutral 
rt appletvplus selenagomez get intimate look selena mental health journey see,Neutral 
rt twistybonce noticed hashtag bio post generated lot unnecessary,Neutral 
rt nope corrupt government mental health,Neutral 
bootsmahoots put emotionalmental health bec gtgtgtgt,Neutral 
here vpd apprehend people per year mental health act via viawesome,Neutral 
rt saint dr gurmeetramrahim guide health consciousthe teach exercise,Neutral 
rt saint gurmeet ram rahim ji guide health conscious teach exercise meditation daily,Neutral 
fantastic dukemedicine grand round dukepsychiatry chair dr moira rynn state mental health beforesince covid alarming burden mental disorder suicide thankful effort promote critical psychiatry behavioral health intervention career,Neutral 
rt saint dr gurmeet ram rhim singh g insan always concern crore child guru g teach,Neutral 
rt monitoringbias pew found time liberal woman half diagnosed mental health condition,Neutral 
rt bipolar gaslighting narcissist nose piercing mental health issue,Neutral 
delete mental health,Neutral 
give tire iron jax back back octagon need mental health,Neutral 
rt eat focus organic food grown without pesticide keep,Neutral 
rt saint dr gurmeet ram rhim singh g insan always concern crore child guru g teach,Neutral 
rt metamorpehus time away phone wonder mental health,Neutral 
rt excelmental mental health health let u make global priority,Neutral 
rt lehighhistory grad student jessica abraham presenting work lehighus ctr gender,Neutral 
rt haruslili abt mental health sir,Neutral 
rt gasimpleman historical mental health issue occurring america youth today nothing climate change,Neutral 
rt st gurmeet ram rahim ji given many health tip time time gud mental amp physical health,Neutral 
rt animehonkers deleting mental health focus runescape,Neutral 
rt saint dr gurmeet ram rhim singh g insan always concern crore child guru g,Neutral 
rt stephtaitwrites folk right harp lockdown caused anyall behavioral mental health educational,Neutral 
wrote article western mail experience mental health service read,Neutral 
rt hifumincore plushie anime man bring everywhere go mental health certified,Neutral 
rt devisridhar latest column point view pandemic whether teacher pub owner healthcare,Neutral 
youll deep water start mental health pit,Neutral 
rt recently guruji gave health tip million people youtube online gurukul said practice,Neutral 
kumandgo trevorproject stats lead believe mental health issue trans peopleoh,Neutral 
rt devisridhar spent time reading comment guardian website amp reflect person experience,Neutral 
elijahschaffer man mental health issue nothing,Neutral 
rt proudelephantus new kamala harris claiming climate change causing mental health issue student,Neutral 
rt niquita dr aryathampuran amp dr nadena doharty holding panel discussion decolonial approach translating,Neutral 
adamkinzinger ever heard endocrine system mental health,Neutral 
rt atvfriend feel rishi dealing tory priority brexit boat nh broken,Neutral 
rt saraheturney court week taking time mental health rereleasing episode nefertiri trader,Neutral 
rt olivernasira interschool dialogue mental health happening tomorrow finally key objective subject,Neutral 
literally wiped waiting list several mental health service act there one waiting,Neutral 
rt cbschicago sen durbin announcing million funding mental health personnel local school,Neutral 
researcher confirm link diet microbiota mental health,Neutral 
meet woman say slow living trend transformed mental health,Neutral 
rt itsvishu prevent stress anxiety curbing mental peace mental health,Neutral 
rt schoolofeducd listen back colleague emmaefarrell spoke claire byrne difference,Neutral 
nickybtv get mental health podcast,Neutral 
rt dangerhissy need everyone know understand absolutely necessary mental health watch youtube,Neutral 
rt saint dr gurmeet ram rhim singh g insan always concern crore child guru g teach,Neutral 
rt resiliencerrtc march application deadline fast approaching john hopkins building scale scholar program,Neutral 
rt mindmechanicxyz story behind mind mechanic mind mechanic always mind psychology psychiatry mental,Neutral 
rt alhamdulillah another certificate scottish football federation book scotland football unites child,Neutral 
rt nadinedorries minister mental health throughout pandemic said virtually every day vilified,Neutral 
historical mental health issue occurring america youth today nothing climate change everything democrat policy,Neutral 
rt mental health,Neutral 
rt sahilbloom deathbed regret training body mind middle year easy let priority step front,Neutral 
rt nowthisnews facing different world youth mental health plummeted vacuum,Neutral 
rt principalpick year education never bathroom pronoun talking point area concern ya know,Neutral 
rt saint gurmeet ram rahim ji guide health conscious teach exercise meditation daily,Neutral 
proudelephantus mental health issue make unfit vp,Neutral 
iihtishamm seriously chalo pray mental health affected experience,Neutral 
rt rethink government still published mental health amp wellbeing plan confirmed experience,Neutral 
apebass chudsoftiktok every single argument people end boiling transgenderism false equivalencies mental illness also party advocate easily accessible healthcare also includes mental health keep,Neutral 
rt metpoliceuk commissioner sir mark rowley calling health service step gap often filled police joined,Neutral 
rt awesomemindspks redefine school uganda mental health practitioner alongside school nurse senior men,Neutral 
ruletimespace mental health,Neutral 
rt tezbirkett keep checking today onwards message call mean much keep raising awareness mental health awareness sending,Neutral 
rodentiastl againstgrmrs know commit suicide surgery make woman need mental health care,Neutral 
rt wschaekel prince harry benefited cannabis,Neutral 
seriouslyerin mormonsspeak chjesuschrist spend time see bishop counselled,Neutral 
rt awesomemindspks mental health priotized school inorder student perform academically,Neutral 
inaugural mental health project check,Neutral 
chintan rachh go w mental health,Neutral 
rt emilyltownsend nhsengland dropped paywall article read nhse,Neutral 
rt emasnhstrust calling social worker occupational therapist ld nurse recruiting mental health advisor,Neutral 
way gallatin tn fcps youth mental health council attending leadership camp today supthamlett westjrhighfcps fayettewarehigh ejhbulldogs,Neutral 
mental health need advocate,Neutral 
struggled mental health emotionally fucked well decided time bring dog back life adopted pup back sept week getting better thanks daily therapy,Neutral 
whoever run twitter account prob deal mental health issue facebook mod delete beheading video,Neutral 
eat focus organic food grown without pesticide keep physical mental health taught,Neutral 
rt hit mental health,Neutral 
mental health,Neutral 
theapesociety proxiesnft amp list right defi art mental health tech nature community finest,Neutral 
learn level understanding mental health early year gail experience learning u,Neutral 
rt uthinkuknowct march selfharm awareness month selfharm occurs often teen young adult usually done cope,Neutral 
rt haziethompson covid impacted mitochondrial function amp personally believe unique characteristic,Neutral 
grandoldmemes waaaaahhh need doctor treat mental illness,Neutral 
notthebee climate mental illness yes real,Neutral 
rt maltaembvienna side event malta national expert dual diagnosis prof anton grech speak issue related,Neutral 
rt carsonkrow went even aspirin school unless parent sign form sex change parental,Neutral 
francenecorbeil ericmmatheny troll lie impunity get help mental illness society sake,Neutral 
teampeteforjoe cnn yet another reason treat mental illness instead enabling,Neutral 
lotyslove coshapickles tronicssystem actually thats know also supported several complete healing journey learned pattern childhood excluding mental illness course expert reversing pattern agree without help change possible,Neutral 
convo last night realized ppl slow im summing mental illness ima leave lol,Neutral 
clairempls sorry mental illness transphobia utter lack education know many animal change sex hope learn apologize everyone hurt empathy decency hope get help needed soon,Neutral 
rt dtohl locked allegheny county jail rachel bridgeman slid reality condition incarceration eroded,Neutral 
rt moniguzman oh here jonhaidts writeup led conclude relationship social medium use mental,Neutral 
tbh see exclusive rather contained u paying year ur lifespan entertain u exclusively mental illness,Neutral 
yes claim mostly societal discrimination prejudice think greater societal acceptance reduce eg mental illness abuse reminds zen proverb better wear shoe try cover earth leather,Neutral 
mochajaguar fun miss game mental illness,Neutral 
voted yes face sovereignty individual type mental illness need assessed,Neutral 
rt legiontheythem see people starting recognize trans movement driven demon call,Neutral 
uwwilo writerwreck jestaurset thus,Neutral 
catastrosaurus redpilledhomo eevieechoes also grasp say trans mental illness homosexuality great amount scientific backing choose acknowledge one ignore,Neutral 
rt truenorthcentre conservative mp ed fast announced tabling private member bill reverse forecasted,Neutral 
southpawleftist flossobama p gender dysphoria mental illness amp way support produce evidence male actually female,Neutral 
sohelpmejesseca believe wish didnt say w f sort mental illness right genuinely considered opinion,Neutral 
mumboejumboh mattsheffield gender dysphoria symptom transgender everyone experience trans key facet person identity yes dysphoria considered mental illness treated change nothing validity identity though,Neutral 
oh here jonhaidts writeup led conclude relationship social medium use mental health issue correlation causation,Neutral 
govkathyhochul budget includes bold mental health plan meet need new yorkers including expanding schoolbased service adding inpatient bed housing unit experiencing mental illness,Neutral 
mental illness affect ability determine self defense,Neutral 
unless someone say selfprofessed history mental illness hypochondria enough evidence actually there here interesting paper characteristic avidin chemical bind biotin raw egg,Neutral 
rt wikusbarkhuizen check atcmaps latest blog psychtoday communicating research finding beyond academic audience,Neutral 
pierrefleury normal derives mental illnesstrauma,Neutral 
libsoftiktok mental illness something used treat,Neutral 
redditlies mental illness seek help,Neutral 
libsoftiktok clearly mental illness think male female,Neutral 
timcast lol meanwhile usg attempting classify political opposition mental illness go ahead chain,Neutral 
rt atcmap new blog psychtoday explains genetics rather parental adhd mental health smoking education may,Neutral 
council rejected housing application refuge said glad incident co current physical long history tho still housing amp social service say needing safe appropriate rehousing mental illness,Neutral 
mjzahn edkrassen intolerant people make different choice want live life adult intolerant exposing child content developmentally appropriate enabling mental illness rather encouraging healing,Neutral 
rt thing fixing mental illnesswith scalpel,Neutral 
rt activismmeo transgenderism dogwhistle allows right alleviate morality associated,Neutral 
rt jarofrubiesart dunno feel people making client ableist wanting receive product paid,Neutral 
rt mood swing,Neutral 
mood swing sirf girl hota baji,Neutral 
rt uffyehladka girl mood swing girl mood swing peroids without peroids,Neutral 
mood swing,Neutral 
gafollowers smoking weed cause mood swing might molly,Neutral 
idc bout mfn mood swing mood gon na swing fytb,Neutral 
girl mood swing girl mood swing peroids without peroids,Neutral 
girlfriend wey get mood swing last night na second boyfriend house dey say make update,Neutral 
feyisparkles afro mood swing,Neutral 
rt paigeota teenager understand mood swing teenager told lot shes allowed keep thing,Neutral 
mood swing,Neutral 
swing mood,Neutral 
mood swing,Neutral 
get mood swing gone tomorrow,Neutral 
rt dailydisparks vintage walt disney world postcard swing partner back read downhome rhythm country bear,Neutral 
beermood fettwit notalexsheppard seriously seen massive amount evidence blatant obvious election fraud start mathematically biden billion chance winning election shut swing state counting ballot election night,Neutral 
fatimemahamad sannu last born wani mood swing,Neutral 
mean mood swing mix,Neutral 
mood swing anying,Neutral 
give banga starch chilled bottle water turn air conditioner degree swing mood,Neutral 
already na overthinker idhula indha period mood swing,Neutral 
rt sanryed mood swing,Neutral 
waw mood swing,Neutral 
mood swing pop smoke,Neutral 
mood swing pop smoke,Neutral 
chaktiman mood swing,Neutral 
theshrutingstar mood swing,Neutral 
hey hey hey yahooo im swing mood,Neutral 
mood swing banget parah,Neutral 
mood swing,Neutral 
swing mood jivebunny,Neutral 
anj laaa mood gue swing poolll,Neutral 
mood swing,Neutral 
harshetaa find someone who mood swing timing match yoursp,Neutral 
mood swing anjing,Neutral 
mood swing poll,Neutral 
jus e mood swing enuh,Neutral 
brijh iamprettypetty luvwinsresist farrisflagg tclarkusa thesistahchick ahoustonbelle jimmiemckinnon meghanpain liveonthechat theacademy danaigurira rihanna hahah talk mood swing tear john travolta drool,Neutral 
rt gleewrites mood swing,Neutral 
mood swing,Neutral 
waspada mood swing,Neutral 
absolute mood swing hungry go h r,Neutral 
rt daveeknowsbest mood swing kicking as rn,Neutral 
mood swing,Neutral 
mrbankstips mood dey swing anyhow,Neutral 
hennessy bottle get pass around hella mood swing,Neutral 
dey dey get mood swing boy buy boat,Neutral 
mrbankstips wallahimood swing anytime,Neutral 
mrbankstips mood swing,Neutral 
mrbankstips mood go dey swing anyhow,Neutral 
always drive car case mood swing need get tf,Neutral 
naijapr naso one girl quote sam mood swing,Neutral 
mood ii swing cant get away blaze shrine vocal mix,Neutral 
drowning bpd mood swing,Neutral 
mood fucking swing jeezan,Neutral 
mood swing kicking as rn,Neutral 
mood swing seeing tuch reading next tweet,Neutral 
another mood swing think used,Neutral 
bener mood swing,Neutral 
swing mood,Neutral 
mood swing go brrrr,Neutral 
meulkim mood swing dong ya,Neutral 
adek mode mood swing,Neutral 
mood ii swing sunlight eye via youtube,Neutral 
lesalyses lagi fase mood swing,Neutral 
fase fase mood swing ge,Neutral 
grabeng mood swing,Neutral 
indecisiveshitty mood swing whole character,Neutral 
idrisi na mood swing,Neutral 
defend view avidly mere mood swing tbh go away,Neutral 
mood ii swing way,Neutral 
si mood swing,Neutral 
mood swing vivid description,Neutral 
mood swing,Neutral 
aayytweets give u dollar mood swing,Neutral 
mood swing,Neutral 
mood swing,Neutral 
omg mood swing,Neutral 
mood swing week finally red day coming,Neutral 
london uk rehne walo k b mood swing hotyy hein,Neutral 
bipolar mood swing,Neutral 
lshyl swing mood,Neutral 
rpworldfess clingy busy workin mood swing still clingy,Neutral 
hirie mood swing tour albuquerque nm,Neutral 
williamlegate also neighbourhood worker imagine turnover lol anytime em mood swing quite regularly lose job get evicted,Neutral 
sitting fence depending mood swing,Neutral 
mood swing,Neutral 
mood swing,Neutral 
poll nft trader mood swing,Neutral 
could mood swing think im experiencing mood swing,Neutral 
mood lab fairy garden accessory kit miniature figurine swing set pc outdoor house decor xltzgsr,Neutral 
lilacher mood swing,Neutral 
officiallyenesy always competition male female gender wonder mood swing ish,Neutral 
itsdavidsean another mood swing player,Neutral 
larry elgart amp manhattan swing orchestra hooked swing moodcherokeeamerican patrolsing sing,Neutral 
mood swing since thursday thereabouts call proof unable reach go mood swing,Neutral 
rt catauras mood,Neutral 
ruffydfire eba soupor else go get mood swing,Neutral 
rt nothing seems working favour giving tempting spend time reflect,Neutral 
year germany usa always mother mr edith bauer problemsolving turned negativity positivity leadership style,Neutral 
rt spiritualot slice boil one bulb garlic spoon full salt lease use water bath bed time,Neutral 
im sick online community hobby interested becoming le le fun around want readtalk thing im interested good time get pissed armchair devs constant negativity,Neutral 
therealflups right cause weight issue wanting meatball chip sauce loganberry jam ikeauk id called quits right one need kind negativity life,Neutral 
rt loidebantuan nelisamsila love whole heatedly mababe block noise negativity listans strongly behind,Neutral 
rt robzillavision itsthaking said interview buffoonery act intentionally draw,Neutral 
kissyskep understand watching understand posting give negativity like like much feel like shaming others watching gross,Neutral 
noorxd care fake fan spreading negativity speaking shit yes industry people far better anyone,Neutral 
rt free negativity,Neutral 
rt mandali fandom trolling aaju baaju k fandom trolling priyankit fandom trolling,Neutral 
rt samthebestest personal experience say quite openhearted humble,Neutral 
free negativity,Neutral 
rt rafafangurl stay away moronsgo get life dont life family ppl,Neutral 
bookofrules elliottwess realnachawati vincebrunootero rebdoooovid toviasinger rabbiskobac rabbiyys alandersh danabrams way valid opinion seek religious persecution,Neutral 
rt public opinion stand,Neutral 
barrywtown talktv iromg fucking arrogance post breached contract he entitled opinion like anyone else,Neutral 
rt gay boy allowed woman restroom opinion,Neutral 
mzhemingway ukrainian flag profile pic invalidates opinion,Neutral 
ebk jaybo lilpete need colab opinion hardest lyrical nigga bay,Neutral 
opinion unpopular,Neutral 
samsworthksl keep saying fact using correctly actually stating opinion,Neutral 
rt klasfeldreports court acknowledges mr trump claimed statement locker room talk presumably meaning,Neutral 
opinion dominated men result woman,Neutral 
president new budget mention equity time transgender eight time queer seven time opinion equity one work hour per week another never work,Neutral 
rt domesticgun related,Neutral 
rt espnnba kg gave opinion kobe bryant wore eye via shobasketball,Neutral 
rt thebrianamills edenamber heychristamarie would figure would make feel le anxious going straight let,Neutral 
rt liberal screw canadian reward disgusting april federal government increasing carbon,Neutral 
checkmatestate one opinion opinion another rule tyranny majority applies matter,Neutral 
theomniliberal opinion,Neutral 
rt bitcoinomist bottomed market new bottom opinion,Neutral 
rt drbosheagp roi faculty rcgp spring meeting march ucd department general practice gp student,Neutral 
rt ianuragthakur new york time long back dropped pretension neutrality publishing anything india nyts,Neutral 
rt cherijacobus time revoke fox news press credential,Neutral 
afairiesrage anidumebi mrmekzy think parent think opinion structuring life age need opinion build,Neutral 
rt sunelang many commentator claimed recently updated cochrane review show mask work,Neutral 
rt chymaker opinion citizen bring class action inecnigeria voted believe,Neutral 
bookofrules assadkaren claire american interpret sk usa think scotus ask opinion american look quran decide,Neutral 
rt opinion seed convergence sprout next week fiawec race sebringraceway lmdh,Neutral 
fplfacchetti plfanpage probably way deliver opinion little class right,Neutral 
rt norcalcrush im case permanent standard time,Neutral 
deal behind closed door every regulator announcing together collectively gone place many made entire personality become hung quote articleany opinion around,Neutral 
rt sebastienbubeck chomsky et al opinion piece nytimes chatgpt making round rather trying,Neutral 
rt antoniosabatojr guy exactly opinion,Neutral 
rt gordonwasok breaking one wife nose appears make one eligible gong johnson bruce opinion,Neutral 
unpopular opinion find scene cringe,Neutral 
safemoonknight holder fear bear market go eventually go back never risk afford lose opinion financial advice,Neutral 
rt parkermolloy suntimeswbez framing protester say matter opinion kirk owen,Neutral 
rt ezabdebarca jose different opinion,Neutral 
revetahwhatever ourrachblogs fesshole idea gender opinion night clothes,Neutral 
tax policy biden administration joebiden nytopinion business alexisleondis opinion laurapdavison rapoportmike tax justinsink centeronbudget thehill iteptweets nytimes budgetmodel taxfoundation,Neutral 
collinrugg confirmed opinion politicized committee,Neutral 
fischerthomasc nextatv opinion second hypothesis,Neutral 
msnbc another msdnc opinion,Neutral 
hi fam image old tree trunk next green bush evokes concept contrast life mind opinion picture evoke mind,Neutral 
rt wwewwfjunkie imagine living life thinking antiquated outdated archaic journalist opinion matter name say,Neutral 
men opinion abortion left say woman period,Neutral 
yalibhai kenneth clarke chair bbc flagship political programme would said clarke giving opinion stanley johnson whereas m bruce appeared giving one domestic violence,Neutral 
rt brianlilley political attention china election interference liberal trying strip senate,Neutral 
rt business powell tell market bluffing via opinion,Neutral 
rt simonwdc talk,Neutral 
rishisunak opinion im expressing fact claim asylum uk first british soil,Neutral 
rt culturecrit unpopular opinion hold,Neutral 
new ebooks hinted pe ounassnoonpromonontoyoutofordealhmbathandbodyhampm youhandmounascouponsivvinamshicodeonasdiscountonass opinion would much mo,Neutral 
rt opinion conservative becoming canada trump republican via edmontonjournal,Neutral 
rt child removed parent bet know least half,Neutral 
rt collinrugg tucker carlson airing never seen footage change opinion happened day,Neutral 
rt chesconserv mile harriet tubman underground railroad byway travel marsh forest field,Neutral 
justinalpertesq barbarajdurkin realsirignano colarchon kevinmccleerey torlan wcpotter oldglorycries wakeupnj atlasthundr libertprosperit murphytheass murphythemoron thelmavrh winslownj njsendems senatenj speakercoughlin aswvickyflynn njbpuprez senatorwicker senatorcantwell senjohnbarrasso senjoemanchin freedomcaucus housebluedogs govmurphy sierraclub ourocean missionblue oceana whalesorg republicanags votebergen matthewarco njopinion long shadow,Neutral 
rt chicagotribune commentary one reason menopause remains culturally shrouded identified,Neutral 
dare someone opinion tom,Neutral 
rt heydavewu rule opinion understand side story,Neutral 
connpost op ed amydowellct let stay course,Neutral 
rt justinalpertesq barbarajdurkin realsirignano colarchon kevinmccleerey jwsagain torlan,Neutral 
make habit butting stranger conversation fact first time ever done resist pointing action matt hancock isabel oakeshott biggest concern,Neutral 
rt simmattically may may like aesthetic paralives deny developer put lot work,Neutral 
rt barbarajdurkin justinalpertesq realsirignano colarchon kevinmccleerey,Neutral 
rt tamatwt opinion fact,Neutral 
wellarticulated opinion karachi already become peshawar kabul,Neutral 
antifacostanza zane per week dogshit opinion right schedule,Neutral 
opinion end,Neutral 
rt latimes opinion meet climate goal china need phase electric vehicle much faster,Neutral 
rachellehulme askaubry said never trust man contraception assume opinion would therefore question relationship might believe commenting case question made view clear,Neutral 
rt phillies andrew painter underwent mriarthrogram march revealed right proximal ulnar collateral ligament sprain,Neutral 
rt larryferlazzo way teacher eliminate discipline disparity drvmayfield new educationweek post,Neutral 
rt softwarbit tombilyeu indeed another topic done various podcasts ecosystem would,Neutral 
rt ouchy america covid response based lie opinion,Neutral 
drfink princewillosdb malluflix opinion though christian say thing opposing view go nowhere,Neutral 
two force undo pakistan hey quaid got opinion statement,Neutral 
leeandersonmp teacher therefore publicly funded allowed opinion twitter one spout infantile drivel,Neutral 
rt theprintindia waqf board third largest landowner india armed force railway india muslim community,Neutral 
skysportsnews high opinion goal assist,Neutral 
rt yukitoori guy unpopular opinion would end situation rainbow,Neutral 
glitchedinorbit im still opinion robertsspaceind ship ship,Neutral 
camillekeirtel bobqinxd opinion dw broski,Neutral 
opinion confession dino melaye bola bolawole,Neutral 
rt nitinmeshram hey vijaya rishi sunak sealed border immigrant thought also,Neutral 
arthurianmaiden lutinashock shiggishot someone opinion within certain fictional situation tell u would behave situation stop fictional,Neutral 
rt focaldatahq chief researcher jameskanag presented analysis public opinion immigration ukandeu conference,Neutral 
name humanity list wellmade proposal opinion discussed also implemented,Neutral 
rt wearecanproud trudeau getting raise,Neutral 
rt tbtimes gov desantis show u election really consequence letter,Neutral 
rt let u earn daily earned today get paid testing apps voicing,Neutral 
tomeganeleo room criticize anyone anything help anyone part peanut gallery even money donate time opinion place talk,Neutral 
finally medical update p andrew painter shutdown month underwent mriarthrogram march revealing right proximal ucl sprain thats partial tear painter sought second opinion dr neal elattrache confirming sportsradiowip,Neutral 
america covid response based lie opinion biggest year false recently learned proven america public health leader elected amp unelected official amp nowdiscredited academic,Neutral 
unpopular opinion parenting put situation,Neutral 
dog people get opinion topic alex,Neutral 
drawtheredline thebuffalonews adamzyglis remember newspaper reported fact cartoonist opinion,Neutral 
kathrynpaisner know enough opinion try,Neutral 
rt dailycaller betsy mccaughey college industrial complex rolling another set leftwing lie,Neutral 
opinion count tweet count,Neutral 
opinion deal fact,Neutral 
rt afterrnoont opinion towards said chubby face gtlt fact look say,Neutral 
hypowoman shelaghfogarty lbc danny distinguish opinion fact anecdote data,Neutral 
rt chicagotribune commentary running train one end chicagoland could result switch congested,Neutral 
different opinion ur mine said simple,Neutral 
letter editor dated march,Neutral 
rt pacbio compared shortread new method captured four time many structural variant including,Neutral 
rt pushpin amed dicle dissects potential outcome upcoming presidential election asking,Neutral 
drhicksbakers retireddj damianbarr opinion quite evidence,Neutral 
icedteacore bearhiko chestnutdraws correct opinion,Neutral 
rt opinion many people procrastinate saving retirement,Neutral 
anyone else getting follow followed streaming kickstreaming take,Neutral 
opinion helped write jan committee report tucker carlson left via politico,Neutral 
rt ericsfedup bio say vote blue support ukraine blm propaganda give zero fuck opinion nice day,Neutral 
rt panterdownes worth reading fortunate enough survive gauntlet face infamous valley death,Neutral 
saintoliverp drumaralqadri many difference opinion islam liberal going forward,Neutral 
rt pippacrerar home affair select committee chair diana johnson say report found small boat arrival,Neutral 
rt seokmatthewpics matthew ad full lovely message touching thats focus hate,Neutral 
rt marshawright decision,Neutral 
rt saint dr gurmeet ram rahim singh ji insan say meditation,Neutral 
rt rcsadvisor beatricelacy crosiglia scousekim santosjlorenzo,Neutral 
light ever extinguished inside neale walsch,Neutral 
cooperstreaming virgin hide behind twitter account try degrade talk woman karma catch everyone continue positivity give clown platform exactly want,Neutral 
fix replying troller hater streaming mv making hit pay attention focus streaming spreading positivity,Neutral 
rising affirmation snowflake via youtube,Neutral 
here,Neutral 
rt new mother campaign lift lid graphic sex education lesson clare child taught sex,Neutral 
pillager note bodhi day note,Neutral 
rt fruitycoyote positivitynature slideshows using picture knowing,Neutral 
motivational quote,Neutral 
affirm,Neutral 
rt every day people know,Neutral 
got ta believe,Neutral 
make every day count start week never give goal keep moving forward,Neutral 
stephjonesberry nursestandard rcni diff context previously teacher amp always wear long sleeve old selfharm scar throwing curve ball topic people oldhealed selfharm scar wear sleeve time nursingteaching genuine question judgement,Neutral 
selfharm cw cvtting tonight,Neutral 
defipaanda much sleeping,Neutral 
rt chicagodaisy think may put much antiaging cream husband sleeping,Neutral 
rt xiaofudiez tangerine dragging liu jun bc stay home much butterfly think already enough popcorn book television sleeping also,Neutral 
sleeping way much lately,Neutral 
haibo sleeping much,Neutral 
think may put much antiaging cream husband sleeping,Neutral 
sleeping much,Neutral 
anytime get overwhelmed rather solving right spiral thought self blame fault picking route sleeping much taking long etc logically im easy say start hard midst,Neutral 
girl sleeping much,Neutral 
emergencycns put stuff sleeping note always take much camping,Neutral 
sleeping probably sleep much mind sort,Neutral 
riding much high last day even think sleeping imagine bill walton feel every night,Neutral 
arijnveld actually human body regulate temperature line sleeping bag properly used sheep skin bottom layer wool blanket much get hot start sweat,Neutral 
second time sleeping mf much threw popeyes went bought test,Neutral 
sleeping way much,Neutral 
sister sleeping long wan na wake eat know getting much sleep one reason,Neutral 
theacademy much advertising jesus sleeping zzzzzzz,Neutral 
ive sleeping much,Neutral 
alaraemnts recently happened think mostly related sleeping wrongpinchingpressuring much,Neutral 
sleeping together much ask,Neutral 
rt cogey idea club get stuff done people still sleeping also,Neutral 
mapleepaw think would much rathered sleeping today opposed day got unlucky,Neutral 
rt flynnisaware polished one night aware rest rest audiobook tally almost,Neutral 
need buy coffee sleeping way much,Neutral 
penelopeygo mainly need place sleep waking middle street safe bring sleeping bag annoy much think need intervention,Neutral 
lolaswanrg babe sleeping much zaza,Neutral 
went sleeping enough sleeping much,Neutral 
ho sleeping much shawty must pregnant wtff,Neutral 
since early thought going church family still sleeping much coffee,Neutral 
rt trippednfell last person gone wwx announces im going bed march right guest bedroom,Neutral 
day sleeping interstate ohohoh getting wild wild life checking checking ohohoh got em wildwild life spending money time ohohoh much wildwild life,Neutral 
sleeping abit much lately,Neutral 
sleeping much,Neutral 
think sleeping today much,Neutral 
omg sleeping much today,Neutral 
gf saying sleeping much hour still woke,Neutral 
billieswhore coolscorpp sleeping much longer,Neutral 
rt lawlesslawyer adyyiadolly blaq expecting much small self ginger u check back see,Neutral 
rt tonydamicobets people keep sleeping penn state might done day dayton made sweat much,Neutral 
sleeping much acne amp kept getting light headed,Neutral 
rt jadanspearman cinnixredux mattxiv sleeping diarrhea much sleeping bathroom sleeping,Neutral 
cinnixredux mattxiv sleeping diarrhea much sleeping bathroom sleeping ate lot got back bathroom,Neutral 
satyajeetrai thats sleeping much today,Neutral 
rt jeongin always immaculate stage presence sleeping much,Neutral 
rt vkooksimp ceo jungkook secretary kim taehyung living together sleeping around two year,Neutral 
adyyiadolly blaq expecting much small self ginger u check back see shes sleeping,Neutral 
rt jadanspearman cinnixredux mattxiv said sleeping much got back,Neutral 
cinnixredux mattxiv said sleeping much got back,Neutral 
rt picturedimage frederickone zchrissie jimfergusonuk drteckkhong kylashoo klaklakan mcrobredz,Neutral 
also read much take tonight tripping sleeping pill,Neutral 
alexarborist something id comfortable without sleeping overnight like much id rather overnight train moscow paris montreal vancouver vladivodtok moscow stop,Neutral 
,Neutral 
people keep sleeping penn state might done day dayton made sweat much,Neutral 
got one migraine get sleeping much,Neutral 
sleeping soo much today maybe woke early know e flopped set plan n right,Neutral 
im still wondering amazing mistake kick much block typical defense sleeping,Neutral 
weve sleeping victony much,Neutral 
waking sleeping much long productive night saying think guy neutral milk hotel really hot,Neutral 
first tweet year sleeping much,Neutral 
much rush sfg st sf spl sleeper coach many passenger traveling without ticket even tt visiting check ticket sleeping floor train even able go toilet railwayseva railmadad,Neutral 
fucjlouis harmful take u much sleeping pill marami siyang side effect,Neutral 
channadior sleeping much took test,Neutral 
mcuperin much sleeping,Neutral 
anyone else sleeping way much,Neutral 
thanosnova know shes cursive singer sometimes shes much sound lazy feel like sleeping sudden performing,Neutral 
realcnsuccess igbo please sabotage issue becoming much youwakeup sleeping slumber join biafra ctualizqtion,Neutral 
jeongin always immaculate stage presence sleeping much,Neutral 
person he sleeping jathum may caused physical reason eating much taking much medicine may due overpowered jinni former may treated cupping reducing intake food etc latter may treated,Neutral 
sleeping way much lately,Neutral 
tinyveexo last week barely sleeping sudden fixed real quick two day ago waking much time everything,Neutral 
rt common cause include physical strainpoor posturemental stressnerve tumour health condition,Neutral 
rt macroalf massive announcement fed u policymakers gist depositor svb signature bank made whole,Neutral 
rt wallstreetsilv rate hike possibly gold new ath soon goldman sachs light,Neutral 
rt remain stressfree exam time amp achieve follow tip saint gurmeet ram rahim ji,Neutral 
iambussie better skit co u go enter house come stress wife,Neutral 
dont add stress life selling home without agent help call today make process smoother amber patrick,Neutral 
rt hopepsbank stress new naira note simply open hope wallet account start transacting,Neutral 
xspenciive mostly genetics people stress accepted keep moving fine hair without,Neutral 
gr health w mr ellner researched teen destress used cospacesedu design program stressfree space,Neutral 
visit blog full image,Neutral 
opinion president biden science aging,Neutral 
rt scattrbrainjane tw suicideabuse trans girl sa apparently taken life u cybersecurity firm hired,Neutral 
rt boubayaga would like suggest great hesitation reading suicide note thats posted around mental health,Neutral 
rt mnshap upper caste student found new way find person caste ask exam rank iit bombay say,Neutral 
rt labouned desnoyersscott scottdesno nyhcampaign nypanetwork pnhpnymetro spouse someone affliction,Neutral 
rt allmightyegg cowboygarters euphoritori trans girl saudi arabia parent hired two,Neutral 
postal service allows post master time colorado,Neutral 
rt thetexasletters well documented lead onset harmful condition like depression,Neutral 
rt around august mawoud educational center western part kabul,Neutral 
couple drove adopted kid cliff murdersuicide,Neutral 
rt october around kowsar danesh educational center western part kabul targeted,Neutral 
rt chelsea capture plummet reach deepest part vulnerabilitydanielle rohr,Neutral 
rt rugraphics repubs congress time amp speak insurrectionist amp family dc capitol amp metro police,Neutral 
rt rembrandtsroom tefaf memory girl ancient greek costume john william godward godward protégé lawrence almatadema,Neutral 
rt khannisse christophlyon something clicked indiscriminate despite stankutcher davidlametti carolynbennett,Neutral 
rt therdhp today day debate whether make part national school,Neutral 
rt presidnttictac repmtg remember tremendous compassion coming police officer committed suicide due,Neutral 
rt year since lord dannatt apologized damage created use,Neutral 
rt timodc guest newsletter today remembrance blake hounshell reflection u understand,Neutral 
rt plazynoodles dont even think people realize many people shown eeaao parent open conversation,Neutral 
rt drmonicacox today drove work sat car garage looked building get drove,Neutral 
rt sumairajajja take sensible reporter five minute see hole evidencebased police news package ali bilal,Neutral 
genuinely asking paranoid bc idk talk men without trauma response anymore fr,Neutral 
arifreshco swervjoy false one seen stay better woman stay codependent unresolved trauma,Neutral 
loona octavia likely gon na represent breaking abusive toxic family cycle far see stolas blitz done pretty fucking awesome job still daddy issue generational trauma mix ofc girl affected,Neutral 
rt twitter infamous kaiser doctor mark e babo jumped female colleague obgyns patient mansplain,Neutral 
rt elenaruizpoet newest book weathering storm two stranger asked investigate unexplained weather,Neutral 
join u chicago public library edgewater village free virtual presentation managing stress trauma community resiliency model crm thursday march pm cst register,Neutral 
rt psychtwts people tend talk trauma despite fully knowingunderstanding feel like,Neutral 
traumainformed education theatre dexter elli jacqueline russell,Neutral 
rt pierrefleury know people healed still triggered right healed using term loosely,Neutral 
rt pcosgurl thats almost good told caused childhood trauma,Neutral 
got ta put hope tzu chaeyu selca cuz chaeyoung always cropping lfjdlskslj morning coffee bbl selca trauma,Neutral 
rt itsobigem every monday week couple counseling cam individual counseling dr jen dres,Neutral 
rt deepikabhardwaj jindalglobaluni mpnaveenjindal jindalglobaluni university stand gender,Neutral 
rt timrunshismouth npr lol asian good lord npr consistently show worthless liberal nonsense,Neutral 
marcelasaebl safe guy worthless,Neutral 
theozarkansan overtonfugitive timcastnews damienechols youre making lie polygraph worthless many government agency require take used court rare get false positive detected lie pathological liar like echols,Neutral 
rt jimfusillibooks atrupar fredo remember happen without someone feeding talking point donaldjtrumpjr,Neutral 
rt tmahrattas marriage would draw kagals ghatge deshmukhs bannermen north india powerplay opposed,Neutral 
morgothsreview marx said lumpenproletariat worthless revolution ai made easier elite mobilize pleb groomed groupthink democratic veneer decentralized techofascist junta,Neutral 
provided worn harmful outdated use bathandbodyonassnoonpromonontoyoutoyoucouponsivvinamshicodeounasdiscountounass b act child heart word worthless piece,Neutral 
gop rncresearch worthless person united state,Neutral 
jasinsight worthless might well flip coin epidemiology fantasy book adjusted data fiction risk smoking far beyond even close many life saved eat apple day vegan entire diet sugar,Neutral 
someone congress introduced bill saying enter u illegally never gain citizenship get benefit using tax payer money see much support publish name keeping illegals america congress worthless,Neutral 
guy whats first thing berryberrynaisu faiczy elldarionn yourworthless ohheyydan aniggy spxfanballzy thuebob callumradders,Neutral 
velvelfreedman drcswright calvinayre tweet calvinayre might referring first attempt fob ira milly magic bean worthless share ira refused velvelfreedmans submission ref ira agreement different settlement conman drcswright wanted cal pay,Neutral 
rt worthless sun bless ear link reply,Neutral 
rt andreneves lol buy already money worthless,Neutral 
rt kadunabenueliss oloriofoloris crazy seeing much nigerian bashing tems like earth even happened one,Neutral 
funnormalguy read svb plenty money offshored cash bond technically safest investment problem fed hiked rate fast interest return rate bond worthless liquidate,Neutral 
forspoken thank excellent game sadly overlooked many due unwarranted negativity,Neutral 
rt saint dr gurmeet ram rahim singh ji insan taught method meditation million people embraced,Neutral 
many people know sits couch get paid government personally know one person who collecting ssi mentally disabled military ptsd world deplorable pinhead living,Neutral 
seeing kd sprain ankle gave ptsd,Neutral 
blickyx itsworldclass psychologist know someone close happen age ptsd maybe keep speaking,Neutral 
rt wrstlewithme think people ptsd felt treated anything resembles vastness,Neutral 
davidstarcross justintrudeau pierrepoilievre ptsd right,Neutral 
rt tomorrow,Neutral 
rt lesstenny would sack people immediately journos would instructed political affiliation,Neutral 
benthic qanda abcnews moving away russia legacy system realignment towards self made tech western tech,Neutral 
rt owennbbb explaining today situation,Neutral 
rt elliott investment could provide funding anyone involved manutd situation including current owner,Neutral 
rt frediculous wife way home work would call got home situation amp ask food,Neutral 
rt iamtemmyy parent tell story met started child think made baby without,Neutral 
rt husband renewed british passport process seamless everything home,Neutral 
rt ncishuk new ncishuk annual report available read look tweet today report,Neutral 
folk collaborate appropriate story,Neutral 
rt ncishuk megaphone new annual report megaphone watch video summary finding ncishuk,Neutral 
owe solitude people alan watt,Neutral 
mind everything think become buddha,Neutral 
reason believe bit reason throw little torch lead people dark whoopi goldberg,Neutral 
within arm reach close anyone life changing thought,Neutral 
genderwoowoo darlin walk park today though,Neutral 
mariatweetchat danial,Neutral 
rt diversekinc tweetchat rukeiyahh phorlajormey today wat moderated founder diversekhaulat let,Neutral 
available twitter recovery hacking service,Neutral 
rt junior group charted higher ifpi chart became hybe first gen million seller held solo concert,Neutral 
rt use good worthless,Neutral 
rt rozmcdermott leaving everyone say know plus except u republicanparty,Neutral 
texaschainsawmascaraiva luliashi invisible smell oil canvas,Neutral 
huariquejesunrise vienna wood eduard kasparides cardboard x cm,Neutral 
every step make thinner,Neutral 
going feel way rest life rather live,Neutral 
sad never sad empty used afraid used,Neutral 
therapy,Neutral 
trying open little brain get attached remember happend last time,Neutral 
going today,Neutral 
everybody tell need get really noone tell supposed,Neutral 
aahhhhhhhhh someone please make stop keep,Neutral 
know doingdo,Neutral 
way friend heading favourit alternative club city already know mistake anxiety level already topluckily much lorazepam remember anything tomorrow,Neutral 
mood,Neutral 
part path,Neutral 
picked tulip poplar blossom forest floor put old bridge could see,Neutral 
bridget saintpaulia caturday,Neutral 
process planting front porch flower begun,Neutral 
another may wood outside town sunlight sunlight sunlight,Neutral 
may green magic month later would hardly able see lake spot,Neutral 
posting camera bluebird couple park last week nest box pole along fence hanging near,Neutral 
foggy sunrise lake last tuesday,Neutral 
yesterday thing aurora related buttercup stream,Neutral 
also could see fogbow house notfor,Neutral 
big dipper set aurora colorswe usually aurora first time ever seen,Neutral 
hill,Neutral 
may wondering happening gate,Neutral 
morning may,Neutral 
view bridge,Neutral 
oak tree park sunrise,Neutral 
black haw bloom viburnum prunifolium small native tree,Neutral 
one pond along ridge yesterday morning,Neutral 
chipmunk gathering nesting material morning,Neutral 
along lake path morning,Neutral 
woodland stream twoleaf miterwort may,Neutral 
primula eriator gold lace caught morning sunlight,Neutral 
green tiarella front garden,Neutral 
wood thrush drink wood morning wetting pipe making wood magical song,Neutral 
hosta june star garden,Neutral 
apple blossom taken friday morning heat wave,Neutral 
mossy log along trail yesterday woodland view bird soundtrackfor pardonkedim still,Neutral 
know cause beech tree little branch leaf way trunk usually beech tree trunk smooth,Neutral 
got dog park dog,Neutral 
wood thrush singing journalist ground breaking news,Neutral 
goldenseal garden,Neutral 
listen one moment quit sad hear blessing dropping blossom around rumi,Neutral 
wild blue phlox match porch,Neutral 
oak tree february april winter spring,Neutral 
little garden area favorite place town weeping apple tree think one ever seen covered bloom next week even look cottagecore,Neutral 
little woodland thing,Neutral 
front garden leaping,Neutral 
view near dog park morning exquisite time year,Neutral 
along fence sunrise apple tree tho,Neutral 
garden detail featuring variegated solomon seal golden ragwort common violet kidney leaf buttercup tiny bit hosta june,Neutral 
stream wood,Neutral 
golden ragwort hosta june garden,Neutral 
sunrise park morning,Neutral 
detail front garden,Neutral 
table,Neutral 
nancy medina,Neutral 
table,Neutral 
snipertheonlyonerien ne marrête,Neutral 
zegalbafrancis alys sometimes making something lead nothing trad parfois faire quelque chose ne mène à rien,Neutral 
catasters,Neutral 
zegalbamount fuji seen international space station,Neutral 
rt mv dropped position pls serious leave tl negativity stream mv,Negative 
teslaboomermama bradsferguson gerberkawasaki understand frustration elon handwaved asked model dont think tesla team intensely aware market expectation tesla building baseline produce car lowest cost surprised highly adaptable model,Negative 
rt child adolescent mental health service stop camhs denying support autistic kid sign petition,Negative 
always one extreme emotional apathetic clingy distant kind mean self hatred grandiosity hyper tired positive negative sleeping enough sleeping much skinny enough skinny,Negative 
please delete pehly hi log rozgari ki wja sy suicide kar rhy hain ap logon k liye mushkilaat na barhao,Negative 
worst sleep schedule sleeping much skull skull skull,Negative 
rt jamesrbuk good grief,Negative 
lie ingratiate people friend sad lonely life lead,Negative 
innate weakness human adding sad element,Negative 
rt janettxblessed dove word consider dove rose feel sliding discouragement whisper speak sometimes shout,Negative 
paliahabdul knew saw mental illness,Negative 
griefall grief every manremove canfor grief withinbe caused misra eddy lifegrief man remove rid thinking,Negative 
deadass always use top anger co like lashing people,Negative 
rt cjpascoe social medium making girl mental health worse kid day technopanic dunno know,Negative 
mdincanada djokernole remember advocating top elite indigenous athlete like djokernole really affected everyone wanted try region zealous policy people mistakenly think isolated,Negative 
pearlythingz shes emotionally turbulent pas let type woman become emotion cant help borderline personality,Negative 
wonderful memory brought much pain grief back,Negative 
medicusfallstar give anger fall dark side shall,Negative 
rt femezoid every ranger game need plot want watch mindless hockey game easily beat team,Negative 
blazeyuuki remember video voice line isolated environmental sound distort also muting sound except voice give option apex work,Negative 
rt susanneleist blue harbor hide secret amp death time take breath life maine peaceful amp sublime,Negative 
rt izzraifharz feeling kinda lately aint special instagram,Negative 
evansowards amount anger feel austin butler win going get worse try watch elvis get hour realize still minute go,Negative 
rt warrelinit mmtlp dojph secgov finra rozatawil good grief long judge actually need make,Negative 
talentedfbg game cut say shaking aggghhh bro desperado drink firstmy mind dey tell dey serious mood swing feel broyou go bounce back shaa,Negative 
rt revdocpam morning server error end think feeling effect tsunami,Negative 
light live darkness,Negative 
mental illness deserve hate get,Negative 
rt davidgratzer cutting edge week look paper pharmacotherapy treatmentresistant depression apps mental,Negative 
rt coldanands people beware fake medicinesi use telema bp last one week taking tablet bp peaking,Negative 
rpsagainsttrump think keep denying affair way bill clinton said relation deflection weak form told wife caught red handed affair presumes emotion physical still guilty wrongdoing regardless,Negative 
tf guy start saying death threat insulting physically look anime discourse guy full blown adult telling people kill online difference opinion get thing start skull,Negative 
working anger,Negative 
rt oh whatever tear apart dont let break heart voting,Negative 
rt send back trash goose stepped opinion tide may turning fight,Negative 
gop time worthless president accept fact destroying economy blaming others longer going accepted,Negative 
ultradane claim mental illness,Negative 
rt sandrawoodsmtl still sadly common world despite progress woman reporting often,Negative 
payal ghosh suicide note actress write suicide note despite alive said die trapping everyone,Negative 
rt r actually right hater r number dumb fan realize ki,Negative 
good grief insert skull emoji,Negative 
three dead body isolated californian dug snow newsom decides zoomin covid isolation scold huntington beach actually giving rat as resident marxist one setting dehumanize divide destroy,Negative 
stopped giving shit oscar ago sure ishungover considered suicide boy austin butler get oscar good imitating video real life person rather creating character,Negative 
school feel useless sometimes,Negative 
day hate life wish someone else anyone else thought,Negative 
rt theholisticpsyc anger umbrella emotion men feel sad rejected embarrassed fearful,Negative 
rt cjpascoe social medium cause girl mental health crisis maybe going make claim need,Negative 
rt mental health beating as yo,Negative 
ᅠ ᅠ please grab caster come targeting everyone closest first chi yer going next took deep breath besides sorrow pain grief,Negative 
anthonytcup im emotion wreck lmfaoo still going,Negative 
rt itsthedr heck definitely serious mental illness,Negative 
aishayesufu post election traumatic syndrome pet real cause frustration leading hypertension,Negative 
kingsioppn kcsamh thereachstudy bbcnews yes found variety consultation research people benefitted restriction lockdown whilst others seriously suffered say people mental health hardly deteriorated seems mask diverse experience,Negative 
life lonely,Negative 
according white american specific way black woman react thing well smile miserable inside u run abuse antidepressant antipsychotic like robot leave angela basset alone,Negative 
hocchamber hocspeaker mental illness government make adjustment maid previous plan open enough limited many access process get maid simple would suggest pathetic b,Negative 
rt theindemandva interrupt worry praise interrupt anxiety praise interrupt confusion praise interrupt sickness,Negative 
theladygrief stcroixlutheran sclgbb zoeyywashington oaklandcallie minnehahaacad redhawksgbb joshgrief isagrief fake everyone watch scottdahlwcall,Negative 
rt microsff solve riddle sphinx say always time death say clock dude,Negative 
frustration gave real aarrgghh ugly sobbing,Negative 
uchenaezekiel aishayesufu e dey pain dem na e go dey sweet u mind riff raff na frustration dey pee back,Negative 
tell deep breakdown go irl finally get referral psychiatrist today drug user access community mh however drug selfmedicating abuse grief wait engage lifechanging,Negative 
hopelessly cry even get worselife yes,Negative 
arashmosaleh mental illness,Negative 
ukednurse glinner hold idea dysphoria mental illness baffle anyone believe,Negative 
isolated thunderstorm high low,Negative 
alfredluwangula wasnt problem taking photo vented anger camera man bedsit,Negative 
ztproduction page comment section used filled negativity indeed proud moment,Negative 
tho crippling anxiety keep uo night,Negative 
xxclusionary trained generation high neuroticism kid anxiety worry fear anger frustration envy jealousy guilt depressed mood loneliness young female liberal hit hardest especially tragic leak boy,Negative 
rt jovenciss lonely hoy con king savagge,Negative 
rt elainearyn mental illness demonic possession demon first seek mind body mind body others,Negative 
put jamie foxxs pet orangutan work baker speaker jackfruit feeling hopeless,Negative 
rt blackdoginst working prevent suicide community navigating distilling complex data research,Negative 
said russia isolated stop hallucinating look reality russia china south africa conducted day joint naval exercise african country coast,Negative 
rt beautyetukura surround diamond negativity ring bozjewelry,Negative 
goal never break another heart try let gently,Negative 
im mentally unwell right show abt grief wanted see chae soobin let pause watch star land instead,Negative 
could well could get people thing would normally like cause child go place commit crime like shooting cause people act anger pause people moral degrade faster natural,Negative 
scared lonely,Negative 
rt tayrozaay need drown positivity,Negative 
rt younglordsean despair grief hitting parlay hungry horny sleep watching whole time,Negative 
wont kill watch others cast spell hire hit people michael cohen say dt would mind dead feel way unexplained phenomenon life leaving isolated time voodooed poisoned wo protocol,Negative 
right stop every democrat try talk reality lol credibility live fake reality go run away role credibility support mental illness fantasy,Negative 
rt kkoovante juvenile grief wherein two lover fight forbidden love tragic,Negative 
got piece killed im going let get dangerous lonely lowpay work truly believe meaningful amp way document injustice across region care fault editor see value know worth,Negative 
rt dfarella therapy hate people therapy feel good hating people,Negative 
rt lunanovaa lonely pc today cmd window appear boot,Negative 
one ever seems scared losing,Negative 
rt womenpromo author receive bad review someone writes something mean work react emotion,Negative 
steve failed last jump bent trauma sad,Negative 
scientistblood foxylustygrover mood country changed ardern lost lustre swing voter add death threat ever increasing violence threatening rw presence choice forced,Negative 
rt yoogoleen getting long awaited closure dumb restriction lifted actually feel much better,Negative 
much someone mansplaining meaning telling emotion mind whatever fuck authority concept took class dbt jfc blocked,Negative 
chartscl lonely fire,Negative 
youre lonely hate,Negative 
mental illness finest,Negative 
shuffling vulnerable people system first outofstate patient visit oregon seeking assisted suicide via dailycaller,Negative 
momsdemand group embarrassment american white liberal woman support cause led pure emotion without logical thinking puppet marxism,Negative 
rt paakmohobbat today online work time people suffering cervical pain lead mental stress tumour,Negative 
putting type negativity tl,Negative 
turnbullwhitby melaniejoly good grief real man,Negative 
rt basicincomeimg hospitalization due mental illness fell much percent basic income trial today,Negative 
edwinhayward conservative culture war left arsenal crank nonsense boiling point next election feel free return post taunt wrong,Negative 
well drug mental narcotic see world unfortunately lead suicide,Negative 
rt rachelintheoc anger helpful powerful benefit rachelintheoc anger good bad,Negative 
matthewcoast never ever heart precious let man break,Negative 
richardgarvie conservative suggesting killing people imagine possible trauma driver,Negative 
rt cdndimension anger rightly vented canadian loblaws every time go shopping burn brightly every time,Negative 
rt walking around day struggling mental health issue trying act normal public weak,Negative 
lonely thor doesnt love enough,Negative 
callmeslayday feel attacked,Negative 
high functioning anxious person,Negative 
rt clerotto heartbreaking enough break heart weaponising woman work known tactic abusive men partner,Negative 
rightwingwatch religious fundamentalism religion strain mental illness poison,Negative 
imscottfree mental illness running rampant,Negative 
optimistgrind mosthiphop criticising someone el belief insane called opinion,Negative 
deleted work profile phone couple day ago already feel much stress frustration lift shoulder god know wanted connected corporation,Negative 
rt petitemadame im lot speed painting moment order practice lighting texture etc reach ill,Negative 
state legislator push treatment jail act avoid incarceration many mental illness via gothamgazette,Negative 
gieliehoffmann hello gielie sorry frustration could please drop u dm detail assist ta,Negative 
phiroshimapref stolen war japan started anger aimed japanese leader took war good reason,Negative 
one year he still trauma stress let meet another shot making right,Negative 
nyucc trauma fracture service get checked heal know,Negative 
rt westpointusma deeply saddened learn passing cadet first class cole kilty afacademy share,Negative 
yall mental illness atp,Negative 
alfiebengal isolated includes rnli station insight work might suspect also includes camber mooted camp asylum seeker contact front line realise,Negative 
rt abiolamoe fimiletoks anger without direction zeal without knowledge thats sum obidiots,Negative 
navsteva close russia even question really matter russiathey close neighbor anger larger neighbor sitting directly behind,Negative 
rt shrunkengts sonic silver angered giant friend amy blaze anger girl try stomp tiny hedgehog,Negative 
went stress,Negative 
kamuiiww need rage day twitter lem chuck away antidepressant,Negative 
bangingcuppa cryptidpatron anger moaning life stopped boo hoo hoo,Negative 
rt groovynesmith feeling exhausted hopeless bc work austin gon na leave u soon im okay,Negative 
truenorthcentre mental health hurt whiney lil sheep traitor trudopecan fix,Negative 
muddymuddymum cmbagot good grief,Negative 
rt ruthokpese dear believer many people tired feeling hopeless period let empathy guide utterance season,Negative 
rt garyyounge michaelrosenyes sometimes fear people think fascism arrives fancy dress worn grotesque,Negative 
tinkrbellefairy working lot recently im bit worn gab even scolded one day working much sleeping enough,Negative 
rt ksspamz fucking disgusting impersonating molly calling parody also said,Negative 
bringing bad vibe two hangout row,Negative 
romyyyc yup anger division hate left right instigate harness chaos cause longer need honesty integrity politics find way beat people submission angry ambiguous rhetoric,Negative 
astralhira chillingmoot blurayangel world looking nepotism favoritism also suicide squad bombed box office public interested,Negative 
rt madhumitaroyc pushpin huge volume body pushpin sudhir gupta u turn pushpin makeup man crime scene pushpin called,Negative 
rt runethfc control anger world class,Negative 
rt feyiszn people ignore people embarrassing moment feel embarrassed favourite human,Negative 
poignant reminder grief world individual grief intertwined,Negative 
rt gbnews answer ditteronts ditteronts ditertronts way stop boat cah ao,Negative 
yeah idk depression anger talking im genuinely upset find im back med,Negative 
chingina cultusmusicorum mereasoning vaushv travon want force everyone else respect depravity mental illness pretend opposite sex dont encourage anorexic continue eat yet thats want people mental illness regarding sex,Negative 
aritheaurora feel immensely gtlt get really short brief reply anxiety kick think oh annoyed hate,Negative 
went hospital leave feeling completely fucking worse amp hopeless cu help,Negative 
hardeepmatharu peterjukes fucking good grief,Negative 
year ago today state rage grief tweeted going host vigil put touch local woman reclaimts born sarah woman suffered violence hand men still rage fight woman safety,Negative 
rt archiecomics day episode chapter seven lonely place first aired featuring cast,Negative 
campbellclaret next suicide attack rememebr people faked dossier blair invasion iraq created isi subsequent refugee crisis make vomit,Negative 
rt fatimaturaki say grief,Negative 
rt sumyungguy suffering u need treat kindness non violence need embrace fear hatred,Negative 
yes make sense due severe pain nothing knocked feeling one year still labcorp waiting call counter another day time blissful sobriety nothing drink would solve odaat,Negative 
rt cultofmollyyy word unironically low tier god zrcalo whichever bastard wrote,Negative 
rt archiedgzmn stress private complain twitter happy public,Negative 
bbcworld saw year old mother isolated family world around,Negative 
rt adalluch serious mental health crisis going world random dm twitter,Negative 
house quiet tired sleeping much half sleeping time loud sleep make amends,Negative 
guy mental illness,Negative 
davidayermovies much want see rest joker burn imagine frustration,Negative 
filmupdates oh stop negativity,Negative 
commenting meg weight loss weird capacity especially given trauma watched endure last month say weight loss intentional look amazing regardless need said,Negative 
im feeling jealous possesive jungkook frown throwing leg taehyung everyone ever lay eye taehyung look jungkooks thigh hiked hip back baby omega stand chance front,Negative 
mlphilosophy avoid anything instead notice everything partner time anger word express expressed mouth yeah avoid gon na think,Negative 
rt beingkarmin stress sometimes wing know shall,Negative 
hey ashley macdonald since tripled weird holocaust tweet trolling jew calling destruction israel calling jew snowflake defending antisemites perhaps mental health aide know better ahsmedia might want know,Negative 
m awareness month fact day dreaded fatigue m fatigue fixed nap rest constant neverending m fatigue falling asleep throughout day feeling like body weighed,Negative 
man suck interrupted antidepressant hell deal,Negative 
rt brodenplays stormybotk texasjeepguy potus worthless president ever,Negative 
frustration postponed election countdown election finish,Negative 
used lie garden every night watch star moon cloud existing wandering blinking night friend crashed couch took garden every night drink sexual harassment later cutted life together everynightritual moral story share important thing people might destroy,Negative 
cchl running account would exist junior minor hockey anger heo allowed cchl take aaa year ago let cchl make kind money parent,Negative 
bc mental illness rampant u,Negative 
look back severe time ocd many mixed emotion anger sadness grief could possibly bad know seems surreal,Negative 
dr tom cowan responds derrick broze dr peter mccullough mccullough claim virus must isolated use vaccine via forumotion,Negative 
rt kiraieigh know terfs make sense hate science feminist walking bigotry machine truly asking,Negative 
frustration durak inspires always loneliness make confront loser rather compatriot losing alongside last man standing surrounded enemy v hoping taken prisoner friend,Negative 
im numb relationship literally believe nothing man tell like im zoned bad ill never really know someone like real real,Negative 
rt vatorhtown show jalen green isolated locking tyrese halliburton crunch time next time somebody tell jg,Negative 
someday life one le lonely girl experience,Negative 
hate sm,Negative 
rt abbythetweet today writing goal death come funeral family feud nothing tear open old wound,Negative 
terriwhite absolutely emboldens men know incredibly hard leave fear heightened risk escalation violence nut bolt practical reason housing money isolated shame see read huge impact factor,Negative 
air full grief sorrow,Negative 
jilevin violence form continue knife sword vehicle explosive etc teach compassion family value message instigate hate anger retaliation constitutional right say want expected responsible,Negative 
liberalism mental illness also evil please find cure,Negative 
rt haechanprints know feel haechan singing first cry scream bc he,Negative 
lonely soul basement tunein app,Negative 
loanchargeappg mp signed response sluggish edm quite blunt purpose hmthmrc criticism urgent action rather token symbolism needed mp multiple death acute suicide risk yet another hallmark uncaring govt,Negative 
dont know made mpa notorious thief imran khan call girl opinion admit fact pti replete c girl support pti,Negative 
ive isolated time trade stay alive brought choice success suicide call sick spend day,Negative 
rt savianpr sooyaas shrug negativity waiting mean lot let u,Negative 
paintingtlc idk die going look asshole bastard one slammed side concrete slab year ago dislocated shoulder giving kind grief,Negative 
silicon valley bank crisis left investor wondering problem isolated harbinger broader funding crunch credit market,Negative 
kelwheels shit trigger block move engage anymore mental health important know proud,Negative 
ceoofhxh shiggishot youll see failed suicide attemptone horrific thing ever witnessed,Negative 
bro tag nun whatever negativity see vibe nighas ahh try tear vibe shit going way keep telling rollover worry bout hisself nigga position battle amp definitely battle,Negative 
walked across street cold rain monster got back home fucking exploded even know word express frustration,Negative 
social medium hammer take emotion process learn use tool grow missiondriven business people selling bullshit already mastered currently winning,Negative 
rt browtweaten doctor describe morning routine denial anger bargaining depression acceptance doctor morning,Negative 
bazukamzansi daddyhope abuse manifest talking people mother asshles serious sign psychological trauma experienced someone indeed abused,Negative 
idaclemens wont would harm people suffer dysphoria people suffer dysphoria barred medical service explicitly alleviation symptom dysphoria hand antidepressant people depressed,Negative 
oldratessex revpaulwhite er wanting drown apart trafficker pay get please get grip look outside doubt isolated life,Negative 
rt nindaturtles isolated groping episode left instantly label whole hindu festival gross label whole,Negative 
mamagaylor paulkrugman billackman secgov im guessing always plan vc amp investor class push raise floor stress testing announce unfair properly ass risk raised floor insist risk covered full fed,Negative 
thats defo pub anger coming kim also think completely forgot organize coffee haha,Negative 
rt shelleyjofre revealed hard withdraw seroxat ssri scandalous taken,Negative 
theashrb scavenging part nature thats feel like thats blaming massive policy social failure fox tbh,Negative 
rt thats person hater bkcindi krte rhe jayenge reality ppl even meet adores,Negative 
jharedteres ghostifyisback lonerwithboner thecassinijohn codmcomics irocodmyt miss og isolated playcodmobile still chance see old isolated,Negative 
krassenstein marshablackburn complete bunch nonsense brian purely opinion,Negative 
rt posted applies well equity problem u mental,Negative 
rt jdthejedi sometimes little thing help fight depression still trying find healthy coping,Negative 
riesonomura boundary hurt loss relationship even one thats toxic hurt there grief relief rarely easy rarely cutanddry okay grieve right choice sometimes thats hard choice jump joy right thing,Negative 
blondhorsecrzy hylaregilla malesofreddit people knew negative outcome lobotomy back still antidepressantspsychotics invented gender transition well studied outcome gender dysphoria theyre expert,Negative 
lost grandma hank time smh back back hard anyone grief mf,Negative 
phloxymorone mooom ate mental illness dinner yesterday,Negative 
gavinpoints littleguyfaux bigscrab macleanewan fgheel tedditchburnnnp ermedale morphington gordondudman bogotabob chunkyferryman bobbofitz jgoffshore tomlinjeanne ayerightyiare mcolluk pannikus dyspepticcodger nosaidfred johnstuartwilso scjohnston scotfax yatesmangone walleyvision think bright fairhe obviously troubledwith anger issue,Negative 
hole feeling small hole losing soul legendarysora,Negative 
sometimes im lonely sit think hurt remember good time,Negative 
therickwilson research vile note sent yr old frail lost jobless incel teen mother basement life totally isolated terrified outside world sad,Negative 
emotion dysregulation predicts belief conspiracy theory pp,Negative 
uncle mom side granddad dad side died part convinced obsession making others happy even though severely mentally come born parent going worst type grief,Negative 
hearing imrankhanpti kutya carrie symond used hina rabbani kher isnt elected foreign minister assassination attack imran khan like imrans govt killing road poor people equal suicide attack,Negative 
showed sister baby swara botse video shes saying mogwete wa ghel nah ye ke anger,Negative 
discover name normalization chronicle mean le time frustration working relativity product manager jed answer qampa covering specific advantage latest release,Negative 
whitlockjason nba player wear jersey respect unity montrez harold hot microphone call luka bitch as white boy next day steven excused behavior said big deal hypocrisy frustration,Negative 
finally picture semiaccurately portrays ive feeling recently mental illness kicking as,Negative 
stkirsch amazing deep brainwashing go mental illness imo,Negative 
australian aborigine lived isolated rest humanity year remained isolated year would ended two different specie duration space travel determine evolution human,Negative 
rt ourfatherng one time feel sense loss even thou u something first place guess,Negative 
rt poetsorg everything ignorant anger doesnt like reminded kerouac born,Negative 
rt uttar pradesh cm myogiadityanath farmer died suicide last year state factcheckindia farmer,Negative 
rt mindshelp always remember setting boundary make bad person,Negative 
vicariousnick crycinema discussingfilm stop complaining show online stop watching reason try put negativity torwards someone else,Negative 
deserve someone listens hears every word know feeling hopeless lost confused there somebody,Negative 
satoshibtcs another worthless project,Negative 
rt hildemara grief change shape never end keanu reef,Negative 
crazyclipsonly beating guy remove trauma either,Negative 
marcusrashford premierleague manutd must lonely mate,Negative 
joyanyaa sad coincidence mad stress still following lost job friday anything comfort anyone attack cute said anything,Negative 
drfrankturek give something question whether convinces accept presented evidence good grief say problem evil evidence god convince though would like see stop lying,Negative 
rt cisnyakundy case missed murder suicide question linger death upcoming designer jeff mwathi thread,Negative 
confucianthe feel bad human nature every country,Negative 
take med today even mind go people bipolar type normal mood swing get lumped category cause almost paranoia following normal emotion,Negative 
rt trump sign bank bill rolling back doddfrank regulation measure eas restriction,Negative 
mourn hard life chinese still ccp anger heinous crime ccp lord wake chinese belief ccp lord open eye eradicate ccp restore earth harmonious face society prayer name christ amen,Negative 
rt pkallioniemi today another edition pronounced nonsense ill go,Negative 
tzagear stkirsch look hierarchy control approach exhaust intervention strategy effective least effective folk like get caught worthless measure ignoring actually impact,Negative 
rt whatthetrans cw suicide conversion therapy saddened hear death eden story absolutely beartbreaking,Negative 
destroy lonely announces collaborative album ken carson way eye,Negative 
rt minieskies amount emotion pain convey change everything eye unbiasedly would,Negative 
clownworld normalized mental illness,Negative 
rt bloombergtv bloomberg opinion mohamed elerian reacts february job report data calling really tricky he,Negative 
feeling tail bone pressing chair sitting soo painful also weirdly validating,Negative 
gregabbotttx trying trivialize shooter killing american america due mental illness killing another country somehow make murder worse doesnt heinous nobody forcing american take fentanyl,Negative 
bekkasolo dimensionhatros katymontgomerie also permanently destroy sxual function antidepressant barely outperform placebo ssri snris public outraged psychiatry profession coverup permanent pssd,Negative 
justinjjudah say production ppl speaking badly class black man post movie implying safe work absolutely insane compared acknowledging isolated incidentpretending got slapped room gotchu,Negative 
made way deeper look view child sexual trauma,Negative 
rt broderick karengeier begun wonder sort planet beginning move depression stage,Negative 
neesietweets dumb etsy buisness id pay worthless,Negative 
rt heliosarts grief,Negative 
may mention gore violence sexual content mental illness abuse mental physical emotional gun kidnapping stalking cursing alcohol use death,Negative 
one first observe report early march russia isolated rest world brics opec see ukraine war way totalenergies ceo say west rest world differ ukraine war,Negative 
hamavalthorfinn wait still suicide squad fan,Negative 
lonely,Negative 
mind narcissist control anger hurt نمشے,Negative 
pkgaethijwe thank detail team touch apology inconvenience frustration caused,Negative 
last think sleep eat ob get depressed hopeless feeling know wan na cry want lie bed move day fuck wtf,Negative 
rt cbukhelp grandchild dy grandparent feel intense sadness others however overlook grief understandably,Negative 
rt wtparethenews libsoftiktok feeling spicy hot take day girl racist taught,Negative 
virus isolated directly body fluid rather cell culture proof virus present sample grew cell culture virus grow well fed unpoisoned cell culture,Negative 
persistent depressive disorder pdd form chronic depression term combine two earlier diagnosis dysthymia chronic major depressive disorder like type depression people pdd may experience feeling deep sadness hopelessness,Negative 
look like msu shooting mcrae racially motivated new medium ignored motive mental illness excuse white wash issue war white people,Negative 
willgkelleher willcarling sound like opposing party political debate rather constructive data fan understand get behindthis drive negativity early stage rebuild everything wrong international rugby today sadly,Negative 
rt klausarminius university student denied access mental health therapy group white according study,Negative 
rt ghaisguevara app tryna fight real world battle hurt long run get nigga know,Negative 
rt mattyglesias instead resorting failed tough crime politics address trump lawbreaking job,Negative 
mskerolync think ruining family suicide alcoholism drug overdoses senior dying child becoming stupid mean promote man allmy hand,Negative 
cut already known criminal amp people feeling hopeless intrusive thinking nobody else protect stain lower head moment head empty anything else 𝐂𝐎𝐍𝐓,Negative 
destinyyyboss focus hyping shiv rather spreading negativity coz jaise kuch solo ko shibdu pasand hai kisi ko shivsum kisi ko shivrit isase sirf negative comment badhate hai shiv ka rank bhi ja raha hai,Negative 
isolated men powerless isolation impotence fundamental inability act always characteristic isolation impasse act together pursuit common concern destroyed hannah arendt holocaust survivor,Negative 
drkohilathas known year eat regular diet prone infection mouth ulcer sore throat stress eating lchfketo seem immune effect covid went strict lchf tested twice amp time le cold,Negative 
suspected checked absolutely everyone handwriting sad poem though feel lonely possibly even dare say defeated make feel way lorenz happy much want know,Negative 
rt keep advocating taking right away mentally ill long diagnose rightwing,Negative 
britmick drloupis man last thing earth id want happen penis mutilated id rather sat fire drug road total mental illness,Negative 
bitch know smart shit tryna break heart shit durk,Negative 
rt fezgwayi tuxmhlanga think sars sarb hawk npa focus anger,Negative 
donald trump vindictive person get term take rage believed caused grief list woman people color dnc immigrant jew law civil unrest get revenge future eye,Negative 
rt excuse language sure feel frustration maybe people need start standing government,Negative 
nursing wife prepared rice soup brother said want eat semo turn co stressful omo bro need enter kitchen fix semo eat rice need stress around period,Negative 
rt katiepegler knew day would sarahbarthel realize nothing permanent cept birth amp death amp find,Negative 
rt doyouknowchamp one thing learned weekend tech desperately need better figurehead much anger directed small,Negative 
pancreasthief timcast ive diagnosed thing would normally cause concern relation bearing arm im capable responsible gun ownership besides youre criminal charged crime mental illness isnt crime,Negative 
rt iamlennoxx lucifer lonely,Negative 
hate nah frustration yes,Negative 
fanidrafts trauma dumping,Negative 
rt eggemperor like eggmans characterization sonic frontier made go stage grief like shock denial,Negative 
kqqqcqjo give worrying others think youwhat think importantwhat important feel,Negative 
rt melonnmoo back lcf incorrect quote im feeling hopeless studying,Negative 
took walk around course wind picking green getting spicy saw couple putter throw frustration mounting,Negative 
rt itsthedr justin trudeau worthless pile listen enjoying oppressive behavior citizen thing,Negative 
claussencheryl insist grieving barely month course deep grief shes combining denial amp anger stage avoid deep pain know handle insist fine amp done nothing wrong always fault,Negative 
rt chefboyarnigga deepdab need therapist n heal trauma toxic way,Negative 
chale make relax stress frustration alone fit make niqqa forget say get shawty somewhere sef eno really intention say dey ignore,Negative 
timkellernyc thread lonely read overwhelming majority men somewhere percent sure thing experience wrestle walk desert go ups down think,Negative 
rt oddineris behavior caused mental illness trauma explanation individual process certain situation,Negative 
rt dkbghana astrologist lonely always want use threat gain attention,Negative 
theyve married year despite close companionship still felt isolated time due restricted mobility,Negative 
rt mimagawatch youre right sometimes forget engler closed mental health facility michigan back migop,Negative 
iliasalami nah need isolate already isolated popular politician economic crisis government difficult relationship party control congress overthrown,Negative 
rt mrwiltz bobby womack think lonely whisper wait tonight girl,Negative 
ever tried ever failed matter try fail fail better samuel beckett,Negative 
rt there word called mood swing time come lady life would realize bad character,Negative 
jehvvy dokja fan classified mental illness,Negative 
simtlersiii kattkathi want harassed bad mental health want die,Negative 
spiderman web slinging across town nf play background whole vibe mood need life web sling even want fight crime want move want swing air like pendulum let problem melt away,Negative 
rt atomicaceso thackerpd psychiatric harm outright campaign silence reporting get accused,Negative 
xelsbellsx depression hard handle people think oh stop negative amp look bright side dude brightest side see depression state dark shade grey sad feeling daysweeks sending hug turtle turtle turtle,Negative 
rt unkleayo dear struggling king fair share life trouble hopeless waiting let talk,Negative 
friend mad bc turned main phone month deleted instagram completely isolated,Negative 
despicable reesmf rishisunak really think china russia planning invade uk really want war nato would suicide involved amp possibly nuclear seems side might possibly march u hellish scenario,Negative 
maameyaa even house stress abt nothing cant outsidenever,Negative 
anger british much attempt talk land man inspired tweet would write think piece tax contribution hold twitter space bigotry lagos,Negative 
rt lonely mood marvinkuhr,Negative 
thirstwit cmclymer jaketapper least read article poor boy fully transed failed notice objecting practically rendered invalid every single story isolated story run advanced stats create high quality probabilisticpredictive model,Negative 
drclairetaylor thank dr taylor society still conflates invisible illness laziness visibly fine disabled eg neurologically person limp unless surrounded fam coll amp friend understand devastating mental health,Negative 
instead cry negativity saying omg happened fucing start cleaning loses,Negative 
ajemtattoo stonexpitbull yeah extremely shitty thing still feel bad gave someone experience deserve lesson learned tha hard way,Negative 
rt tearell tbf suicide attempt minimal obscene lockdown help funding mental health service,Negative 
jebrafaushay mental illness,Negative 
rt dobbysolanonufc state country man one getting grief one proposing turn away child,Negative 
rt theholisticpsyc childhood trauma come back reaction symptom core belief here,Negative 
rt goddeketal least gt able name drop pushed socrates,Negative 
rt waiting niigo kaito hoping wont another malewife archetype actual bastard,Negative 
must happen anger may spend fifty eighty year نمشے,Negative 
rt murendimukumela people stuck toxic relationship afraid lonely,Negative 
baby got serious anger issue,Negative 
rt recoverychris good morning weather horrendous friday cracking result yesterday braving work amp weather,Negative 
lonely bob,Negative 
cllrmikeross randomoriginals hullccnews libdemsinhull activetraveleng making arterial road risky cyclist removing offpeak buscycle lane remedy exist isolation work local leadership basic plan isolated intervention yet obviously form plan network seems fair,Negative 
rt laowaiaround find poland behavior case unacceptable isolated incident suggest malicious intent,Negative 
scentralized ot continuity issue due lucas clearly refining vision went along anh leia show next emotion regarding destruction entire planet even though think tracked still go rebel base,Negative 
housejudiciary staceyplaskett grateful musk house republican exposing govs censorship free speech sickening repeatedly hear mantra b line misinformation opinion going government propaganda go rep dems standing,Negative 
josephinekarev like wgat deserve feel sick,Negative 
scared lonely,Negative 
derrymaid blaznhero fallenshadowyt rucaco katloumi ironvertex talking harming mental illness paraphilia cant equating actual serious harming mental illness toward sexual fantasy unrealistic non existent petite character,Negative 
respectfulmemes committed suicide,Negative 
feeling angry anxious empty fatigue hopeless irritable sad regularly could sign depression depression treatable speak share therapist today sure affordably instantly anonymously,Negative 
larryelder ilhanmn happens one see everything eye race universal truth cross barrier isolated racist unique race white guy white parent lot input regarding hair appearance behavior etc called parenting,Negative 
top mental health blog website stressing,Negative 
rt bahujanlives disturbing news coming amritsar woman doctor committed suicide allegedly subjected,Negative 
silicon valley bank crisis left investor wondering problem isolated harbinger broader funding crunch credit market,Negative 
ordered toner online store pickup officedepot didnt pick realized already ordered minute hold csr company nobody figure return although picked good grief,Negative 
wish magical cure grief bc im tired feeling empty,Negative 
need go many sleeping spy much open sedition treason,Negative 
rebroadcast lyn talk trauma journey recoveryrebroadcast sn saturday night special interview lyn barrett author crazy reclaiming life shadow traumatic memory,Negative 
rt sgahamanyi much panic rwandapeople sleeping morethey convinced time getting near,Negative 
feeling lonely,Negative 
feel disappointed kkk,Negative 
rt slaye know crazy couple week ago maybe month ago depressed felt hopeless felt would never,Negative 
rt dayshajanii people like really anger shit,Negative 
male doctor quick diagnose mental illness woman letter,Negative 
mental illness invisible sound confident amp anxiety turn work everyday amp appear fine suicidal thought look happy amp miserable inside look good amp still feel ugly smile amp make joke amp depression,Negative 
dprabyy le anger issue en question,Negative 
mom died covering covid changed view grief,Negative 
rt pathdivinity simply stop worrying others think,Negative 
activeasian yes white medium propaganda black targeted asian hate negligible white commit hate propaganda social engineering must make black face negativity american pasttime scapegoat u blame u condition,Negative 
epi boring af maha mawa bro enduku em chesado epi epi lo unna slow mo saripoledani editing lo addl slow mo short add chesadu epi many repetitive scene overall story made proper justice frustration turned anger tale brilliant twist,Negative 
rutiexx ai get anger issue oo,Negative 
libsoftiktok parent charged exploiting baby display mental illness action know,Negative 
yanomami crisis illegal mining yanomani indian reservation sate amazona roraima inside amazon jungle lead humanitarian crisis among isolated yanomami tribe live reservation,Negative 
rt drbhrettmccabe suck know thinking think one point todaydont worry nothing wrong,Negative 
rt imisstetesomuch always think namjoon said taehyung often take difficult role group song,Negative 
way julius randle let got feeling violent morning,Negative 
come generation help u cope mental health depression,Negative 
rt realtheowold reliving energy crisis intel abuse rising inflation stalled innovation urban unrest soaring,Negative 
leaf feeling hopeless one try fix problem refuse admit exists screwed,Negative 
rt katemcwilli cw suicide maid extreme ableism interviewee said quote odd sound think,Negative 
rt god kabir saheb companion man whose devotion remove sorrow grief rig veda,Negative 
jcwinter want turn mind mush everyone belief jn god mental illness pushing religious belief others kick rock,Negative 
climate mental health wtf shit,Negative 
mourn hard life chinese still ccp anger heinous crime ccp lord wake chinese belief ccp lord open eye eradicate ccp restore earth harmonious face society prayer name christ amen,Negative 
black hopeless feeling mean end come reeling,Negative 
markmaycot issue say people try act feel wrath guilty get imprisoned need leadership,Negative 
hopeless lost worthless empty broken,Negative 
rt apparitionnow nearly relevant people care man snam said vile thing past,Negative 
deeleftmom mollyploofkins many suffer dysthymia low grade state depression untreated lead major depressive disorder depression leaf person feeling overwhelmed feeling sad need look depression prevalent society courageous seek treatment,Negative 
delete trying spread negativity ate quote,Negative 
distance cry lonely heart es consequence c,Negative 
scar eye music gon na anything like emotion portrays im gon na complete wreck listening,Negative 
chrystalslayer hemzet rwmalonemd take economy paper dollar declared worthless digital dollar exchanged meaning time bank govt steal blind,Negative 
take free online dissociative identity disorder test ass whether dissociative identity disorder trait,Negative 
struggling loneliness sat people class strong feeling hopeless negative emotion say speak feel weird know know overcome,Negative 
rt myprettyboyyy im top bottom switch going kill feel emotion one time,Negative 
idonttrustit paulacoombes debunkthefunk viroliegy aleczeck drtomcowan andrewkaufmanmd isolated,Negative 
rt silentnightnadi believe infinite potential limitation set upon roy bennett,Negative 
rt thetransitguy man slammed phone anger able block testimony traffic violence dot,Negative 
elonmusk cbdoge mental illness,Negative 
smithhmackenzie reactive hypoglycemia anytime diet get whack good ol epinephrine get released blood sugar insulin swing anxiety central opinion greatest cause anxiety depression people poor diet,Negative 
gatewaypundit give shit tds really severe trust science,Negative 
miss feel cope put pain leave lie sleep sleep sleeping everything much looked choice lately still,Negative 
rt many well fargo customer voicing frustration money appeared missing online banking account,Negative 
morbiusdevo conversion therapy unethical coerces abuse people performing desired identity behavior look two acceptable option person suicide death neglect,Negative 
lonely fight like heavy cold stone piling time claim bounty coming,Negative 
feel like making egabdraws cry little today,Negative 
coolustaz negativity run blood,Negative 
today day back office since mum died deal customer close meltdown stress amp overwhelm griefcried twice unexpected coworkers came condolence hug entire staff knew mum death,Negative 
mental illness,Negative 
rt negativity yha highlight kr ke aap fan nhi hater ban jate yha wakalat kr ke kya fayda believe ignorance,Negative 
rt lucygobag smartphones social medium destroying child mental health financial time,Negative 
rt kipperwrath thinking look betrayal grief knife face vash pointed gun,Negative 
robinho stopped going usual could turning inward feeling isolated could planning,Negative 
rt twithersap possession game right get sensabaugh isolated,Negative 
lanahydes itsok thing r plastic bag alr skull skull recycling soon cuz thought abt trauma,Negative 
rt afremovartcom farewell anger oil painting lafremov free fast shipping worldwide,Negative 
check mental health guy might mood swing madness,Negative 
thepatriotoasis mental illness gaslighting lier,Negative 
johnny looking lonely back saying,Negative 
mystictamil end negativity world sure person agenda,Negative 
rt nabilersyad really lost gem park greenery middle kl green space see,Negative 
victorisrael even tho wan na show sympathy vote immediately remember anger develops pay saturday,Negative 
somebody attending classmate candlelit vigil order help raise awareness suicide,Negative 
rt bedriddenbot going die consumed loneliness forced carry entire goddamn life,Negative 
tomselliott love folk thats experience secondguess made feel one remembers thing often based made feeljoy embarrassment surprise fear grief memory set head way one else question,Negative 
day consist seeing acutely psychotic patient next week sadly patient unit black men woman patient year old black woman homeless week pregnant hx bipolar disorder lab positive cocaine thc,Negative 
luluroche rosannaphillip michellespenc taratisch tgarciaart texyliz srhmedco drwineau roseymelhill shelbykstewart ekruzan chefjoelb aussiedebpeace gspinell refuse take pain pill im pretty much screwed make mad right accustomed im sure feel frustration,Negative 
game stress,Negative 
imgwendytoo commiedgurl ok encouraged suicide context made enouraging suicide acceptable,Negative 
bbcworld three coworkers mental breakdown two diagnosed mental illness took month recover,Negative 
seeking professional help crucial someone know struggling eating disorder recovery possible time effort,Negative 
hakim ziyech professional player never showed anger frustration lack game time see press professional fire fire fire,Negative 
sirrobertfrisk denverpost minor good grief people cannibal,Negative 
legitimately feeling hopeless way much going house time record film room without back ground noise anymore financial situation as ughhh,Negative 
rt unclescrooch girl never break heart fire rocket,Negative 
barbiewoodside biden worse liberal democrat believe garbage love hate value good grief conservative even believe two gender think medically transitioned kid castrated made sterile imagine,Negative 
great resignation colliding youth mental health crisis,Negative 
rt theniyalachaun need isolated room w paint amp canvas,Negative 
isolated incident obvious nearly anyone raised male grew older joke got quieter locker room talk yet heinous insidious regarding woman place naturally inferior every way explicit detail fantasy,Negative 
yr someone giving opinion bird app agree disagree hisher point view least abuse hate himher seedha ignore maar ya apny favorite player py criticism bardasht krna seekho,Negative 
rt magic toilet ever lonely sit know phone ring front,Negative 
rt youll see many book granny weatherwax sam vimes knew character got angry,Negative 
thebasedtrinity mistressfannie bawitdabavinck cshitposting aaalmonds morallygodless thiohna good grief try googling female reproductive system,Negative 
rmcaesthetic express frustration loss,Negative 
rt johnupton awful science journalism buries mental health impact woman kid world poorest,Negative 
podcast episode sort sniped emotion reminded high school student idolized college campus activist went experienced disproportional conservative backlash detailed literally crushed dream,Negative 
check latest american journal psychiatry audio episode adversity toxic stress racial disparity child evaluating evidence brainbased biotype featuring researcher nathaniel harnett md listen,Negative 
petestrzok radiofreetom wow feeling heat card crash enemy people,Negative 
rt arminhamidian forget floss science behind dementia four thing prevent,Negative 
im crazy dangerous little ecentric lonely type,Negative 
good grief,Negative 
innate weakness human saidlove deep let destruction,Negative 
rt trying scold anyone gentle wellmeaning reminder need read suicide note eden,Negative 
kiriyanewgate still sick still know besides sleeping much,Negative 
nidhi hi really sorry hurt meant hurt opened frustration talk baffled wall resume raghuram rajan video confirm assure shall repeat,Negative 
privately got anger issue,Negative 
rt fbghuss might undiscovered stage grief named yet,Negative 
rt shirleyjwriter said something anger ton woman maybe ton men well,Negative 
elijahschaffer mental illness,Negative 
rt notazzi sad broke lonely,Negative 
crosscultural research emotion asks question whether emotion term equivalent two language using crossreferncing approach tested equivalence term shame guilt chinese english language,Negative 
rt kattenbarge care like meghan markle shes victim smear campaign harassment campaign,Negative 
dupuyjamain theeconomist ukraine join nato eu year russia large isolated poor north korea,Negative 
hard sleep night knowing whats outside feeling hopeless need focus,Negative 
rt suffered depression life illnessadam ant stand depression,Negative 
dijikvan report tend rely anonymous source forward information politico article cite would stress disagreement usnato ukr war new article exaggerates,Negative 
carreskat kiopowell johnoberg freedomfarm losing purpose overabundance comfort difficult live none instinct satisfied thats everyone antidepressant men kill meant chase danger away reproduce hunt next meal,Negative 
rt jamesorokpo oduobodumu davidsoffor cenbank godwiniemefiele mbuhari ngrpresident nlcheadquarters irresponsible attitude,Negative 
nypost always get grief bad parent allowing situation like justify uncool life taken early life ruined publicly financially,Negative 
hopeless girl seeking someone share feeling,Negative 
rt natachakennedy saying day hear young trans woman died suicide forced detransition,Negative 
rt macroalf quick thought right package bailout equity owner uninsured depositor compensated,Negative 
johnwathenberry newmarketgallop god grief getting soft john mere flutter,Negative 
rt babybeginner ezrigen abusive woman belittling going react anger,Negative 
settle paini also settle memory innate weakness human,Negative 
bryandmcnally benryanwriter chadfelixg mental illness,Negative 
frustration wanted arun jaitley removed ministry co lost arvindkejriwal defamation case arun jaitley heated argument mrjaitley took cleaner lost case immersibly kejriwal render unconditional apology,Negative 
smartphones social medium destroying child mental health,Negative 
watching men pay woman late night say worthless ok,Negative 
bank collapsing inflation sky rocketing dollar might worthless tomorrow due handful central banker incompetence elected official please tell neighbor disagrees focusing,Negative 
mind full emotion amp anger,Negative 
feeling write leon throwing dangerous mission distract grief fic cpcom go wow right canon excerpt one fics published june v canon material got march,Negative 
rt ryaaneee unpopular opinion current state music absolutely suffering afraid lowest,Negative 
abc trump unequivocally beyond belief ability angerdisappoint scare others howeverhe nothing ruin america present president reckless arrogantignorant incompetent still killing u biden watch trump,Negative 
mourn hard life chinese still ccp anger heinous crime ccp lord wake chinese belief ccp lord open eye eradicate ccp restore earth harmonious face society prayer name christ amen,Negative 
since birthday let share getting older mean put pillow knee sleeping side much pressure weak joint,Negative 
uscis using illegal drug recommending mental health issue even doctor ok usa,Negative 
wallahi e make sense die highly recommended sister brother today una dey chop breakfast na use anger recite whole quran night,Negative 
depends upon definition precisely person mental illness democrat want paint broad brush anyone therapy even therapy minor violent,Negative 
bbcnews involved cf case interfered charge upgraded know hopefully feel guilty cf suicide blood hand,Negative 
sleeping day nasty sinus infection told get much rest possible got note work basically laying listening youtube car video,Negative 
rt bbcpolitics people contemplating suicide cope result rising cost charity say,Negative 
never seen based opinion entire life except kill em id put minimum tier ajfa im also opinion ajfa would first tier production wasnt noticeably bad ajfa would go hard bass audible lol,Negative 
rt kundukoushani fact ignored inssrcase fact proving conspiracy amp murder really suicide,Negative 
madthunderdome bizarre people buying one thousand worthless trash crypto internet coin save strange time,Negative 
one day horribly lonely also want thereby presenting great frustration conundrum life,Negative 
uk first mental health crisis café young people launched w london help relieve pressure stretched aampe department,Negative 
rt feeling bit moody amp run recently googled symptom see,Negative 
worthless exercise cut whatever last closing price think,Negative 
need someone talk dont face aloneaayhf help call contactusaayhforg information,Negative 
rt amuraoerika let air frustration dost allowance stipend delay hoping could reach someone,Negative 
rt maxkeiser seanonolennon stacyherbert romanmartinezc anger energy john lydon check,Negative 
iamswanky dancing kangaroo please stress kanaga jnr power x fire money kanalized kanaga jnr,Negative 
clairetreviso cnn homosexuality also considered mental illness hysteria woman,Negative 
tw suicide,Negative 
rt sieunistaken hihitmon dont even like man however give clear cut tw mention believe live,Negative 
rt paytmitch like tiktok spent enough time figure mental illness,Negative 
rt seyi makinde deserves second term done well vote sanwoolu angry,Negative 
sammisamsam good check dysthymia low mood many people mild view way major depression,Negative 
rt emmakennytv hey nadinedorries try reading absolute disgrace involved mental health way,Negative 
seanhannity said frustration r shed light corrupt biased activist lawbreaker top defunding hard working field officer work daily fight crime keep country safe think,Negative 
hopeless girl seeking someone share feeling im fool fool love,Negative 
rt browtweaten denial anger bargaining depression coffee acceptance,Negative 
got ta mental illness claiming dck somebody else as every night,Negative 
kadythompson oh gosh totally get sleeping alone sound like would nice blanket stolen bed hogging instead lonely existence,Negative 
good grief naked,Negative 
negativity shadeeedaaaa fam,Negative 
alashshukla material evidence documentary proof wherein scoundrel bank managersofficers forged mortgage document using future dated stamp papersthe respective colleague threatened police said officer shall commit suicide fir filedpolice verbally told,Negative 
sister actually think depression mindset basically saying fault sick decision still feel way want happyi could ignore already blaming blaming well quite helping pointshe confirms guilt,Negative 
bruh im bored lonely rn putting weird mood sad,Negative 
rt tharealniecy chriseanmalone yall gone right back live sharing spit idk yall put much negative,Negative 
selfpromotion important critical marketing journey talk whatsapp getting enough quality lead converting,Negative 
rt reewrites minwon filo omegaverse au beta mingyu feeling sort weird lately thought quick visit,Negative 
hey twitter could please shown antitrans shit recommended im already struggling today woke feeling hopeless depressed struggling dysphoria would rather reminded fact might day disowned attacked trans,Negative 
fifty six sokollab good grief,Negative 
poodyrudy oh good grief,Negative 
opinion tweet yes also reason unhealthy marriage,Negative 
sammxney derrymaid blaznhero fallenshadowyt rucaco katloumi ironvertex dangerous mental illness meet gay pedophile volunteered anti gay csem ngo online advocate csa even interested fiction start crave actual thing looking possible victim,Negative 
lemonburzt going make feel guilty,Negative 
rt speakourstories estimate put economic cost sexual violence u trillion primarily due aftereffect,Negative 
habit need get rid sleeping late eating much negative self talk overthinking trying impress people spending earn miss,Negative 
bhagwati hospital say multiple injury body unnatural death picture dishas agnes lisas body agnes lisas postmortem report dishas suicide information hidden,Negative 
erictopol emphasized word sarscov become endemic endemic mean infection isolated certain areascertain population also predict manage case hospitalization death immunityevading mutation prevent endemic,Negative 
drinking straw give lip line sleeping side give droopy face laughing much give forehead line give flying fuck,Negative 
simple word pakistan isolated,Negative 
today edition misdirected human frustration somebody started raging coz said iphone pro max bulky said upgraded x shut amp grateful apple coz went titan rolex point ppl need better problem,Negative 
rt sorry break mood sea lion expert animal actually heart stop working die,Negative 
dorylamptey amaserwaaa much anger another planet,Negative 
jonttrubek please confuse mental illness evil insulting fact mentally ill,Negative 
good warrior think upon death upon bear howled mingled pain anger slumped four foot,Negative 
rt archewellbaby whats hurting royal rota behaving like extension royal family amp,Negative 
gave second chance cupid im left feeling stupid oh way make feel love real cupid dumb gave second chance cupid hopeless girl seeking someone im left feeling stupid share feeling,Negative 
rt jdesmondharris reply make seem like tragedy disagree isolated absolutely dying,Negative 
atlanta people recommend good psychiatrist deal high anxiety suicide ideation pump full antidepressant worked year,Negative 
time enjoyed wasting wasted john lennon,Negative 
rt patilgatha destinyyyboss focus hyping shiv rather spreading negativity coz jaise kuch solo ko,Negative 
rt yoonshiky feeling market know alone ups down hang,Negative 
million anti depressents united state hell happening complete report,Negative 
rt demfromct need specifically cochrane screwing communication,Negative 
rt bsmhft feeling low suffer silence birmingham mind offer livechat service connects real time,Negative 
rt antsgirl love community tired fighting understand frustration human nature close,Negative 
health insurance able get medicated affordably trying maintain facade fine cry sleep night feeling hopeless future future whole cry help observation,Negative 
pundit speculates ranger financial struggle anger aimed ibrox board,Negative 
ralphmanbestboy bottom line problem na sgdhgs make big deal coming fan na frustrated sa kaniya find way stress nang ma malala kjsadg,Negative 
daedricdark seem quite lonely feel oddly bad diamond,Negative 
smartphones social medium destroying child mental health,Negative 
lbc manipulated opinion right,Negative 
here story one asked huge devastating earthquake happened country feeling really sad amp hopeless,Negative 
rt mhizzcalie business nigeria mess mental health leave traumatized,Negative 
tomfaller jemface point journalist bbc contortion try downplay established record domestic abuse former prime minister father word victim writing making clear nosebreaking isolated event,Negative 
rt mrixelles werahobhouse always good see consistency seem suffer ire anger based whomevers,Negative 
richardegrant feel grief last two half year lost four family member familiar wicked way creep temporarily overwhelm believe good lady said try find pocket happiness day,Negative 
itms garethsoloway im describing frustration member range potential buy given gareth buy range price included range could picked instead either entirely chasing worse pnl,Negative 
orzelpatriot course heather common sense mental illness known wokeism least rudimentary understanding biology tired acceptance biological common sense falsehood,Negative 
liamthorpecho good grief bbc getting worse remove tory twerp top,Negative 
deltamtg fireshoes mtgsodek think still correct grief still review,Negative 
tesonline companion lonely journey,Negative 
theyre also lonely driving cut outside world people supposed share,Negative 
pilkyfn one gon na grief shitty as spot,Negative 
rt nothing sexist matter much feeling got hurt speaking truth sit shut,Negative 
reesmf rishisunak russia china amp belarus threat uk none want war natoit mutual suicidethey become threat uk ukraine war uschina relation spiral nuclear war case everyone dy case stalemate militarily,Negative 
matteffinturner nowadays really rely detached observer part talk tell going hole spiraling one thing know helped literally set alarm half hour whatever go town negative feeling,Negative 
lonely sailboat afraid drowning one see yet forget never alone sea,Negative 
starskarl first time anyone scared ever probably im sure feel,Negative 
therecount repswalwell feel pain ri electorate seems think senate congressional seat lifetime appointment certainly frustrating,Negative 
rt pandavoicesorg lele begged food there neither eatable bamboo treat offered lean,Negative 
redflares prepubescent child japan everyone call pedo paradise america suicide rate bad suicide problem japan america south korea monstrously fucked work culture japanese people overworked tiresome,Negative 
flysistah santucci liberal obsession trump dk even became president accomplishment became president severe tds sufferer really need seek professional mental health care,Negative 
men wearing skirt scottish anyone else mental illness,Negative 
choose ur battle everyday uncontrollable mood swing mag breakout na dili mawala wala,Negative 
rt ntarnopolsky netanyahu amp meloni two isolated leader parched international recognition meet rome kingdom,Negative 
andreweager davquinn cowardly statement course responded none reply irish government got everything wrong covid country imprisoned isolated fed fear,Negative 
ukrainiansquad enjoy fighting satan worthless pawn,Negative 
hopeless girl seeking someone share feeling,Negative 
rt courtneymilan saw yet another thread someone bagging thing like antidepressant people started arguing,Negative 
week might possibly need look anger management,Negative 
opposerofantis trnsshenanigans loli mean child japanese yes rooting rev he defended lolicon several time excuse defend child doesnt matter pedophilia act mental illness wanting rape kid still reprehensible,Negative 
frustration russian trying advance bachmut slaughtered,Negative 
feeling bit moment various reason knitting group anne go longer available selfishly thats hour lost got find something else far involve,Negative 
co opinion logic odd mean he automatically weird person,Negative 
rt juliawoodhall join next week hear mental health impact housing loss damage nb flood,Negative 
rt handle dx neuroendocrine neoplasm small bxs make opinion heard poll amp see,Negative 
learn way around loneliness make map sit life welcome human experience never use another person body emotion scratching post unfulfilled yearning,Negative 
rt alisonboxxer new rule institution longer submit stress testing federal reserve,Negative 
five hour go work teach student think downing antidepressant one go finally stop suffering sleep pain unbelievably bad get go work pretend im okay,Negative 
explains much feeling exhausted moody right depressed,Negative 
start argument detail lost time end snarl bared teeth year repressed anger towards coming time,Negative 
angry though would expected disappointment anger,Negative 
today really started kinda nice monday fire alarm went triggering anxiety past mental trauma happened much past gave nightmare try evacuating one year old cat mauled hand scared,Negative 
cockburnkaren torontostar susandelacourt holy shit karen settle karen feeling little much karen today,Negative 
anthonytbroome ita isolated hitting area historically bad,Negative 
rt sparkle reminder sparkle toxic postivity real thing human allowed feel sad hurt mad part,Negative 
rt say goodbye disappointment occurred due fault feeling broken,Negative 
collinrugg heatherbearamc worthless piece garbage,Negative 
jordanbpeterson would rather commit suicide jordanbpeterson,Negative 
rt mupo interested declaring suicide theory without investigation mishandled,Negative 
rt elochukwuohagi see criminal gone attack mike ozeckome lawyer ipob member,Negative 
moot really think unfollow zach indirectly caused someone fucking death suicide caused much harm trans community really think le month enough time away internet,Negative 
kind weird many antidepressant commercial pharmaceutical company competing medication bad side effect suicidal thought,Negative 
fully understand people pain anger treated conversation rwmalonemd listen podbean app choice hit play clip,Negative 
rt dylanogline shocking disconnect knowledge many people barely surviving paycheck,Negative 
getting eye lazered worst thing worthless mindless chitchat waiting room,Negative 
check awesome content michelle suicide story part bayos speaks blog,Negative 
rt gripping hard hitting worked ground feel pain anguish,Negative 
wade always bitch made punk old lady hollywood trash unfortunately outcome poor child really shocking hope one day world come back around treating mental illness instead celebrating,Negative 
mental illness annoying brain literally ruin life give unhealthy coping mechanism audacity say trust know better u protect bitch shut hell let heal,Negative 
thinking tomorrow make wan na commit suicide,Negative 
rt best weapon defeat negativity mind soul meditation practicing regularly control,Negative 
give anger,Negative 
rt punishedmother blow tag people help eden suicide note seen million time chip fall,Negative 
timcast warning corruption mental health field may cause broad amorphous definition mental illness resulting denial constitutional right may experience tyranny death use regulation caution,Negative 
single woman destroying country mean ballot box lgbt movement slippery slope fallacy russia justified least partially invasion ukraine liberalism mental illness exasperated living densely populated area,Negative 
vanossgaming hello vanos want say matter everything happened always good memory childhood stress watch video angry wash video sad watch video crew always remembered,Negative 
rt baphacongo sabr mean allowed emotion sabr mean even anger even,Negative 
rt common cause cervical include physical strainmental stress herniated diskother health conditionssaint,Negative 
nbhamilt flashnewsua china absolutely loving war anything resourcerich regional power obliterates economy isolated china pick piece going war russia russia losing interest,Negative 
rt abridgen use excuse bring cbdcs worthless,Negative 
rt epochopinion opinion gabriël moens argued right disobey unjust law requirement met,Negative 
tw suicide completely heartbreaking common every transphobe deserves something worse hell,Negative 
markqvist commenting frustration reading thread expert marian road blocking progress ego seem mostly unqualified uninformed many comment many annoyance read seem almost distraction,Negative 
place left founder must carried bear howled mingled pain anger slumped four foot,Negative 
still cant come term feeling way either people look suddenly tell girl please stop calling girl even grandma disappointed therapist mother looked disgusted told wanted top surgery,Negative 
bed fridge backseat car dark lonely night see coming netflix get prepared,Negative 
rt gmlmiami know worth lonely af,Negative 
foxedwerd axarionx dailyloud son friend took bc battling mental illnessdepression something supposed caregiver sense violated trustcarepseudo parental relationship sexual relationship,Negative 
palatofino meehancampaign fordfischer divide amp conquer oldest trick book keep mass squabbling amongst collectively turn anger towards really control,Negative 
rt sophiacycles breath amp emotion linked shocked breathing change full rage passion,Negative 
various hey lonely girl,Negative 
mrdosbourne sure taken toll mental state look enough spark conversation least sleeping trying avoid admitting much missed much yearned,Negative 
strawbxrrymoon mental illness assume,Negative 
defiyantlyfree dollar almost worthless let money bank give money know made stuff stupid twitter post,Negative 
everyone mess everywhere go quite morning shift denverparksrec wearewellpower photo oliviasun via coloradosun,Negative 
past power stop present grievance past eckhart tolle,Negative 
rt donmartinctv good one agmacdougall china trudeau hit new low going lower via ottawacitizen,Negative 
scumbelievable basicchunnel got bunch hey thats unfair response commented overwhelming finally feminist movie wave celebration anger annoyance feminist movie fucked deserve much better socalled feminist medium,Negative 
nothing like feeling feeling hopeless,Negative 
hindu fearing bad pr isolated holi mishap say one thing matter good u behave u r always eye,Negative 
rt terrychristian picture indeed paint thousand word triggered anger numptiness elite,Negative 
rt opinion election going happen imran khan disqualified probably arrested,Negative 
ever feeling hopeless look,Negative 
tw suicide someone severely suicidal want live several year kind let wait x thing saved whether waiting spring waiting loved one heal shared grief,Negative 
rt convchronicles spc maintains slight risk level tomorrow sat okar severe threat mostly come elevated,Negative 
nssforrm lonely day indigo timeless legacy indigo indigo,Negative 
eshear becomingcritter depressed simultaneously working job going school full time put antidepressant told hyperactivity purely way cope think depression doctor advised dropping class dropping job,Negative 
madscientistff quick judge quick slow understand rush witch hunt,Negative 
rt dcexaminer tedcruz hold back expressing frustration called potus weak leadership,Negative 
everything confusion grief anger relief disbelief passerine thcscus,Negative 
long ajax started suck zhonglis inverted nipple kept thrusting inside zhongli ajax stopped put zhongli table actually sleeping due much exhaustion sex ajax kissed cheek,Negative 
god quick anger guess,Negative 
nilegardiner hmmm alexa tell pm charge targeting gay amp minority extent persecuting war hero saved thousand life suicide,Negative 
go path may lead go instead path leave trail ralph waldo emerson,Negative 
hipnerve pain bad last nightthis morning incision healing well one belly button starting peel already nowdue inclement weatherand sleeping muchmy head killing excedrines back menu boy,Negative 
ubsigma cryptonoan he using isolated margin hed manually add fund position,Negative 
rt akpragadesh worthless chiyaan avana adichi waste,Negative 
lying feeling hungry woke min odd sleep time day normally,Negative 
twitter please begging stop recommending toxic as tweet mood negativity rn,Negative 
delanosquires climate mental health real trans woman whatever happened crazy,Negative 
heavystackhouse mmbtaylor stress fire,Negative 
rt alpacaaurelius people go vacation literally age reverse stress level decline blood pressure drop skin amp gut,Negative 
softindietrash stacking lonely,Negative 
makavelimademe oh good grief smh,Negative 
say antidepressant month word struggling chantal corruption,Negative 
ashdmitch thatlevity oh travel exhausting rule traveling treatment sleeping strange bed looking food etc thats much,Negative 
hi dualipa used struggle stress anxiety low selfesteem discovered music therapy everything changed music therapy wonderful way heal mind body soul believe read blog post see,Negative 
thealicesmith authoritarianism collectivism two worthless ism,Negative 
zandabo shoutout mental illness,Negative 
characterised persistent low mood last long period time may described living autopilot,Negative 
identifying emotion literally mental illness,Negative 
strxwmxn calm take breath emotion important tell crash survivor run around cry screaming panicking know intuitively logic amp emotion somewhat antithetical quite people abide basic,Negative 
grief wishing well,Negative 
meghansmole feel sorry charles planned altogether harold,Negative 
traumeel injection useful trauma injury treatment injection provide natural mean reduce inflammation joint,Negative 
islamophobia canada four mindset indicate negativity nationwide intense quebec angusreidorg,Negative 
record fifth tender raw story grief listening one feel time intrusive breaking open diary deepest thought chatted hhawkline new album today heavenlyrecs,Negative 
accountable lest secret katherine ounassnoonpromonontoyoutofordealhmbathandbodyhampm youhandmounascouponsivvinamshicodeonasdiscountonass reason negativity,Negative 
good grief governor slammer seat,Negative 
decided cut tie ang sad kasi im genuine one broke heart im like chip would make break babalik ako ulit sa healing time pag inend niya inioverthink ko na agad yung nagkakagusto sakanya,Negative 
rt retromiso first female crush breakup wasnt even breakup bc never even dated got mad time,Negative 
cheap stupid person spreading much negativity pari karma hit hard pls mass report account guy,Negative 
rt nelisa left went back normal life stress,Negative 
phantom menace interesting story could much better developed nobody talk issue strange start trilogy since movie main plot thread isolated first movie make disjointed trilogy,Negative 
rt marianero mar muse performed bank oklahoma center isolated system opened arena show,Negative 
pay attention people real isolated,Negative 
good fucking grief,Negative 
thing want everyone know grief,Negative 
bendlikebishop get frustration frustrates carina important character entail much ampstefania mastermind shes genius c wouldnt without one hope c get storyline amptime deserves ampstef absolutely kill itm,Negative 
one make feel inferior without consent,Negative 
rt officialgmahoa feeling hopeless,Negative 
tfmetals hi craig hi steph regret growing learning read read understand crap like im moving canada getting government assisted suicide terminal condition surrounded corruption,Negative 
rt bschermd important know connection epilepsy mental illness nutritional ketosis could,Negative 
hamavalthorfinn suicide squad oscar rigged way someone looked leto joker said thats oscar worthy,Negative 
new blood test developed iumedschool may shake doctor treat patient suffer disorder,Negative 
rt crypto silicon valley bank crisis left investor wondering problem isolated harbinger broader,Negative 
elijahschaffer happiness conditional baby answer problem blaming others maturity issue attribute narcissism fat antidepressant western diet bad eating habit antidepressant handed like candy,Negative 
randaunion lonely day indigo timeless legacy indigo,Negative 
cry grief cry pain cry happiness may cry beauty,Negative 
femalesfortrump totally cult credulous follower chant dear leader name mindless repetition buy worthless merch send money response lie fly flag name amp paste face rambo amp amp amp nope cult,Negative 
people like really anger shit,Negative 
comacdo big supporter agree need deep culture change even got pissed doesnt look like he going anywhere end szn tho might aswell park negativity reset summer contract clarified,Negative 
rt prevented talking alcohol drug kid difficult prevented resource guide parent,Negative 
itskierandrew harsh mental health causing huge stress amp anxiety could spend countless night sweating cry figure hit hard,Negative 
success failure lose power u manage create lonely place middle action concern never let others drive life always stay control steering wheel life qualified driver,Negative 
undeadbestie worthless ugly girl could date,Negative 
woomywommy taking trophy female athlete went whole life giving someone biology make stronger got demoralizing hopeless feeling world entire life work essentially pointless fault,Negative 
cant letting mind think wrong thing hopeless got keep pushing feeling go away keep dwelling,Negative 
patrickjwiggin korytellers going say loud mom died february dad december really associate shoveling weight grief well weird spot emotionally pretty right,Negative 
rt charawhy there nothing powerful face hard situation found jeff bc tear,Negative 
rt dryukselurun abscopal effect clinical reality myth refers ability radiation therapy kill,Negative 
remaining na suicide tire ordinary food chop dey know e dey work,Negative 
agree polio caused toxic injection toxin live polio virus evidence polio virus isolated ordinary fraudulent virology meaning virus causing disease,Negative 
rt robdoubleyoo bacon tho slavery torture misery death nothing core food exploit condemn,Negative 
gwschmedes danieljchacon worthless doctor whose total cultist,Negative 
rt destahhagos secblinken antonioguterres hrw amnesty tigrayans continuously expressing frustration toward,Negative 
there much negativity baizhu leak channel,Negative 
woman texas devastated year fertility treatment learn first pregnancy viable already grief almost died doctor thought treating would violate state abortion ban lawsuit say,Negative 
rt meetsatguru best weapon defeat negativity mind soul meditation practicing regularly control,Negative 
politifact took month get around attacking conservative pundit matt walsh mostly false associating,Negative 
rt peggysattlerndp year year cmhatv mental health worker forced w le chronically underfunded system,Negative 
people scared em actually take benifits helpless person nd use throw em criminal people b objected eye eye destroying many life monstrous evil shame em human,Negative 
alczervik lower price tho underwater mortgage equity basically worthless,Negative 
hflanewriting magical realism story character frustrated corporate america help african god vent frustration,Negative 
rt michiganadvance pandemic stress gang utter fear fueled rise teen shooting via michiganadvance,Negative 
one climate mental illness vp harris,Negative 
trying cry frustration lost research,Negative 
tiny tiny mind tiny tiny lonely genius,Negative 
piece shit rewarded system turn good people piece shit people feed anger hate fear want whole story report,Negative 
car driver cyclist reality cycle lane poorly maintained even walk dog also mate camera need crack life could overtaken saved stress moaning,Negative 
many left planning leaving minnesota unable may feeling hopeless future word spiral state pendulum always swing back,Negative 
rt thuli ever complain loadshedding,Negative 
knowing one toxic spend rest life lonely asf,Negative 
rt reikkomia hey dive frustrationstream million today ridiculously close,Negative 
rt meditation way get rid stress depression also brings positivity u,Negative 
rt bobbiemoak tomthunkitsmind difference mtg men also screaming thumb gesture,Negative 
there much pressure wan na sleeping day,Negative 
rt shalalashanta believe manifesting cry couch feeling hopeless career two hour ago,Negative 
rt cofficialogbeni rekubwa abuja train tragedy david bimbola balogun wrote informative piece people know,Negative 
frognews gut feeling tell isolated,Negative 
rt imzarvinnn immediately go silent something upset hurt coping mechanism developed time instead,Negative 
nssforrm lonely day yun day indigo timeless legacy indigo indigo,Negative 
rt oregonwolfman mistershomeroom anyone want bet refusal clot shot classified mental illness disarm,Negative 
rt tartabasura form bigotry opinion serious moral failing personality disorder,Negative 
rt thestoicsatoshi someone ask senwarren opinion collapsing threat depositor fund differs,Negative 
growing hate muslim face isolated development resurgence ethnonationalism said secretary general un antonio guterres antonioguterres special highlevel event commemoration combat islamophobia day,Negative 
rt diwanihaidekho finally say negativity getting much handle even despite constant,Negative 
dangerous precedent many thing call mental illness today would called character trait year ago need doctor agree antistatism mental illness readymade excuse seizing gun,Negative 
uk way country full miserable bad vibe ppl,Negative 
mini album billage perception chapter three someone said thing happen suddenly gaze towards building seemed call new world lonely place accompanied solitude standing front empty bench seemed waiting,Negative 
rt bessthefirst markchangizi felt like world gone mad overnight could watch scream kept,Negative 
think something troy started blocking need negativity life others well,Negative 
today feeling little hopeless also know bad day tomorrow possibility get back track count believe,Negative 
control life realise trick lie think,Negative 
rt onlyforbw especially public place must always polite cautious said privacy,Negative 
natural remedy yesterday bad w allergy flu slept potato sock woke feeling better,Negative 
he feel frustration,Negative 
folastag behavior simply witchcraft highest whattttt livid reading may meet walking madness like landlord good grief sorry contacted lawyer ooo hope got remaining money left took everything went w,Negative 
absolutesilly tangentially depending envision backstory also kind isolated peer dimitris birth mother dead patricia patricia sylvains parent uh ingrids parent alive least,Negative 
legislation delaying expansion suffering mental illness sole underlying condition pass third reading senate expansion delayed year march give time development standard guideline nuanced request,Negative 
associated negative connotation ignorant people ridiculed isolated said fan dismissing feeling considering may affect,Negative 
rt fix replying troller hater streaming mv making hit,Negative 
even though find strange change habit nah man idgaf opinion blablabla honestly every time complain habit ruin happiness fandom cz basically annoying af,Negative 
lbc benkentish drproudman like example push someone lost friend suicide suicidal thought personally thats indifference getting sense nobody care wanting escape emotional pain case sarelated trauma,Negative 
rt robinawills getting serious uk systematically isolated europe rest world,Negative 
though know much hate gon na one save u black hopeless feeling meet em end come reeling,Negative 
rt common cause cervical include physical strainmental stress herniated diskother health conditionssaint,Negative 
rt brisatyrn insane counselor practicing towards end pandemic enough people,Negative 
zssbecker low move side way year level come ride u also keep raising rate past year cause economy break dollar worthless double edge sword,Negative 
gatewaypundit oh good grief yall trying year already give jeez trump single vetted individual point juststop yall embarrassing yourseves,Negative 
prone public meltdown publicly stupid shit minor groomed committed suicide zach action also referred happened twitter drama happened causing someone suicide,Negative 
night street view one person loneliness two people world,Negative 
erachiiii thanks lot inspiration one thinking sorrow sloth tbh actually hc one omori believed character stage grief hero depression,Negative 
rt elbridgecolby balanced contained whose offended reaction china action pique emotion theyre,Negative 
stress private complain twitter happy public,Negative 
feel lot stress get sick never fails,Negative 
callahanautoco clownworld mental illness mental illness meh,Negative 
rt forcemultstevea bottom line secdebhaaland worthless failed reinstituting federal protection,Negative 
rt dougjdougmiller gop lazy worthless republican keep sending washington sit around thumb,Negative 
stressed need alone time away negativity,Negative 
lydiathapoet imagine hmm mean live lonely street im confused twitter rule engagementis anything go,Negative 
checkmatestate live lord lead fulfilled whatever entail though never run people esp church folk tell pitiful unfulfilled say grief involved grief every life,Negative 
internet internet link although many thousand retweets anyway read suicide message trans woman forced detransition thats unbelievably fucked im okay,Negative 
rt epochtimes investigating suspicious death female passenger onboard carnival sunshine cruise ship,Negative 
manipulation make feel hopeless prospect trumpbeing indicted facingjustice wayget addictedfeeling defeatist outrage want feeland keep coming backover itbppr,Negative 
trhlofficial like democrat think pay debt printing money theyre turning money worthless iou value money inflated zero,Negative 
rt treblebaps fuck negativity want know fnaf animatronicsona would one,Negative 
someone say buy bitcoin hear buy worthless jpegs,Negative 
rncresearch basedsavannah worthless america long going sit watch person installed democrat voter fraud socialist communist nazi democrat party destroying united state america,Negative 
rt dhonis fan may think tweet feel ashamed even cameron green scored overseas century,Negative 
hrhdukethomas asking like least let live life without negativity royal figure war always put everyone risk go even medieval time prince royal figure always target,Negative 
rt chinmayshrotri often observed men use mental illness invade woman space obsession woman personal,Negative 
rt punishedmother would rather kid dead suicide happy trans dont get pretend like care,Negative 
likely climate change projection getting worse part upward mental illness trend cause,Negative 
utdtrey trophy utd fan told every club past decade worthless,Negative 
opened channel discord anyone would like talk others feeling also hopeless thought reach calltext suicide crisis lifeline open much love strong,Negative 
rt lucyycc postcode call currently lonely isolated people waiting community friend volunteer following,Negative 
rt found hx talked stream holy fuck feel bad manimagine,Negative 
rt mondayblogs anger helpful powerful benefit via rachelintheoc anger good bad,Negative 
stillgray administration running thing worried anyone isnt antidepressant,Negative 
rt ayychley everyone need understand sluggish schizophrenia everyone need know mental health related,Negative 
rt hourlynero someone ignores get lonely someone asks help feel anxious live near people,Negative 
time wish lived someone else sick feeling hopeless fuck bout call mommy,Negative 
self worthless try نمشے,Negative 
rtcpsrvcyblc dustormcgregier aaronbronsteter supersodiq na guy trash content creator shit athlete cover make content deserve community worthless,Negative 
bbc decade experience presenting television programme chose interrupt put forward view johnson friend could said le spared grief,Negative 
oh tl full negativity think imma make new page delete one much drama barely see positive tweet smh like fuck going,Negative 
mar muse performed bank oklahoma center isolated system opened arena show tour first time,Negative 
believe afterlife kind pain endless lifeafter lifeafter really really hope dead like deep sleep without nightmare dream talking sleep walking forever obviously,Negative 
thought send dead rose kind stuff would notice acting tough striking pose sit home feeling hopeless,Negative 
rt tomholtzpaleo laelaps nmnh different typical dinosaur teeth marsh found isolated one speculated,Negative 
trauma leave deepreaching effect influence behavior different way,Negative 
worry bout wan na stick around since lonely back home plus obasan said need someone help assemble new table later busy studyin mind hang bit,Negative 
lukevoice seen much wild shit example people talking sleeping sibling jealous sibling bad first experience never went back,Negative 
today read fan furious bad bunny dating kendall jenner know much better break bad bunny heart fluent spanish luis miguel jerry rivera bad bunny,Negative 
rt kevinbaker guess wonder decade full frightened traumatized stabilitystarved angry isolated people,Negative 
say bad word know want go somewhere else soon possible feeling freaking hopeless place right,Negative 
resident matsu island become little isolated theyve without past month loss communication putting stress local business,Negative 
rt bahiyaahh hate say opinion wan na tell like rlly gaf,Negative 
wretchedmarine good grief anything,Negative 
online formation vitro strain isolated naturally infected dog role antimicrobial resistance ufbaempauta,Negative 
rt growthmlndset habit need get rid sleeping late eating much negative self talk overthinking trying,Negative 
gc older snowpack firm stable isolated shallow unstable windslab sw nw aspect low hazard,Negative 
ogrolandrat depressed look social medium approval,Negative 
realnickholt frenzalofficial good song nick also exact point psyop leave u feeling numb exhausted hopeless let bastard win,Negative 
rigged metas,Negative 
rt janetmachuka documentary watch youtube danger ai world deadliest ebola outbreak,Negative 
benshapiro guess suicide bomber pronoun,Negative 
tirionjeroen full hate amp anger go become criminal something theyre full hate would fit right buddy,Negative 
think ever going let grief go,Negative 
backusbutch adamparkhomenko argue fact vast majority abortion convenience rush straight emotion know state ultimately left woman,Negative 
rt casper ruud taking anything away djokovic hard court rafa clay one really felt,Negative 
week early bird pricing national symposium childrens grief end take advantage saving registering next friday learn register,Negative 
rklb rocket labshe packed bag last night preflight zero hour im gon na high kite miss earth much miss wife lonely space timeless flight think gon na long long time til touchdown brings,Negative 
hate mood swing period literally want cry,Negative 
angiespotowrite oh love vibe saw post sending grief nurse tote bag print let u know want po store ceris,Negative 
rt suffering climate mental health issue either,Negative 
keep daily journal list thought air grievance let stress day go one entry need page sentence,Negative 
finally got prescribed anti depressant anxiety medication today start taking tomorrow experience antidepressant lmk,Negative 
nancycrouse one bio serious anger issue angry right take right people,Negative 
rt acc pitani ssr ill gave qutipin schizophrenia amp acc rhe gang procured drug,Negative 
mnniceterese im sorry going bore detail went hell year ago writing help work anger sadness etc thought,Negative 
regret woman kid fear lonely uncared,Negative 
prosecution might think answer need reasonable person anyone ever dealt kind mental illness know one true thing none make sense powerful devastating piece globemcgrory,Negative 
rt sullivanms still u housed shield fr view emotional disturbance mental illness,Negative 
rt jrgellein investigating china racist chinese police station still exist canada,Negative 
u wan na get step sibling older brother also lonely younger brother slaughter,Negative 
rt eshucelestial 𓈒 taroscope fire smr know want deal past,Negative 
rt smmarandi deeply racist individual would ignore fact almost exclusively native palestinian,Negative 
geoffschuler respectelves undeadidiot rampant advocate pushed apa calling gender dysphoria mental illness dsm new study screeching weirdo infested apa,Negative 
dont underestimate power good night sleep wonder mental health,Negative 
rt prettyyassvirgo feel like bad experience virgo,Negative 
lack anger hurt ounassnoonpromonontoyoutofordealhmbathandbodyhampm youhandmounascouponsivvinamshicodeonasdiscountonass working see,Negative 
rt idontfwpigs ancestor self worth stole land amp destroyed life generation think,Negative 
often suspicious cbt insurance company dream treatment,Negative 
lindenvillage fake news even teach student question even left school isolated incident burke anything bring attention religion try indoctrinate others muslim would defensive,Negative 
realafks coreyjmahler let see understand raping child feel equally wrong raping woman try using rational thought argue rape evidently equal,Negative 
lol every single bank melting today small cap little dead took small scalp cing short got partial fill really feeling matrix today gon na call day early walk away,Negative 
seems inec want citizen show shayge banza one pdp front office na small watin youth go abi know frustration make people co wahala bank make vex youth go regret,Negative 
im lonely karen bullshit lonely sometimes think life fighting alone want let go want,Negative 
jaimetweisser directed frustration definitely felt know stupid trauma brain irrational feeling personally attacked,Negative 
best wish police officer mental health crisis officer attacked one received serious injury officer taken hospital knife recovered scene,Negative 
rt laocoonoftroy maryland bill would prevent anyone charged felony murder age,Negative 
fed made asset worthless raising rate fastest clip history done offset inflationary pressure created least part administration spending binge wonder biden fleeing podium taking question,Negative 
jeffreyguterman chrislhayes double depression dysthymia also known persistent depression episode major depression layered top,Negative 
hardcore grief recovery honest guide getting grief without condolence sympathy b fck death healing mental health journal adult loss loved one,Negative 
tomselliott oneunderscore thats utterly imbecilic statement tom whoever bank specifically want manage risk perform stress test bank bunch venture capital antiregulation bros seem wellinformed dude,Negative 
second hand touch feel order love confusion betrayal sadness deep anger heaviness emotion make feel like even move lark even move,Negative 
nitrogen become headline news coming year lot anger locally,Negative 
wolf would give energy fool gold feeling would hold idk stockholm syndrome gone long way would ultimate choice idk soul could take tbh,Negative 
sometimes im feeling hopeless,Negative 
rt kindnessnmercy johnupton volunteered ny covid crisis line amp toss study grief people said,Negative 
smartphones social medium destroying child mental health,Negative 
rt baujosephine past west evil always one look history n america amp china,Negative 
bitch way hate height anxiety feel like,Negative 
bbc scotland feel remorse elderly vulnerable suffer failure inform,Negative 
seyferro kkozlekidou nixlaeuft cooperncoehen think ogm nd bidet decided career suicide wl last time ever watch anything production actress world unfair dnt hv sit nd also watch young talent get robbed tv watch escape nd relax pes,Negative 
life disgusted relative actually ignore relative problem life foucus life frickle relative,Negative 
litcapital jimcramer tweet brought depression margarita,Negative 
side bitchcheating material would feel completely embarrassed gave man mind blowing sex,Negative 
rozzycatt one make feel stupid unless give permission todont right voice opinion,Negative 
rosenanyongacla greeting madam sister pursuing diploma clinical medicine clu last yearbut due lack fund two dead semester feeling hopeless shattered dream helped complete course please thank,Negative 
mrsemilyfinch good grief one message young woman good enough godly enough fault man want know help become better vast majority abuse rape committed men last time checked,Negative 
secular student feel isolated christian rhetoric study show,Negative 
hard adapt dysthymia done,Negative 
hub hubspot excellent onestar shopify app store review highlighting spoiled shopify merchant trying charge shopify merchant implementation fee shopify app store suicide standard practice midmarket software,Negative 
awakeningt mazmhussain make think europe usa side many see weapon dish war propagate feel american influence world positive except england course obviously need ever ruler washington tell,Negative 
rt jiggli pmcculloughmd pfizer usfda doctor uk planned circumvent human right act amp detain anyone,Negative 
idk encountered many racist white autistics true autism preclude bigotry bigotry mental illness,Negative 
penny comment harsh word oath worthless,Negative 
never went stage grief faster second time vil specifically cock block tsum tsum riddle banner,Negative 
rt conurecc transphobia mental illness,Negative 
always worthless,Negative 
isolated slice sourdough bread highres stock photo getty image,Negative 
need anger management,Negative 
jeffyoungertx anger nation coming jeff need provoke video french revolution revisited america,Negative 
rt theholisticpsyc abandonment wound chasing people compatible pressuring people fight,Negative 
bradsferguson nobody buy side worthless stock dead executed assume,Negative 
thank unforgiven warrior became stewart thompson follow plz continue help spread awareness horrendous machete attack mental illness excuse crime help save life,Negative 
rt bryonyellis good grief,Negative 
coffinsandcoffe anger ignorance culture pathetic pick book medium rat make look le foolish,Negative 
guess make popae co lonely co love follow follow thats brutal,Negative 
rt meghanwalsh collision trauma like cps along w pushed entertainment fashion amp school adulting amp traumatizing,Negative 
rt real problem dating woman fertility even infamous wall overcome,Negative 
classicalkdfc love bankrupt losing donor supporting nazi left propaganda like black life matter child molester right homo mental illness feminism created entire art form classical music instrument score,Negative 
lucibee erictopol think emphasized word sarscov become endemic endemic mean infection isolated certain areascertain population also predict manage case hospitalization death,Negative 
god meet u exactly whether feeling ashamed frustrated grieved hopeless angry overwhelmed know frailty gentle u humble jennifer sum,Negative 
effinleftmama xbillups cnn sahilkapur brought sport first lot would calling addressing concern answer question ignore everything said answered completely think tell high school girl feel issue,Negative 
theherald like abuser fake photo sell photo video medium frame husband obvious person never watched trial put opinion,Negative 
rt lennapo know lisa back always channel anger roar netflop even stronger rest,Negative 
dingo tipsy live special video already made bawl eye know would break heart badly even stop cry,Negative 
playing frustration final j real,Negative 
independentie rural tds shock think housing issue national crisis many young people back living parent provincial rural area going let local govt tds feel full force frustration,Negative 
someone love serious health problem well meaning people keep telling trauma address properly worry trying alternative method right,Negative 
dougboneparth think isolated enough start contagion,Negative 
cambria recovering heavy rain caused flooding prompted evacuation think local kamala harris speech writer cambria wonderful little beach town serious liberal problem worthless democrat,Negative 
saltburnchris take care feel guilty mental health effect physical health also ill even though physical nobody else problem actually make better bin guilt,Negative 
deebebegirl past day constant state frustration bank thing,Negative 
man ya bullied crucified people want vaccine ik ya feeling crazy accountability world wide problem expect people double still asshole,Negative 
rt pinocchprincess frustration subsided cocktail may aided process think panic charles,Negative 
need dig reference im thinking answer lot homeless mentally ill people drug user say mississippi even though doubt rate drug use mental illness lower,Negative 
rt fromrakhi look rrr bulk body ntv troll ntv news ntr oscar negativity family,Negative 
market treating isolated event oh really,Negative 
rt mindshelp depression symptom people aware,Negative 
see online therapist treating depression online mindfulness therapy via skype contact learn see,Negative 
rt properpablo 𝑮𝑴 𝑾𝒐𝒓𝒍𝒅 one 𝑾𝑰𝑷 new piece coming since gon na draw freeminded isolated order,Negative 
foxnews speaking adoptive parent two grown child never expected kid say thank grateful would beside grief son published book saying awful parent racist parent doubt claim racism valid,Negative 
robbiebarstool theclemreport also part absolutely mid people baby leaked early toxic people like choice spoiled game lot people put lot negativity even fake spoiler,Negative 
isnt sex betrayal trust resulted otto resiging hand leaving alicent isolated court even alicent started war mind,Negative 
linklungy glxyoea clarovoyancee datrowdytat ifiremonkey opinion tho fact tier skin wowing one bunch shes literally worst skin bp,Negative 
rt lucyamclaren gabinoiglesias thank debut dark fantasy awakening commune curse book follow,Negative 
rt jaynemccubbintv tims daughter shot dead xmas eve could consumed rage amp grief instead he trying make,Negative 
teacher feel need degrade existence bothering much,Negative 
rt harboredlight grief wishing well,Negative 
rt dineshdsouza hope house republican feel ashamed joe biden enraged tucker carlson broadcasted january footage,Negative 
innate weakness human wound never heal,Negative 
grief thread,Negative 
today yet another example suffer jordan spieth fandom frustration opened consecutive birdie since made including double round play cut line,Negative 
crippletickler hey ive gone sexual traumatic thing hope getting potentionally killed hurt teen wont educate take time think im saying cause threating someone trauma easier,Negative 
speakermccarthy oh sit worthless american people,Negative 
shecryyy dont break heart like,Negative 
tolkienwonder good grief much cost,Negative 
rt thealicesmith woke left mental illness masquerading political philosophy,Negative 
good grief,Negative 
rt thickkandsweet last night account suspended feeling pretty overwhelmed defeated life go,Negative 
rt marewaglover imaracingmom pansteam grayjaynine wabarnett feel anger amp frustration ppl hurt injustice silencing amp,Negative 
spaceremember reforgedswordo handsome interpretation could argue covenant allegory islam grunt suicide bomber depicts humanity struggle flawed yet necessary similar american interventionism interpretation mostly matter perspective,Negative 
highertrust yes feel better ever starting meditate news worst poison feed mind,Negative 
point almost feel bad responding clear severe mental illness hopefully family help,Negative 
rt worthless po get fck outta,Negative 
stop cry matter much want idk gon na sleep feel like sad even think sleeping,Negative 
omg random as bitch making much noise even thats literally illegal hate type ppl sm ppl obviously sleeping,Negative 
real want steal sharpener math class shtwt cuttingtwt bloodtwt sliceytwt cuttwt ouchietwt catscratchtwt stryotwt bladetwt selfharm,Negative 
fuck talking itfuck skillsfuck therapyfuck medicationfuck selfharm fuck cry fuck livingfuck pointless everything pointlessi wanted try fight even though knew could break tired let sleep,Negative 
immediacy horrible news reach people social medium like slap face catch u offguard ferocity inundation paralyzing young old alike every report mass shooting cringe suffer fear amp frustration,Negative 
fitness smartwatch tool manage stress sleep buy,Negative 
packaging without mental upgrade lead frustration,Negative 
rt vibione mcgmbmc clarify park relaxation exercise anger allowed,Negative 
really dont know kind feeling pero dahil ba nasa pinas ako think country fucking hopeless every aspect,Negative 
rt stayingsaneusa pure distraction year supposedly worst virus pandemic ever never met,Negative 
kinda selfish say always support people struggling also aware talking im dissociated recognise room dad face isolated sabotaged many friendship,Negative 
think isolated,Negative 
drjanaway always felt normal range emotion evolutionarily adaptive extreme emotion often call mental illness maladaptive socially evolutionarily spandrel evolutionary term,Negative 
angeloslh yeah like ppl think bit quirky mean mh bad really ppl feeling suicidal hopeless delusional etc going crisis make logical sense year social isolation uncertainty would good wellbeing,Negative 
many people around happybut one innate weakness human,Negative 
rt tomiahonen yo dotard part get dumped two year ago letter pathetic grow man,Negative 
theeastend good grief,Negative 
gurlwopinions ghmouat askaubry hear course part time acutely aware outward expression frustration even nonverbal like hitting pc key bit hardyes really may considered disruptive one learner ofc good emotion regulation,Negative 
rt absolute fucking gaslighting started smoking result stress depression lockdown,Negative 
rt imaginary pronoun symptom mental illness,Negative 
cry frustration,Negative 
okay negativity frfr feel nice talk shit long forgive lord,Negative 
would eat fonda brain creating gb ive already partially forgotten plot sorry mental illness never forget way trilogy made feel might reread,Negative 
rt proudelephantus climate mental health issue caused excessive incessant medium fear mongering courtesy,Negative 
twenty year disappointed thing one throw bowline sail away safe harbor catch trade wind sail 𝑴𝒂𝒓𝒌 𝑻𝒘𝒂𝒊𝒏,Negative 
chrisness right people whose sole medical condition mental illness eligible maid canada set change march got pushed back due public backlash cancelled pushed back,Negative 
full anger removing entp,Negative 
rt anger gone get sb killed keep telling people stop fucking wit meeee please,Negative 
hottietobby far know suicide sin according bible though taking someone life,Negative 
repstansbury liberalism mental illness also evil please find cure,Negative 
amusing canon least mag shut cold grief initially rack quite bit disapproval alistair beginning start shift redcliffe traveling fighting,Negative 
lmaoooo came show people frustration cause,Negative 
rt biafradaily tinubu rule nigeria till hand northerner still child anger h ate,Negative 
demonhelos gawixone lonely think he,Negative 
filled much rage anger literally even know,Negative 
rt femnyx raven also able sense hopelessness million people caused future self titan tomorrow,Negative 
new consensus guideline management including prevention newborn respiratory distress syndrome mention maternal antidepressant use evidence suggests may substantially increase risk madinamerica,Negative 
libsoftiktok know anyone suffering sort mental illness ob much gender related issue,Negative 
denolagrey right get sudden negativity,Negative 
alone lonely two different thing many accompaniment partner want still feel lonely rejected maybe lack companionship maybe something lurking within,Negative 
depends definition amp get decide unfortunately could used disarm people deserve course rational world answer mental illness could cause harm others,Negative 
rt euthanasia timid shy stressed anxious tremblingsweet loving dru note yet scheduled,Negative 
rogerjstonejr committed political suicide least republican,Negative 
rt wrap mind fact republican actually desire trump anger mean find,Negative 
mental illness,Negative 
agentholmes drpepple medicine changing drastically amp favor whore ready change traditional model longer enough well isolated crevice ward drowned sound beeping machine wake world evolved without u,Negative 
hard live alone without depending others try dependent personality disorder test check dependent personality,Negative 
gon na start looking old till long living regular lifestyle much stress mostly healthy habit sleeping excercising avoiding toxic substance etc,Negative 
rt jasmineagolphin part many ci folk stay bothered trans gnc folk bc incredibly bitter,Negative 
focusing life solely making buck show poverty ambition asks little leave unfulfilled barack obama,Negative 
gloriathevile agingwhitegay cant understand havent felt get someone lived even near insult thrown around could take insult face would never carry weight shit world crushing dooming hopeless feeling bro,Negative 
say russia isolated dare many time say sanction work sanction failing russian crude oil head uae sanction divert flow,Negative 
timcast depends nuance required someone who depressedptsd suicidal homicidal ok psychiatrist approves someone sad traumatized mean right protect family,Negative 
rt hoziali obsessed paul mescal talking mom type cry kardashians jimmy kimmel,Negative 
im tired really argue like think suffer sticking exhausted cry feeling hopeless week helpless jumping trickle secondhand information trusting intuition misjudged,Negative 
concern caused fact isolated strain sudan completely identical virus circulated africa epidemic kirillov told reporter perhaps swamp want try proving wrong,Negative 
rt indhavaainko feel sorry chap nirmal kumar new tyre must sold today tyre would,Negative 
personally frustration lie process stop there investigation there disparity begin people herald solution plainly short term way build brand solution short term lottery v actual change,Negative 
soros nwo unlimited seek piece scum life nothing nothing lose want earn feed nurture mental illness,Negative 
got body shamed eight year old sister layed hand stomach instinctively sucked said better laughed said get body shamed little sister tried explain said wide long trying avoid big wish could cry,Negative 
rt clear activity sushant brutally killed trying save criminal telling,Negative 
rt toklfn lonely ccc,Negative 
rt happysimegg simmermoonie horrid sad read sincerely hope go trough everyone struggling,Negative 
year pandemic anniversary working mepublichealth whole lifetime happens year beyond min give chat wwashingtonposts bylenasun science pandemic grief listen,Negative 
rt noramhhni saddest thing r feeling look around realize shoulder lean,Negative 
arjuna eat much eat little sleep much sleep little succeed meditation temperate eating sleeping work recreation come end sorrow meditation,Negative 
rt enough get season discouragement lack progress frustration crisis,Negative 
exodus gen x woman leader taking place across corporate world frustration burnout exhaustion driving top female talent across board,Negative 
rt sassyofabuja negativity take away bright color life suck energy reality,Negative 
mental illness paying doordash iced coffee work,Negative 
astraldoorman sleeping much make even tired actually,Negative 
im gon na kick bad thought mind telling bad thing none thought true,Negative 
rt thesanatanuday another case love jihad female doctor sumedha sharma allegedly murdered muslim boyfriend johar genai,Negative 
rt taesweizy realize chasing dream get lonely,Negative 
rt dhrosmarin worried something watch,Negative 
rt bardiback cardi fault ppl want drop old feature year ago,Negative 
respectelves odd castration medical treatment physical ailment much logical fact suicide rate mental illness people mental illness statistically much higher suicide rate general,Negative 
eating disorder serious mental illness distorts body image involves unhealthy eating habit,Negative 
mourn hard life chinese still ccp anger heinous crime ccp lord wake chinese belief ccp lord open eye eradicate ccp restore earth harmonious face society prayer name christ amen,Negative 
claim negativity going get negativity,Negative 
ronfilipkowski country brainwashed lonely gullible,Negative 
government supposed spend last year preparing maid expand people whose sole condition mental illness interested helping anything except die,Negative 
rt ramen noodle seasoned tear sadness,Negative 
eternaikive many people passed away people felt lonely couldnt see friend family couldnt go school people couldnt graduate wanted prom depression world ending really bad idk someone say minimal like implying,Negative 
rt lakeland au uldine shes last remaining royal elf shes fighting dying kingdom deep,Negative 
rt smartphones social medium destroying child mental health,Negative 
doriskendris actually dothe man really look helplesspressure frustration everywhere country,Negative 
marxticia first joined lefttwt could stop doomscrolling stress got bad physically affected exposing bad take bad take amp feeling hopeless people think certain way def counterproductive,Negative 
henrywinter garylineker chrisgpackham want chris gary treated equally freelance spoke platform bbc im surprised anger bbc cancelling episode sir david attenboroughs upcoming programme upset government sacrilege,Negative 
rt dedoyinajayi lot u misunderstand psychology loneliness emotional desire need met within,Negative 
rt seungkwanfeed seungkwan upset director video wished deleted showing big screen also,Negative 
rt mental illness,Negative 
rt elonmusk zubymusic running conspiracy turned true someone manufacture shelf,Negative 
really little always let go never saw heart grief,Negative 
rt every student want face alot stress overcome various problem faced student,Negative 
blackfoothas ronfilipkowski nothing meritocracy best person job get many case pursuit equity lesser skilledunqualified people get elevated done plenty gov work begin tell many worthless people encounter make job difficult,Negative 
one frustration sef,Negative 
wesyang comment grind matter lot raw insight currently gpa gen capture much poor latter frustration current ivy unlike caltech v mit v diff criterion thus create diff outcome ivy,Negative 
rt hate already isolated making friend college cant find young people take shit,Negative 
iconicocon kaymosoeunyane people rape woman even suicide rate people,Negative 
currently opinion agi alignment discussion underpinned fact already type agi also need alignment fails instantly need discus need realise u,Negative 
aridrennen mental illness obviously stop normalizing inherently deficiency,Negative 
person mocking trafficking suicide friend,Negative 
forbidden grief forbidden grief grief hard people understand apart want transparent amp share amp advocate sort fear judgment,Negative 
join next week hear mental health impact housing loss damage nb flood,Negative 
rt kayodeoshinubi journey greatness lonely journey atimes,Negative 
always got angry people say thats diabetes plate food always said thats diabetes work angered whole life guess anger whole lot,Negative 
barnaclebucket people pro mental health mental illness awareness like shy talk phone depressed shower,Negative 
absolutely producer clear negativity stop,Negative 
rt nowadays child face lot problem due stress study saint gurmeet ram rahim ji given many study,Negative 
incsandesh trash frustration rahul gandhi say allowed speak tolerating unsubstantiated trash testimony speech expression permitted india modi government giving long rope political opponent talk,Negative 
rt anger issue bigger brain btw,Negative 
rt patiencenot radiofreetom good hate much missing point living life,Negative 
doogteej lilpatecca explain matra lobstertrap unidirectional thinking absorbed likely wokely worthless university applicable teach class seemed like always right infallible logic doesnt work real world,Negative 
rt yemeni southern separatist voice frustration saudiḥoūthī talk senior official separatist southern,Negative 
born glass bone paper skin every morning break leg every afternoon break arm night lie awake agony heart attack put sleep,Negative 
ppggun mental illness real x,Negative 
rbreich nazi funding slag give money war american vassal war criminal serf kneel like fake slave master take antidepressant go cry corner bank collapsing,Negative 
diagnosed genetic chronic low depression formerly dysthymia drug specifically exist psychiatrist said avoid antidepressant learned manage worse period bout double depression secret would killed career,Negative 
rt ginjarthegoat forget gender war first lady actually feel comfortable asking man cab fare go,Negative 
rt theafricacenter story woman survived genocide famine poverty amp crushing grief rise war torn africa,Negative 
sending speak obviously contributing shit feel entitled time literally want worthless sub one time want worthless sub serve privilege,Negative 
snake losing every character absorb opinion stayed,Negative 
mood swing weh aedc deh get wetin deh worry naw,Negative 
need someone talk dont face aloneaayhf help call contactusaayhforg information,Negative 
cacscmarajat sir please request icai grandmother expired mother critically hospitalized mera dimaag hi nhi chal raha tha sir ca final student one group left whole year wasted feeling hopeless dreaded,Negative 
rt teacherdude photo today antigovernment rally greek city thessaloniki anger ruling party handling,Negative 
rt survivor dv find deeply offensive defended abuser would isolated,Negative 
rt harrycamern hollywood movie depressed male paul mescal,Negative 
like much feel bad though cuz went away without explanation probably thinking im dead something maybe keep thinking worst thing immediately awful,Negative 
jamesbradleyca hey feel sorry biden caught two briber supposed know,Negative 
rt crystaiskiess need baby warm lonely night,Negative 
rt docnotbot politician liar thief murderer traitor country support,Negative 
think also make covid different negative week still day day feel totally normalback definitely regular cold flu,Negative 
hate anger prejudice perpetrated evil willing hater submit evil make mistake,Negative 
rt fifswalumni next alumnus series geraldine crisci msw brings u effect early trauma brain development,Negative 
rt tryna work anger issue,Negative 
rt justinlaboy stay reality bad mental health,Negative 
poor person make wan na start new dating website called,Negative 
hate feeling lonely shit feel like never gon na make right choice happy,Negative 
eminem ava max lonely ft milva,Negative 
bawwse maaya matter redeem ur ch intend nothing gon na make work playing kid emotion u go hell matlab ca ki farewell party planned maan let go since decided,Negative 
theory violence city rochester ny neither random isolated nurtured entity eventually swoop back demonstrate source control,Negative 
rt cafeeconomics loser majority poor people denied basic service support state,Negative 
chhardman dysthymia depression taint every aspect life point imagine position without however project mental health onto people could genuinely content,Negative 
fictitiousfig surrules either way come smacked rachel raquel friend feeling betrayed friend imo deserved smack take lick amp kick rock know deserved soooo many peopleemployees affected action sad,Negative 
old word die tongue new melody break forth heart old track lost new country revealed wonder rabindranath tagore,Negative 
jiocare dotindia jagograhakjago reliancejio reliancegroup ambanihu waiting jio fiber installation last week keep following team response feel stress due problem dear jio team pls needful,Negative 
clairephipps good grief,Negative 
rt bylenasun covering pandemic last three year lost mother sister loss taught,Negative 
jamahiriya libya get isolated russiachinaeu signed quickly obviously people changed mind later,Negative 
im talking professionalism top notch obvious plan club failed move psg frustration came yet come back put smile like even work hard training sick auba,Negative 
anger,Negative 
fukc weird gross washed old queen jinx monsoon literally dont even know single thing said show single lewk stunted rember telling werent holding enuf space mental illness amp virgin pedo,Negative 
every murder suicide call action hate many people something,Negative 
rt samjayuen mental health issue create doubt confusion chaos family illness dominates family fear,Negative 
rt theholisticpsyc anger telling boundary violated need met abusive pattern,Negative 
good grief one plug socket living room bit loose went tighten glued onto wallpaper,Negative 
vp kamalaharris gop kamala climate mental illness wtf talking buffoon obviously suffering number mental health disorder joe practice idiot hitting comedy trail,Negative 
rt lindyli trump lawyer jenna elli mocked mitch mcconnell hospitalized jr attacked fetterman vegetable,Negative 
rt joshhammer pancho villa infamous attack columbus nm general john j pershing launched punitive,Negative 
rt tskrishnan notwithstanding click bait title usual suspect cholas long gone reign chandrabanu,Negative 
scottmgreer happening worldwide everyone playing fortnite eating mcdonald even isolated tribe,Negative 
destroy mexican drug cartel selfexplanatory syndicated column week,Negative 
rt stunlikes still long collective mental illness loneliness,Negative 
always anger amp cool recently husband entered,Negative 
nyxxbaela reactionary sentiment latent anger male abuse taken seriously imo usually male victim worth remembering woman abuser almost never kill victim think make male abuser unique category female abuser,Negative 
frozenliberal stupid daylight saving help hang girl got,Negative 
stasshostak clear done mean made contribution language barrier frustration sorry,Negative 
political greeders may tend ounassnoonpromonontoyoutofordealhmbathandbodyhampm youhandmounascouponsivvinamshicodeonasdiscountonass artist difficulty feeling hopeless defeated never tried success,Negative 
grief grim specter side shut door opened door would consumed,Negative 
eighteen year running eighteen year searchin eighteen year hurting eighteen year pain eighteen year fearful eighteen year anger eighteen year empty eighteen year shame,Negative 
rt sunsapphic suicide mention stephanie hsu played asian queer girl wanted nothing seen mother,Negative 
sorry exol moot flood svt tweet weekend cuz caratland feel bad mute want keep group atm,Negative 
rt decided idont mental illness anymore,Negative 
nothing like run bank scare entire sivb isolated incident buy dip quality financials bac jpm sq pypl upst,Negative 
speaking mind lot able speak anger,Negative 
deanglcss wait loneliest one favs fit grief relate agree much line,Negative 
vxnrouge lore impeccable hatred magic driven grief loss good,Negative 
rt talosaries good grief insert skull emoji,Negative 
grief leave war,Negative 
prevented saying requires relive war experience seen video hundred possibly thousand time emotion still raw happened yesterday hard watch important miss seth,Negative 
explain anger violent urge give tik tok people cant make simple decision pink floyd fucking suck album listened locked away forever closet,Negative 
stoddglenn obama hastened shortfall loosening qualification disability benefit role teeming lazy extreme marxist democrat claiming mental illness,Negative 
mental health need taken seriously also people need watch say bc stick rest life severely mess need better,Negative 
rt luckygreyna feeling hopeless today struggling find reason keep going remember lord good,Negative 
rt ozzyetomi stinginess actually like mental illness sorry anyone whose mind block able part,Negative 
hi monique agreed used long time ago realized use came broadband many others got separately need would probably one lived isolated place,Negative 
remember time could take morning shit genuine urge fucking murder people time wiped as opinion valuable shit im currently taking shut fuck ur selfentitled pathetic excuse life please,Negative 
rt there legitimate hate word feel,Negative 
rt ieosdiet feel like junorexics r skinniest ppl wrong,Negative 
johnkel exabeam get lonely leave home,Negative 
approximately every minute united state someone dy suicide boyfriend feeling hopeless call,Negative 
sylodylo qualifies making people problem make secret fact think incel community encourage v unhealthy ultimately destructive practice drag others etc simply expressing sadness frustration prepared listen,Negative 
rt sphatrades wiseconnector always sow want reap people youll reap kindness sow youll reap hatred,Negative 
josie source frustration,Negative 
trauma informed coaching series join u insightful experiential set talk early bird march book space today march may cceu cc rd,Negative 
alone lonely life,Negative 
ok pennsylvania law facing three misdemeanor max penalty three year incarcerated go three year,Negative 
proud flexing tell feeling started set boundary guilty sad hopeless useless headache eventho feeling good atleast headache striving,Negative 
itsdevontracey good grief,Negative 
political intoxication mental illness soviet russia,Negative 
stop trying downplay much,Negative 
rt isolated thing came amp continues propaganda day pathogenic particle,Negative 
hopeless girl seeking someone share feeling im fooool loveeeeeeeee,Negative 
rt nwstallahassee passing system bring scatteredwidespread shower storm afternoon isolated storm,Negative 
rt feargalsharkey here southernwaters contribution mankind morning sewage dumped onto beach,Negative 
shareewrites exactly last part almost like think money solves problem even mental health affected weird,Negative 
rt madhumitaroyc angle like mentally unstablebipolar disorderamp depressionwere brought rheac push fake narrative,Negative 
timcast personality disorder go largely undiagnosed especially right wing due nature cause unpredictable behavior mental illness weapon bad mix bar stability threshold deemed mentally ill true question,Negative 
mad trans people feeling hurt betrayed hopeless hard spewing stuff genuinely believing longterm truth need look inward,Negative 
spacegirlgail never seen rubbish head onto city time mental health crisis since covid roof next nothing help see every day,Negative 
readthelion good grief anything agenda fact destroys life accommodate encourage mental illness,Negative 
rightwingwatch mental illness,Negative 
often im feeling bad day idk like venting problem person really trust person actually weird,Negative 
smolmakoharu phantomflame aizawa simple malfunction quirk nagisa hurt people imagine accidentally aging someone thankfully one sister looped back time minute ago thus isolated sister given odd quirk potential danger oh,Negative 
already depression year start taking antidepressant dad home due work home drove insane,Negative 
marklazerus coyote last play playoff im confused article say could sworn remember feeling hopeless watching av finish yotes,Negative 
elonmusk zubymusic twitter allow people label others health issue except mental illness people mental illness allowed run thing considered hate speech discus mental illness concept even agreed upon science,Negative 
rt bobstackle bloke directed pulp fiction reservoir dog stuck italy decided make next film entirely,Negative 
nearly veteran suffers could service dog solution,Negative 
timesquare mandhanasmriti assume loser bettersgamblers taking frustration abhorrent soul really,Negative 
chinese dragon isolated white via zazzle,Negative 
icryyuna hopeless girl seeking someone share feeling,Negative 
redlianak umbrella alliance break isolated targeted easily many dont remember made thing gon na get nasty fear,Negative 
rt michaelpsenger harm lockdown would cause including death due delayed medical operation mental health crisis,Negative 
debate non muslim weekly daily basis want sit behind screen cry sister lonely unable get married sad guy wallah,Negative 
innate weakness human painfulcircumstances make painfuland really lovethat pain also seem beautiful,Negative 
barely gone eat since started finally resumed going movie sparingly every indoor social event calculated worth risking covid caused become increasingly isolated lonely depressed,Negative 
positivity block negative thought overwhelm tough time stay positive achieve set kapil shehnaaz show,Negative 
palmerreport cynical defeatist mother finally come around fact trump indicted probably several charge several venue gotten past boundless negativity know happen shes excited,Negative 
trumpet always cruel without heart empathy compassion grace hardly wait one trumpers even sick old bastard fall break whatever,Negative 
give future fill colorafterwards knowyou color innate weakness human,Negative 
greyshirts supporting ferrying operation isolated community dartmoor new zealand one worst hit area impacted team working taskforcekiwi emergency response agency shuttling supply personnel need,Negative 
stockspopuli connectgurmeet negativityhe mentioning consequence action country prosper people want work continuously taking debt,Negative 
metuchizzy cashout defined method process develop sporty way mood bad swing angry swing colo swing,Negative 
still u housed shield fr view emotional disturbance mental illness disorganization hoarding excessive drinking substance abuse domestic violence homeless people mirror,Negative 
rt inlandworkersca seanfrasermp usportsca feel betrayed failed system year effort country seems worthless,Negative 
totally absorbing moving session writing reading grief melissa bailey sarah bower nawewriters,Negative 
feel bad gf shes living middle nowhere oregon since december help dad since stage stomach cancer probably even chance come back june know kill away cat home friend long,Negative 
rt sofiaakel time south london university amp student union race equity researcher psychologically abused,Negative 
rt inganatin sentence raping given false accusation trauma men faced,Negative 
rt leighannenewz accent emotion drama story jade paying attention inch away form face perrie falling,Negative 
believe manifesting cry couch feeling hopeless career two hour ago received pilot audition keep cry feeling sorry guy work,Negative 
rt valleyfemme number time medium see man experience sadness see emotion immediately turn anger,Negative 
rt natepostlethwt telling traumatized person must forgive order heal attaching back abuser recreating,Negative 
marcusrashford premierleague manutd lonely past year two week ago,Negative 
damintoell really understand anger w respectful seen evidence violent ppl deserve prison idk psycho thinking one person evidence serious crime overcharged,Negative 
nagababuoffl frustration star,Negative 
razzli nickadamsinusa think victim offer rationale anger hatred always feeling,Negative 
rt syriacivildef day impact disaster becomes increasingly apparent witness wound deepening family,Negative 
anger got go somewhere god father holding screaming child punching punch damage he waiting kid tire talk,Negative 
mind control ability everyone everyone mind content consume consume knowledge better consume negativity worse determine others,Negative 
rt thrumplescomics page chapter content warning blood gore eye trauma character missing eye violent depiction,Negative 
yang ziqiong oscar best actress tang wei golden globe bestactress oscar golden globe become worthless moment despair evil force behind incompetence bad award ceremony american,Negative 
rt bbc cave lineker immediately comment illegals worthless hypocrite got along,Negative 
antidepressant hitting today guy holy fuck,Negative 
iran foreign minister welcomed arab outreach syria internationallyisolated government devastating earthquake struck country neighbouring turkey last month,Negative 
moorehn add pointless pile notion right shamed anything posse emotion every time right hears word shame laugh inside wink,Negative 
night pass thats realize lonely actually,Negative 
unless actually studying manifestation hatemongering going know victim say former ontario human right commission chief enachadha going seem like anecdotal isolated aberration,Negative 
breakdown sometimesi panic occasionallyi make suicide joke frequentlyi seem okay timei want die always,Negative 
thephantomape kevinpaulrosser one gone capitol building wrong understand frustration ever dems use advantage yes deeper long term play going uniparty destroying country dems nwo,Negative 
nana angry better reserve anger ebuka,Negative 
im lonely acc one interactz wit,Negative 
break heart matter instead even choose grieve get angry behalf continue live unchanging time come forget name,Negative 
ivanastradner gorbachev western puppet committed greatest crime dismantling soviet allowing russia isolated impoverished putin came rescue oligarch using russia playground westerner tried weaken russia failed putin,Negative 
rt stleonardoasr berrardi kicked first everyone shut fuck excuse anyone something,Negative 
drjengunter good grief sweden well never full lock yes badly,Negative 
lharamullins investigation incompetent called journalist feeding grief,Negative 
rt shotgunbonnie kamala harris think kid struggle climate mental health stress actually work instead,Negative 
rt lebergerdavid kevin mccarthy worthless made deal devil become speaker house devil already,Negative 
astrologist lonely always want use threat gain attention,Negative 
rt kclightrail totally understand frustration transit northland land use matter part kcmo simply,Negative 
rt underrated level frustration life,Negative 
rt scrollin sugarcane farmer uttar pradesh forced burn crop attempt suicide last six year,Negative 
loopsofnj wild flower closer lonely day indigo timeless legacy indigo indigo,Negative 
ktaeraee delete tweet gave mental illness,Negative 
rt bombshelldaily republican forbid mental health service school next time nra backed republican say school shooting,Negative 
emilytheboy example daydreaming hyperempathy psychic feature bipolarcyclothymic pattern per se mental illness kind relationship present lot dx category kinda implied idea neurotype imo,Negative 
im going release new handmade stocking sooner wanted im feeling pretty hopeless amp overwhelmed able pay bill weve getting call collection im starting high key freak stay tuned dice,Negative 
mental health getting worst hshs,Negative 
chrisrock watched selective outrage underwhelmed compare total blackout,Negative 
man grief enough نمشے,Negative 
look like he cry idk emotion feel sad broken,Negative 
twitter proven yall fail comprehension read based emotion vibez,Negative 
spent truck oem part market anymore bring frustration gbese better go,Negative 
example include using duloxetine cymbalta drizalma sprinkle help pain symptom fibromyalgia using amitriptyline prevent migraine antidepressant us suggest read article put stillgray cernovich,Negative 
rt lonely top lie lonely start middle,Negative 
rt nileshrohilla bitcoin created banking crash first test banking industry stress,Negative 
rt northerness read fewer wealthy people killed workfinancial pressure diminished due wfhfurlough,Negative 
rt ivanabacik local parent contacting express deep frustration news construction stalled educatetogether,Negative 
failure shehzada selfiee tjmmbecause high budget create pressure bholaa back back failure spreading negativity creating pressure next movie,Negative 
rt erininthemorn please considering suicide hold long trying build world,Negative 
unwokeworks awakeindreams become aware selfishness arises forgive amp realize came ego dissolve precisely due practice longer feel resentful towards anyone anything would hope show many,Negative 
im stubborn hate wrong bite terrible anger issue,Negative 
dyketrauma running word describe anger hatred feel towards people fucking hate world,Negative 
rt classicrider much hate anger tl today picture nice bike,Negative 
rt spiritualwordcs march month shine sun feeling sad depressed feeling hopeless speaking,Negative 
online therapist depression online mindfulness therapy via skype contact learn see,Negative 
understand ya frustration however need keep racist agenda front keep calling,Negative 
yesterday recked accident account putting trade risk meant use lot size toggled accidentally went hard lost account anger frustration crazy human error inevitable,Negative 
rt reductress woman worried antidepressant ruin personal brand extremely concerning humor,Negative 
yaeunz sign show sign severe mental illness,Negative 
misterquasi sorry frustration always listening feedback let u know need anything,Negative 
rt smclnsage dont know feel like waking everyday feeling worthless empty hopeless,Negative 
need someone talk dont face aloneaayhf help call contactusaayhforg information,Negative 
euphoritori mental illness,Negative 
officially decided irritate f amy every chance get cause whats max could frustration,Negative 
aunty thing call mood swing person never tell say na bad character,Negative 
prescription antidepressant curse start taking going back legalised drug addiction pushed onto people,Negative 
mental health issue create doubt confusion chaos family illness dominates family fear helplessness incapacity instability separation abandonment consequence mental health illness,Negative 
ireinavalentine wineseller daughter discourse like lhazareen critic dany often lack consideration contextdevelopment claim sign cruelty mistake born emotion anger bec rylona rhee slave become leader yunkish freedman,Negative 
rt globalnational bill delaying assisted dying expansion mental illness passed house common,Negative 
naya expressing drawing one unicef activity collective shelter lattakia unicef working meet need affected child help cope loss overcome trauma experienced result earthquake,Negative 
honest admit mental illness medicalisation negative feeling,Negative 
never deep wish tf might stalk bitch got like come get emm mental illness,Negative 
really go soooo much first kid change future cycling thru trauma upbringing worry fear okay amp blink amp saying full sentence amp picking outfit,Negative 
cawsbar afraid losing older child friend well dealing today feeling really sad hopeless,Negative 
true complicated situation born love parent people stop loving abusive parent want abuse stop anger rarely first reaction besides take many year even accept something like,Negative 
rt fed delay many u depend fellowship demand timely disbursement fellowship,Negative 
geostylegeo think better use time see drivel slog constantly stay room negativity tolerate app,Negative 
dunyanews think ajmaljami taken path journalist like imran riaz kamran khan much biasness narrative past couple month stricken face portrays frustration quite conspicuously,Negative 
rt last time suicidal instead hanging closet went found someone could help,Negative 
alexberenson jsycsywt say told virus ever isolated even proven cause disease many tried failed,Negative 
rt mrcbale conservative god tory getting worse day lefty lawyer good grief starting think created,Negative 
mental illness,Negative 
rt khiyapapaya hate fact total opposite always got ta get second opinion make sure tripping,Negative 
status phytotoxin isolated necrotrophic fungi causing disease grain legume via ijmsmdpi,Negative 
alyciawithay hate people cause counterproductive also rather spread much negativity true,Negative 
good grief heardle duran duran heardledecades,Negative 
macnbtc yip people need time forget worthless space anyway lesson learnt course take advantage next time,Negative 
williamlegate disagree seeing style collapse different isolated factor affecting market investment whole isolated problem within institution svb loses related bond sold,Negative 
biskaly touching tlt deflation gun head end summer minimum small position pm including gold currently obviously trading usd inversely macro move yet time go tilt opinion,Negative 
mood swing suck,Negative 
rncresearch former rep barney frank dma endorsed change doddfrank law freed midsized bank undergoing stress test sits signature bank board collapsed,Negative 
bonesnbubbles know right brain wired differently illness mental otherwise guess alcoholism depression sometimes called mental illness fit model guy even mental health bio,Negative 
rt piradt mistmistly mistmistly since quote tweet leave guess stolas sleep without,Negative 
rt struggling suicidal thought le likely ask help served,Negative 
whyteangeel officialabat remove h chaos could say dey h find something chop frustration government cause created lgas president wish took fg court,Negative 
people saying printer brrr crap jfc print hard u dollar lose reserve currency status u able pay debt debt usd become worthless let bankspeople go hungry,Negative 
historianmatt ukrainemap smartuacat understand anger angry hope misunderstanding however put context bite hand feeding,Negative 
finished feel broken empty,Negative 
rt keepinupwitkika people think baby easier way heal trauma rather sliding scale trauma therapy,Negative 
kanwalhere aww bichari ke paas sensible answer nhi hai awww century sena sky kohli haha usko proof kare hum tumhare samne know u frustration tuk tuk player never like kuch bhi bolo hum sukuuun hai,Negative 
rt madhumitaroyc nt mention could lift body arm daily push ups committing suicide hanging w lyk,Negative 
like serious fucking twitter place wish really bad part mental illness talked,Negative 
person lonely,Negative 
heejinsrosy feel insane,Negative 
rt amandagreenuk friday rollercoaster memoir trauma mental health abuse love dysfunctional family eating,Negative 
rt adamsfirstwaifu mega tw suicide seen already isolated case many trans folk driven,Negative 
itsthedr mental illness,Negative 
acornunion murderer scammed veteran life saving drove suicide,Negative 
rt wrackwonder lonely soul chose different way part pain maya stopped choosing,Negative 
rt calling somebody bitch as nigga make feel alive,Negative 
mlphilosophy practice empathy try understand person perspective show empathy towards feeling help diffuse anger find constructive way communicate,Negative 
brankofn sidakfly jefferywerkins could said bpd bipolar choice breakdown mood swing control unlike depression u sound mind voluntarily pop situation,Negative 
rt jjcarafano woke cause mental illness,Negative 
deanstone adhdwonderwoman lol im think want live past unless im chronic pain life tedious im never bored though idk maybe born havehad dysthymia dumb damn brain,Negative 
rt rinaababyyy claim negativity going get negativity,Negative 
rt ozzyjellyellie even irish time calling ffgs catastrophic destruction housing market idiological treatment,Negative 
even winning indian heart getting visa slave try whole life prove quaid e azam saidbut feeling hate babar also dislike quaid azamin case hopeless,Negative 
rt kingsdclinpsy application season stressful time please reminded administrator bear brunt,Negative 
rt mrandyngo left causing chaos amp destruction recent insurrection led antifa atlanta rarely,Negative 
rt gatewaypundit boom oversight chair james comer bad thought hand document show biden family,Negative 
rt ericsfedup kamala harris worried climate mental health make shit,Negative 
jeanhatchet take conversation undermining whole point list highlight violence woman instead used opportunity exposure espouse transwomen isolated list,Negative 
punished anger punished anger,Negative 
avbanig granthpaulsen hate team hack make stuff stoke flame anger,Negative 
rt scenervies ppl reply stop trauma dumping lighthearted thing vocalize struggle,Negative 
puzzlebark month leading homeless really rough really obvious happen survival feel really lonely sometimes,Negative 
learned new way dealing frustration kid today thank shuan,Negative 
prisoner kept dark cell denied contact outside world often subjected physical psychological abuse torture prisoner tower london often face death long prison term leaving feeling hopeless alone,Negative 
police board markusachambers defensive reaction danielfriesen delegation demanding respect refusing hear anger frustration pretty much sum police react opposition resistance,Negative 
olaideskills take rate opinion na weak metaphor,Negative 
rt elonmusk guaranteed increase anger level,Negative 
must go make ton fluid need wash system asap grr fed feeling tired run sleep thing could far worse tho really must complain,Negative 
wander lost j r r tolkien,Negative 
almanstarz dish take imagine putting place whole plan bully one verge suicide life put position karma exist,Negative 
paulricmond rebartic good grief,Negative 
fucking hate feeling like feeling bad feeling hopeless feeling feeling like world gone feel like im alone left alone forgotten betrayed hit fucking face want die want disappear want erase,Negative 
markmaycot good grief,Negative 
rt billtufts treasonous trudeau stopped working canadian puppetmaster reject canadian patriotism,Negative 
rt sstrazza hearing lot isolated incident there contagion risk sivb dont know true,Negative 
along nicolle wallace steve schmidt enjoys special dislike zealot nearly installed one alongside grampy mccain intense also trauma inspired dislike imagine finding b peddle work could actually break country,Negative 
cercmigration seanfrasermp triandafyllidou reggcohn extend pgwp worker loosing status year worker much stress due high cra score high pnp score,Negative 
billiekapoor prageru didnt guy covid vaccine pass never anything like seems pretty abusive know mandate sector people know live seem different opinion,Negative 
anniefortruth blinxeto stripped rank serve prison sentence follow order worthless,Negative 
bosnerdley americanwire asa hutchinson fight back walmart fortune heir demanded perverted weirdo allowed carve kid land ogoshen bygummit would anger arkansas chamber commerce croaked cornpone clown asa hutchinson kurtschlichter,Negative 
sun shining bird singing walked street feeling happy content saw man walking opposite path looked sad hopeless mood changed instantly,Negative 
fire claim sale fire sv promo pack lonely lucario lol price promo pack available shipping pwe card bmwt,Negative 
world much celebrate people choose hate jealousy anger nindinga la volcano yathatha sauropod strue goodnight ba niyafuna,Negative 
feeling hopeless today verge cry idk,Negative 
cozypront believe prolonged anger depression phase nervous chaos thats unfold tomorrow,Negative 
grief come well behold stand spike come forward,Negative 
rt whotfissim gaslighting way worse lying opinion like trying ur hardest convince crazy insecure,Negative 
adjustment disorder group symptom stress feeling sad hopeless physical symptom occur go stressful life event,Negative 
focus possibility await emptiness drive seek constant distraction sravani nakhro,Negative 
partially prescribed see bipolar disorder antidepressant would kick manic episode,Negative 
rt every hour lost sleep associated increase feeling hopeless teen suicide attempt,Negative 
chalkypj feel sorry poor lonely soul prey,Negative 
let beat people ass calling mean snap anger secondary emotion frustration effort quell humanity feeling,Negative 
rt agrilandireland huge frustration expressed sinn féin meeting farm family,Negative 
feeling internally lonely,Negative 
rt maraaaks life wonderful journey one waste word anger rage material suffering nervousness,Negative 
sad even decade might never income good future travel u uk europe australia country feel worthless country retired youtube due drama people wanted cancel,Negative 
diagnosed dysthymia severe ptsd age got put antidepressant year turned pretty sure fucked emotional development abuse dad got way way worse still struggling lot today age,Negative 
cryptoskullx ended hospital working project sleeping hour per night bad diet smoking much plus pressure running everything youll fine youre still young recover fast important thing know cause,Negative 
kamalas remark climate mental health speech cadence sound lot like lina hidalgo harris county tx county judge coincidentally clueless useless,Negative 
oh man much unnecessary trauma,Negative 
rt drxyun reminder direct ur anger towards xikers say partakes production marketing,Negative 
rt startupdaemon identifying emotion literally mental illness,Negative 
rt unclebeeola ever woken one day feeling unsure entrepreneurship skill felt like maybe made wrong,Negative 
rt themattfowler new heat weenjoypodcast hudson hawk patronstalking scream vi last u season,Negative 
jonnynukeem ndboulton hermageddon u dollar value artificial set want print destroy u dollar whim control supply circulation everyone take ruble place completely worthless russian would happily take u dollar,Negative 
rt brandooboomin getting mad somebody share shit mental illness,Negative 
yesterday legislation extend temporary exclusion eligibility maid person sole medical condition mental illness bill received royal assent person suffering solely mental illness eligible maid march,Negative 
rt stacycayslays read trans friend suicide note second time year never forgive world,Negative 
rt malloryyu oscar standard made cry dude whose working hard break generational trauma,Negative 
rt lindyli mitch mcconnell always scotuseating grim reaper book would never pray death like lauren,Negative 
kaylaandersontv right lonely,Negative 
feel relieved see disadvantage time unfair,Negative 
rt hate thing getting top partner afford medication afford gas bill,Negative 
cryptidsauthor put twitter jail one week said mental illness apparently broke rule never believe kind behavior mental illness,Negative 
strange deciding feel strange emotion standing beside,Negative 
recently argued friend asked continue eating way even though know unhealthy asked keep smoking even though know unhealthy,Negative 
rt dinomelaye depressed living past anxious living future,Negative 
rt imperialcinema literally feel pain imperial cinema staff insideosogbo decided try,Negative 
rt stymead need bad bitch degrade belittle make feel insecure,Negative 
rt gretaokoh thats gone crazy still fathom amount mental stress nigerian bank gtbank,Negative 
breaking collision collision many well fargo customer voicing frustration money appeared missing online banking account friday morning know canada never far behind get banksprepare,Negative 
rt sillycatstyro stress leaving body moment cvt,Negative 
womenpostingls misspent youth shared demographic taught despite spare cash freedom typically time end lonely depressed spiralling pursuit recapturing youth built give,Negative 
onepieceanime course emotional conflict worth end fight real emotion blackbeard evil thats,Negative 
nadicikk soad lonely day,Negative 
rt unless someone say selfprofessed history mental illness hypochondria enough,Negative 
reflection disabled grief disabled ancestor,Negative 
get ur anger issue girl,Negative 
stillgray mental illness,Negative 
sentedcruz johncornyn anyone year finance sure year experience certified fraud examiner exp know bank inflated asset virtually worthless usa guaranteed value bailout dont lie usa,Negative 
rt avtansa fāltū phaltū popular word indian language meaning spare extra useless worthless etc word,Negative 
rt notfcknsoryu one many worst feeling world idea know feeling real,Negative 
died insidei want die real time,Negative 
rt jtlonsdale storage billion industry one enjoys using taking pain frustration,Negative 
think trimaxtristamp meeting would awaken something melancholic vashs see much love respective wws sense approaching grief come bc thing always end tragedy,Negative 
rt need help getting account unbanned exhausted resource im feeling really hopeless,Negative 
rt pikakgs quarter skipping class sleeping much late hw burnt depressed next quarter easier class grind time,Negative 
rt translatingtxt fox food eat guy worry fox going live eating fox,Negative 
manditch bizarre take minute one person life think mean something important society modern woman know feeling sad hopeless trying say know heartless people,Negative 
rt joylandmagazine locate frustration body chest could give color would red could give,Negative 
came first mental health issue cause climate insanity climate insanity cause mental health problem asking,Negative 
rt liamberriman whilst agree evidence growing digital medium contributing negative trend around youth mental health,Negative 
moseskagan ya requires getting community board allowing another jail built time build staff agree think look sentencing time crime staff mental health facility regardless short term result,Negative 
topshottapaglo hrhdukethomas harry amp meghan one putting negativity world regular basis one hr interview oprah hr docuseries netflix spare interview soon shut stop negative,Negative 
democrat give outrageous behavior determine normalize whatevers drug prostitution mental illness crime,Negative 
rt ashakiiii absolutely hate idea well someone else worse like pain trauma completely valid despite,Negative 
want cry think jesus thought child light life guide according book narc many follow,Negative 
rt bayoadetunji ollawaski still stage grief anger ohaeneze igbo leader,Negative 
forget downbad show class experience five stage grief,Negative 
northeast monsoon amihan bring light rain luzon visayas mindanao experience isolated rain due localized thunderstorm pagasa reported,Negative 
pialeichter give feel negativity despair rerouting feel negativity also feel excitement know gut done,Negative 
breaking many well fargo customer voicing frustration money appeared missing online banking account friday morning,Negative 
zubairkhanpk frustration running mad reason ik responding filth ik responded mind matter,Negative 
jsquidward conclusion came year realized taking space mean leaving room angerfrustration hard tho,Negative 
rt foxnews harris mocked stating kid facing climate mental health issue fundamentally unserious,Negative 
whats opinion jew trashing white people claiming white avoiding trashing claiming jewish,Negative 
rt time almost three five u teen girl reported feeling sad hopeless,Negative 
rt god kabir saheb companion man whose devotion remove sorrow grief rig veda,Negative 
rt mental illness egirls think fixed normal marriage child assuming find,Negative 
rt chartlevitate felt like crawling dark cold lonely dirt tunnel crypto space past month,Negative 
jiang cheng much explore aaaa ignore way many feeling sleeping ppfff,Negative 
fortesalatifi valeriecomplex phillewis truth learn sometimes parent know allow kid become adult take breath speak anger take step back grow heal,Negative 
rt carolmswain excellent book put light negativity judgmentalism harm critical race theory crt star star star star star,Negative 
rt darthens feel frustration happens happen quickly unless en fumble ball possible,Negative 
zubymusic honest question negativity victim hostility issue referring transgenderism billion ukraine january biggest feed respect believe dangerous forced u elite amp deserve scorn,Negative 
rt shotgunbonnie stayingsaneusa child suffering climate mental health issue,Negative 
rt missrunyowa cry lot whether happy sad angry excited emotion think best believe cry,Negative 
pamphletin rahulgandhi frustration writ face father rejected reason malini revived dead father maligning hope aatma justice,Negative 
coi leray anxiety,Negative 
rt mindshelp feel anxious public place actively try escape avoid take quick test agoraphobia,Negative 
damintoell generally think pretty reasonable say understand wanting nonviolent protester get prison remember saying rioter really get anger thinking egregious right feeling,Negative 
need someone talk dont face aloneaayhf help call contactusaayhforg information,Negative 
familymanberl thetatvaindia observed world lgbt community prone depression suicide self harm,Negative 
zeynep surprised published despite feeling like knut still wear mask following eng med observation upgraded mask several time scienceengmedlogicprobability friend separately reached conclusion unlikely caused harm still well bit lonely,Negative 
remember pastor reproach pastor heartbreak grief confession forgiveness fatigue super human pastor human god us ordinary mean ordinary people purpose,Negative 
mood swing life actually miserable,Negative 
babyhumayra cried anger tear happened,Negative 
rt prisonplanet event florida kamala harris explained worried young american suffering climate mental,Negative 
lonely top,Negative 
jax issue area forecast discussion afd mar est strong isolated severe storm possible northward afternoon evening,Negative 
correlation necessarily causation antidepressant also paradoxical increase suicide rate starting transition going solve every problem may imagine increase one sense control one life including end,Negative 
cbcnewsbc think people mental illness child passport way leave canada spread dysphoria,Negative 
innate weakness human poem dream,Negative 
mryclept care pa think men hired mlb job anything necessarily negatively impact severely limited even prohibited really simple let guy minor play worthless exhibition,Negative 
wolsned agree government killed people wdraconian measure bc fake pandemic however need known virus ever isolated lab used reinfect another host fact virus theory never proven,Negative 
rt student face lot difficulty study preparation exam saint dr gurmeetramrahim singh,Negative 
feeling discouraged hopeless today galatian reminds u give reap harvest drop needed reminder today,Negative 
rt sebacestaro isolated,Negative 
raptorsrus understand frustration dave look way pay bill right maxine,Negative 
katsuki gave vicious smirk izuku wondered would miscalculated good im sleeping try snore much loser izuku spluttered katsuki already shuffling toward bed kicking slipper flopped mattress,Negative 
bit body language expert past life phony thin pasted forced smile express disdaianger fear rejection eye god eye even time zone fake smile squinting excessive blinking liar,Negative 
seems become society attitude male suicide rate boy falling behind educationally rise lonely men zero prospect life really care theyre men matter,Negative 
lonely hate sorry,Negative 
dbongino good grief,Negative 
feeling low visit talking space erdington without appointment today saturday info talking space,Negative 
rt yonkojohn ctvnews long covid isolated vaccinated say way distraction truth,Negative 
feeling lifeless hopeless rn,Negative 
rt humantsuname meanwhile chow frustration half chow,Negative 
heraldscotland neilmackay tweeted week back nicola sturgeon ruled snp almost monarch zero deviation allowed favoured policy frustration anger party building time seeing release valve work,Negative 
ollmswarzone hey man deserve gassing creator much negativity world enough bread u eat goat,Negative 
rt worthless,Negative 
itsthedr nope live fantasy world pretending womangirlhes dont come girl bathroom long cptsd feel threatened sure react,Negative 
jmmcgrath drunk amp lonely judge wanting make friend america,Negative 
stillgray ppl go major depressive episode one point life thus requiring among thing either type antidepressant md psychiatry suggest majority overprescribed know imo let md,Negative 
horrendous service firstberkshire actually add much stress journey may rethink job hour journey becoming hour journey tofrom almost daily basis giving unwanted strain mental health,Negative 
phuwintang ppnaravit trans p shall remember day mhod wang feeling hopeless still jackson wang pw jack wang hope pond stubborn na mhod wang hopeless wang hope,Negative 
themjf im literally feeling hopeless everyone given,Negative 
message share today every day struggling ask help wait thing get worse talk birminghammind laptop web chat,Negative 
ghum hai kisi ke pyaar mein march written episode update pakhi frustration,Negative 
depends mental illness decides mentally fit question obviously yesno answer,Negative 
plionhead elonmusk zubymusic six figure plus exactly call struggling wife far salary wise either forget struggle begrudge someone talk thing feeling hopeless get,Negative 
boriquagato biggest driving factor behind mask mental illness thinking may sick even though hypochondria mental illness matter mask work forcing healthy people wear forced mental illness,Negative 
rt dericsayers go antiwar group code pink highlight frustration status quo recognition,Negative 
ruffedge problem establishment america completely isolated bubble social circle political circle insular incestuous way one trying hire people experience tried going get string,Negative 
men looked though knew lay inside soul thing still even admitted knew inescapable shame isolated made feel used separate home pleased,Negative 
need someone talk dont face aloneaayhf help call contactusaayhforg information,Negative 
hopeless person seeking someone share feeling,Negative 
julianreillyuk trial wfddemocracy mr reilly woman bamph face similar level discrimination country eastern southern europe bamph isolated jungle however im concerned uk government negative influence political climate development bamph,Negative 
thanks letting u know sorry frustration caused receive refund within business day let u know everything assist jessee,Negative 
callumcmason need context school refusing authorise absence due semh mental ill health recognise anxiety parental opinion around fitness attend huge overreach undermining parent need look practice around unauthorised illness absence amongst others,Negative 
screaming cursing screen binging walking dead made realize strongly feel betrayal maybe time watch sitcom,Negative 
caraquilts andrewmblake stevijopayne menopause ever notice anything plague woman begin men menopause menstration mental illness always men even history spelling slightly different hysterectomy hysteria,Negative 
december watching final season attack titan january watching final season attack titan march watching final season attack titan fall died dysthymia,Negative 
rt marklewismd cancer continues threaten million life witness stage iv patient enter remission received,Negative 
country normalizing mental illness last year,Negative 
rt hcsick loanchargeappg mp signed response sluggish edm quite blunt purpose,Negative 
getting flashback led anger occupy movement perception big business play different rule machine work u anger brought people like bernie yes trump spotlight,Negative 
timcast therapist worked people serious mental illness psychotic disorder past year really disheartens see many people believe qualifying mental illness diagnosis enough take away basic constitutional right,Negative 
rt gabriellphipany seokjn cuma punya jessi tw murder mention mental illness old excessive obsession blood mcd warning,Negative 
men literally f ked thing like going therapy brother u need grief counselor bluetooth speaker,Negative 
understand frustration issue account cause please followdm account information address phone number access account review jc,Negative 
ice breaker hate small talk would rather sun moon,Negative 
jandrewscb hi jacqueline sorry hear heard someone regarding removal solar panel completely understand frustration weve requested service transfer coordinator reach soon possible update thanks,Negative 
zershutdown peta like girl locked wevers u u really pay see post live etc understand frustration place go instagram bark much u,Negative 
themysticssj movie feel like year ago really left franchise die,Negative 
rt drunkjournalist guy lose ministership involvement corruption case hindu committed suicide,Negative 
rt give cbm opinion ill reply one,Negative 
worthless post burden taxpayer,Negative 
aries anger issue passionate,Negative 
rt n fuck mental illness celebrated,Negative 
rt byzgeneral lady gentleman scientist discovered pure mental illness,Negative 
rt hakubuneg neck pain cervicalgia complicated condition lasting anywhere day year depending,Negative 
jstrandt youtube sorry read post getting mad getting mad people breaking law want live time see people fight people getting beat reason dying stupid crap mean anger towards sorry,Negative 
rt bluenoseperson inflightvideos dvatw sort behaviour isolated incident birmingham lawless,Negative 
macronrobert yeah im gon na bury head sand fully understand people earth child devil cautious let stir anger wrath thats lucifer want precisely god forbid,Negative 
learn department health mental hygiene plan tackle mental crisis new york city,Negative 
cornersofdamind torontooliveah katshortbah ywcayyt ccgsdccdgs say wrong right get go even know mental illness wonder confused start continue embarrass,Negative 
rt gottagatty destroy lonely gtgtgt ken carson,Negative 
rt insiderhaven woman texas devastated year fertility treatment learn first pregnancy,Negative 
maidensblade see saying mental illness base line personality though guess characterlogy defunct psychology,Negative 
breaking many well fargo customer voicing frustration money appeared missing online banking account friday morning fromgeneralmcnews,Negative 
tharomanempire bless heart unresolved feeling following difficult breakup difficult choice lifelong grief loss child,Negative 
rt loss uncovers brings despair loss itselfnicci french friday,Negative 
first tired basketball player thinking celebrity second hoop kyrie jump feel like victim situation fucking embarrassing dude literally moron,Negative 
repmtg committed suicide mental illness like anytime soon hope,Negative 
limbslong timsoret plenty legally trained model available future better focus one fear anger towards participating creating government actually work people new advance tech strain current system,Negative 
rt today every student feel stress exam saint gurmeet ram rahim ji given many study tip like,Negative 
rt cawiechan mental illness,Negative 
fire fire everything looked semi interesting netflix involved gruesome murder tragic death get uplifting positivity varitey need disneyplus life,Negative 
ask cult member simple question believe choice suicide decriminalized choice half successful suicide almost none annual attempt involve firearm whats solution suicide,Negative 
rt mightygodking one thing sampl ownersdirectors land swap buy worthless piece land sell buddy,Negative 
really want lot thing alone spent almost year life isolated everyone managing stay bored crave company sometimes want attention problem know break shell,Negative 
seanorange jessiegender parent get joel itamp wonder would gone extreme even cleared intent amp result ellie begin side using cureeither physically emotionally case world ending trauma,Negative 
rt ginanip barcode definitely jeffs anchor jeff stressful situation feeling frustrated tired,Negative 
dannycarrywow blind sap everything else rogue worthless compared shorter cooldown effective version every ability warrior,Negative 
rt anepppppppppp yes severe emotional damage cause physical damage ada condition yg dipanggil broken heart,Negative 
nssforrm lonely day indigo timeless legacy indigo indigo,Negative 
rt venomrmfc printing random caste leader pic ok printing cricketer pic mental illness according people comment,Negative 
king planet fallen scorched flame war bandit planet crystal sand glitter right left scientist lonely planet long forgotten shine turn fate three watching falling star,Negative 
ever feel like normal idk act every person head feel different like kinda hopeless feeling idea gon na happen life overly depressed feel happyish high expectation,Negative 
many people love beat worst depression let go,Negative 
scottadamssays directly said opinion tied poll sorry try,Negative 
jonathanturley student denied ability speak freely hear speech freely stanford campus transfer new college immediately put map stop feeding parasite destroying long built legacy start new one leave feed worthless degree,Negative 
thought bank passed fed june stress test,Negative 
rt tyleroakley tweeting negativity meghan trainor cheugy,Negative 
scotechdiscover kojoforex working know much left receive salarynothing even owe couple friendsi buy mom drug even paid rent landlady dey stress one side life hard right,Negative 
rt iategaga changing lyric one time gave way performance honor director suicide,Negative 
thats normal noone care bet medias talk ask question buy thats people poor cause paying attention cant control feeling,Negative 
add alcx df amp token cross margin isolated margin,Negative 
people came spreading negativity pls leave r neither ankit fan priyanka fan r adult know good n bad dem day n u r streching,Negative 
rt zsimayi disrespect got comrade much call deputy chair say come know,Negative 
rt madhumitaroyc could simply opened door showed fake suicide hide hanging ever,Negative 
ever one day brokendown car sick child loss employment leave u feeling worn adrift remember people faith hope sjeciowa therichsoil,Negative 
rt imvickymansa negative thought suicidal thought result weak power saint gurmeet ram rahim ji taught,Negative 
rt itswords tired stress hurt fine,Negative 
wokeness mental illness doubt,Negative 
recruiting support coordinator joining amazing team offering support individual family bereaved suicide risk suicide apply,Negative 
stop kid ruined serious obvious even president new budget want crap new norm mental illness opinion,Negative 
rt ghostgurney kashprime like point trauma vulnerable people worsened expected,Negative 
mattsontrack clownworld attempted bite said likely excessive due already handcuff punching objectively unnecessary length restrain due fact clearly apparent anger rather return complaince,Negative 
useless boy fall inlove girl storyline u fantasize family travel social status language barrier grief pain sacrifice suffering death anger discrimination amp importantly survival outcast,Negative 
classicfilm feel like betrayed ruth,Negative 
onixhope feared gale calamity world always stood one place anything basically isolated outside world finally left one day reason almost forgot speak call exshut,Negative 
rt davidcolquhoun good grief bbc broadcast attenborough episode fear rightwing backlash nerve,Negative 
rt juscloedenise really want know drive people hate opposite gender much childhood trauma due,Negative 
opinion problematic prime minister ferociously opposed national use consultant labour opposition see enormous increase consultancy invoice,Negative 
rt fiddlerbroadway national tour fiddler roof wish express immense sadness hearing passing one,Negative 
rt jmhustle many people love beat worst depression let go,Negative 
saekocut bigotry ignorance acting hate mental illness choice people make mental ill make bad person harassing someone existing,Negative 
emotion loss filled loneliness become strength poison,Negative 
feeling lonely grief know alone help talk people experienced loss reminder people get,Negative 
bizzlebieber popbase justinbieber biggest racist mean cue one le lonely,Negative 
rt katiejstrang new hazing naked skate mentalhealth hunger game dark side harvard woman ice hockey program,Negative 
get people trying belittle feeling good girl baby get discouraged take pic hair style,Negative 
xomniverse actually think kill context kind incitement commit suicide think exceptionally common internet hyperbole also think attending rally opponent war give someone control attendee,Negative 
taurus problem excessive energy bc much sleeping,Negative 
calling gender affirming healthcare lifesaving medication ridiculous saying botox saved certain demise suicide make feel better maybe temporarily still gender,Negative 
prageru fiat currency money august made currency worthless hence govt legislates u pay tax fiat currency,Negative 
naijapr small thing una teach person app want take say break heart kill babe pineapple pineapple na feel like cry,Negative 
gbnews answer ditteronts ditteronts ditertronts way stop boat cah ao sea inpreson ship amp prose amp found unacceptable send home ship fined isolated island antarctica amp settle,Negative 
felielle frustration sadness show worst u worry hope feel better soon,Negative 
secret pandemic took serious toll mental health million according drsarahadlers company wave gen z struggling emotional health,Negative 
amoneyresists therickwilson projectlincoln insurrection mean trying topple government riot happened blm protest anger police free murder people get scott free see difference many arrested charged convicted,Negative 
mohkenya would equipped ambulance readily available bring infected people isolated equipped facility enough doctor receive start acting patient polycomdev pvaafrica whiteband nyasogoti winniebyanyima whokenya atdireland,Negative 
craigspur even said want gone mate whereas couple week ago saying hence last week properly tipped scale even already anti opinion,Negative 
rt mhaffizj trauma dump often like time didnt even ask person right headspace,Negative 
rt lowkeyalbert depressed anger issue careful act towards,Negative 
fighthaven would thought maybe guy done something wrong seeing partner testified justification need get cop get anger management,Negative 
addictionology center understand complex interplay infection mood disorder book appointment,Negative 
silicon valley bank collapse major glitch done federal bank usa bond yield grows interest rate come thats maturity grows cause risk high interest rate worthless buy federal reserve one side kept,Negative 
rt madworldink trauma daydream,Negative 
finecd clhubes bbcworld say forced spend much time husband child said isolated without support know village everyone talk taken away lot people,Negative 
isnt emotion propaganda information biased misleading nature promote cause view example tweet,Negative 
rt rwcrank shitty government make feel bad galen weston stop trying scapegoat grocer,Negative 
bbcworld mentalhealth crisis pandemic minimal u whealthy white cisstraight men study suggests fixed,Negative 
rt ribzrb small misunderstanding expose people feel think,Negative 
worthless human,Negative 
ladeeee saarahistired said one element mass suicide theory evidence backing rely succession highly improbable event unlikely coincidence,Negative 
rt drdoylesays trauma cognition reaction snowball like motherfcker,Negative 
ally tell ally spend people money bad auto loan tell bet write bad check like,Negative 
rightwingwatch mental illness see easy fall conspiracy theory,Negative 
ahsmedia employee ashley macdonald calling jew antisemites offended openly call destruction israel appropriate public conduct mental health aide,Negative 
warn sensitive subject beomhan tw live title ppl want romanize mental illness cute quirk talk abt reality get shamed shit,Negative 
saferschoolscym course lie also pretty disgusting day find trans girl dy suicide result forcibly detransitioned parent disgust,Negative 
koolkopper upload miss happens like kind blind trauma,Negative 
rt drkathrynmannix last week joined panel discussing dying death grief faith mariecurieuk hq chaired anneke rice,Negative 
breaking many well fargo customer voicing frustration money appeared missing online banking account friday morning generalmcnews,Negative 
progressivesacr girlstargate stevehiltonshow thankful know people obvious mental illness vote someone continually ruin state crime homeless alone there tax,Negative 
rt mmhpuk mental health condition mean broken recovery possible,Negative 
jthedude cnn messing biology make thing complicated mental illness treated enabled,Negative 
rt affectingbot run word say hopelessly lonely,Negative 
feeling hopeless,Negative 
dogrightgirl bitcoin worthless scam clown buy drive fictional value,Negative 
playing dont break heart shanice,Negative 
rt ichorial tell put anger,Negative 
rt rmchartsdata lonely surpassed stream spotify,Negative 
toxictwisterc baramoebltch feeling hopeless moment,Negative 
kdentr apabacus third want gamble care isolated casino crash entire goddamn world financial system,Negative 
rt segmebm norwegian healthcare investigation board noted several worrying trend rapid rise gender dysphoria,Negative 
lonely hate sorry jaded,Negative 
couple worthless rightwing ninny two,Negative 
rt crypto stress nft ad account come woodworksdot fall bitcoinits almost,Negative 
rt nspcc online sexual abuse risk becoming normalised generation child young people feel powerless need govt,Negative 
rt streetinsider bad crashy vibe march set worsen absent soft feb job number bofas hartnett,Negative 
masakit man amin pero tangina total rejection ang binigay para bang bombang pinasabog aa gitna ng puso mo hardest part need force feel anything im family trip time,Negative 
rt oderaszn chukwubuikem raise son discipline emotion young naive,Negative 
hard lonesome road u make lonely,Negative 
londonakan gtbank gtbank gtbankhelp guy frustrating frustration ussd zero gtbank app zero gtworld app zero going,Negative 
konatingalt pretty common cried good year cause antidepressant flat said fuck shrink stopped taking week cry nonstop entire duration personally taking good,Negative 
strikedebt tax may raised mean le tax money spend thing worthwhile spent crap still american taxpayer made pay worthless education lazy parasite received institution forced,Negative 
rt thejagmeetsingh upset deal trudeau caustic erosive canadian democracy canadian,Negative 
rt khzrmlkcnnsr genuine cope men yellow fever trying justify mental illness play menorah,Negative 
rt clairecarmalt commuting work year ups amp down allows put grief box,Negative 
stephenasmith died january besides unarmed woman killed police brian sitnic suffered stroke died saying cop committed suicide since day seems extremely fishy like someone cleaning mess left behind,Negative 
rt toure im trying remember nothing coming mind selective outrage chris rock make joke expense jada,Negative 
billfoxla still ball attempt thats fukking point worthless communist trash,Negative 
sbcanary adshumaker actbrigitte think straight news folk credible right anyone opinion pundit problem mixed network,Negative 
haveaconcern man panty garter stocking obviously confused need seek mental health treatment,Negative 
rt realfairbrass met lady entire world view determined skin colour faith anger bit sad suzseddon,Negative 
goakihiro im literally feeling hopeless,Negative 
daggerandbullet fyi solar micro nova likely scenario put quick end idiocracy ultimate reset relationship solar event geomagnetic shift wickedness man mental illness bad right flood,Negative 
worried something watch,Negative 
feeling absolutely hopeless hammered test first time dhoni era nightmare missing goat captain,Negative 
feel like season fast paced murder,Negative 
rt lmao okay climate mental health im sick hot im sick cold here sign,Negative 
vallesjon femimind drwinarick peterdkramer sameihuda awaisaftab eikofried allenfrancesmd drdavidhealy wesselys socratext psychunseen melancholia severe profound depression vegetative symptom sometimes psychotic symptom marked chronic disabling course dysthymia persistent lowgrade depression aka persistent depressive disorder,Negative 
rt ghanielise anger issue bad could rolling piece weed fell ripping whole wood,Negative 
rt nwsmelbourne mar warm today high temperature mid late shower isolated lightning storm,Negative 
rt picture causing anger among people,Negative 
entering stage grief mingyu hair talk,Negative 
feel unfresh douche,Negative 
rt ccareuganda dr aleesha adatias article compelling read woman medical adversity face informed,Negative 
nbcnews olafscholz cnn foxnews clarissaward erinburnett condemn recent attack jehovah witness centre resulted multiple death injuriesi want share grief anguish german chancellor olaf scholz attack,Negative 
marxismgowonism ok im feeling really upset hopeless depressed sudden,Negative 
kemaiso mmatheko feel got back memorial service ne yho drained hle need go back peel well,Negative 
persistent depressive disorder pdd also known type longlasting le severe major depression symptom pdd last year individual condition may experience feeling sadness hopelessness,Negative 
rt haileysalvian new naked skate hazing mental health hunger game dark side katey stone harvard woman hockey,Negative 
followed faiz ahmed faiz poetry account feel smth getting level urdu trauma flashback,Negative 
feeling hopeless via youtube,Negative 
looking kid test final hopefully moody boston area parent therapist kiddos might want meet moody,Negative 
brianlehrer people feeling negative economy last year medium hammering recession inflation throat,Negative 
rt vickieluvs really yvonne october class exudes know feel fire fire fire fire,Negative 
timepricevol fail paper worthless,Negative 
fuzoling socdoneleft rothmus opinion article academic one value furthermore lack information political bias,Negative 
come realize half time anger even anger built hurt,Negative 
trying hard spread negativity focus namjoon,Negative 
jealous atz get around like omg mental illness soon made eye contact bro jesus,Negative 
rt fakeqrampage person need get job andor hobby stop anger wanking profile lmao,Negative 
iamjustsayin cry punch somethingpunching bag hard release anger frustration,Negative 
hopeless girl seeking someone share feeling,Negative 
rt buddynolove time quarterly tl cleanse mf keep negativity tl morning night got ta go tryna,Negative 
rt alphamaleafrika hypothetically faves get evicted please let u channel energy anger vote blue,Negative 
rt amandagreenuk brand new therapeutic programme overcoming anxiety fellow sufferer counsellor sandra dean mbacp,Negative 
nooo mean much feminism male repellant work lesbian dont need menbut heterosexual woman path sad lonely end therefore woman feel need men life steer clear feminist movement,Negative 
ended season defeat ended defeat part frustration stick vieira getting silence many recently found voice,Negative 
rt ltosce russia isolated completely irreversibly today osce pc meeting russian propagandist still call,Negative 
rt tw suicide inna lillahi wa inna ilayhi rajiun eden saudi trans girl took life muslim parent,Negative 
hell circumstance create opportunity bruce lee,Negative 
rt nextnigeriapre calling occupy inec protestyou fool amp coward commit suicide home,Negative 
clownworld mental illness running rampant day aint way sane person would behave like,Negative 
rt miniekookphoria past year jimin rarely let u see going personally devastated see,Negative 
dailycaller box checker worthless,Negative 
ianschwartzman lvrn mrjlindsey people literally signed sex worker signing play seven instrument sing as work as never flirted back saying anger know come perspective rosecolored glass,Negative 
people hating tastsii fan channel anger voting ur favs leave open space cry make una dey play go see front,Negative 
emotion insane,Negative 
herbut anger ungodliness boat نمشے,Negative 
ever get sad realize fucking tired feeling shit every damn day get hopeless sad haha either would like weird,Negative 
rt week brain injury basic course covered emotion behaviour learner resonated video anna,Negative 
rt tommarazzo guy terrifies ag canada feel safe country two high,Negative 
rt jmhustle beat worst everyday,Negative 
im dizzy much sleeping ugh,Negative 
rt nyayprayaas npf physical meeting delhi ncr men life becoming worthless day day,Negative 
hallmark card grief,Negative 
libsoftiktok mental illness,Negative 
rt seekmastery anger someone el victory stay calm stay control,Negative 
draculascat goddess drained like mere spit ground worthless human plus warned youyou would get hooked want feed like parasite narrowed eye aura starting show holy aurashe tried masquerade,Negative 
listen others lose voice process,Negative 
suicide murder,Negative 
teaching trauma student loss,Negative 
rt bylenasun talk grief grieving living full meaningful life losing mom covering covid,Negative 
rt might time see eo long time see phonesi know hard get,Negative 
rt solnatamd three year ago today isolated first icu patient suspected covid nurse looked fear amp skepticism,Negative 
rt point im starting doubt ricky rick committed suicide hey,Negative 
time take break negativity everything seems negative leaving twitter insta really fed negativity tolerate,Negative 
silicon valley bank bought load mortgage amp govt bond interest rate low rate risen bond took price haircut sivb also losing deposit flow force sivb sell bond loss major u bank much exposure,Negative 
rt inyloop feel dizzy,Negative 
tax dollar hard work quoting one chief health officer australia covid feeling pretty rubbish tbh razor blade throat painful cough imagine might without dos vax good science,Negative 
rt tuurdemeester wclementeiii sorry hear breakup tough men especially perhaps try individual,Negative 
need someone talk dont face aloneaayhf help call contactusaayhforg information,Negative 
rt ralphmarston take breath crash wall someone el incompetence take breath put perspective,Negative 
cloudy friday pm phoenix wright kitchen knife fought king ghidorah gun crowd anger level average opponent start fight would come top,Negative 
iansart see rationalization cooper would spoken way addressing man condescending everyone like racism misogyny situational treat woman disrespect demean isolated history,Negative 
supertanskiii believe hit many time domestic violence pattern behaviour rarely isolated incident,Negative 
rt pixieberrytea ya vanaspati depressing bc entire jungle literally fire horror grief going,Negative 
know lonely make worse honest minute make work,Negative 
rt bougiebrujas aries leo sagittarius fire march message angel backwoods amp antidepressant x jay imani,Negative 
white boy jus gon break damn fallin shit ever going back pussy forever,Negative 
michelle yeoh win tonight probably seething anger warning,Negative 
free chansley saw video know pelosi schumer fbi doj dirty little secret wonder police committed suicide live guilt pelosi setup lie deceit,Negative 
blakesmith hi apologize frustration order arriving later expected delivery date given first placed order see date order confirmation email ava,Negative 
verybtw avfcmidge think coz awful form time manager taking u backward anger building game game back different situation entirely,Negative 
son said got caseone mo promovoucheriherbcouponcodevitaminproteins lonely boat,Negative 
cfruhfgytew anglosphere reason cease worthless backwater,Negative 
key definition mental illness fairly broad basically anything psych give pill mostly depression suicidal thought anxiety cutting eating disorder etc schizophrenia extreme autism hallucination like,Negative 
bad day yesterday woke today husband telling going many gc want buy whatever want know man always know need lift,Negative 
traitor ronnie kill book florida red tide worthless,Negative 
sleeping even awake unable open eye exhaustion put mind much thought,Negative 
rt cofficialogbeni imagine therefore second tinubu whole nigeria president need clueless,Negative 
rt repthomasmassie trauma doctor fed play role bailing svb depositor bank possibly lowering,Negative 
olivesiffleur story protagonist try warn society instead becoming cynical accepting isolated condition try treated mentally mad committed asylum hate much mirror society response,Negative 
beabetterangel bobbypolzer evavlaar think government get money oh forgot print soon worthless paper,Negative 
rt scottsfight lack communication brainstormcell fdacber frustrating disheartening,Negative 
financelancelot raise lander isolated banking incident yield also dropping inflationary could see even higher inflation going forward,Negative 
rt libsinamerica colorado gop slowrolling maga suicide,Negative 
markxrypto anger,Negative 
rt hey heraldleader bad journalism publish oped coal kelly craft without telling u shes,Negative 
anger conservative lie anger liberal tell truth theodore roosevelt,Negative 
fourverts maybe everyones mental health already bad someone decides read let know im wrong,Negative 
rt bitterclingerpa ask cult member simple question believe choice suicide decriminalized,Negative 
rt centrleastmhttc suicide postvention information bh professional sometimes helper think affected,Negative 
rt auntmergatroyd right carethis girl could v moved past confusion thats mainly confined age,Negative 
december language imprecise grief,Negative 
hurt core feeling hopeless,Negative 
lmaooo aye man even care openly racist lol feel oppressed,Negative 
taecherriess much negativity someone attack idol doesnt mean stoop level bts success speaks childish tweet would benefit bring toxicity fan war one want,Negative 
rt everyone know mental illness,Negative 
rt tear much anger frustration sadnessanamika mishra voicemates novelauthor love sadness,Negative 
yea let anger run course,Negative 
uchiwama long making content tracing wheres harm could try drawing nothing could effective accurate job using mannequin posed half time put grief,Negative 
rt jespersocbot raise gambler jesper certainly raise criminal jesper released bitter,Negative 
ppnaravit trans p shall remember day mhod wang feeling hopeless still jackson wang,Negative 
lead believe witnessing first real step try destroy crypto state use false narrative create another jeckyll island plan attempt ensure people posse sound money worthless fiat available,Negative 
itsthedr penny commiting political suicide,Negative 
varindeus omg seen appropriating muslim troons want blackfishing troon version sick sick sick mental illness,Negative 
theend year life count life year innate weakness human,Negative 
talking mental illness,Negative 
rt tmacdeville icymi marylandopd say detained baltimore county youth isolated rodentinfested cell hoursday denied,Negative 
deloperfection dont feel like tbh,Negative 
hate mood swing sometimes like tf annoyed,Negative 
bridget take caturday nap lap bear try keep still order disturb,Negative 
stillgray inspectorstocks worthless,Negative 
woke cause mental illness,Negative 
looked away filed tax misune struggling hard figure death zone point sakuma straight attacked koutei penguin ichigo frustration fuck wrong need fix description badly,Negative 
news sport opinion guardian uk edition guardian people wonder climate activist taking action disrupts public life order draw attention catastrophe unfolding around u,Negative 
every time post cut always get email abt comment self harm suicide,Negative 
annadscott might get grief old lady wanting something top shelf supermarket block someone view concert,Negative 
rt shehnaazdicute positivity block negative thought overwhelm tough time stay positive achieve,Negative 
rt bedriddenbot never known monster like grief dragged claw across heart demanded known,Negative 
rt unusualphyna child anger looking pour frustration phyphy rock,Negative 
rt travelandlove aerial view little house isolated noah island norway norway,Negative 
rt time take break negativity everything seems negative leaving twitter insta,Negative 
probably mental illness talking insanely hot,Negative 
slept entirely much today u looking crazy daddy sleeping good hell,Negative 
time tames strongest grief,Negative 
rt thisibi year old throwing tantrum said frustrated mom shut even know frustration,Negative 
imagine listened talked le forgave often slow anger think world would live followed simple instruction life short teach learned,Negative 
rt mykindasexed maid resulting unresolved grief mental anguish amp anger living disabled people receiving,Negative 
rt nopullbacks every bear reading goldman every bear goldman sachs light recent stress,Negative 
rt rstockinvesting lot hurting people seriously saddens many people must go unrest,Negative 
therapist many one harassed suicidal person mocked people sobriety made unfounded accusation people committing violent crime diagnosed mocked mental illness based tweet much much theyve contacted school,Negative 
crew ether finally reached small isolated island tucked inside perilous spending many long month sea,Negative 
focus hyping shiv stop negativity shiv rank decreasing,Negative 
tripletenshi scattrbrainjane chronokatie read suicide note would know advocating made eden commit suicide,Negative 
rt xenoquote sometimes might run astray youll stop maybe cry frustration know thats right road,Negative 
ashoswai sanatana dharma dharmic culture adithi devo bhava shortage phrase flourish except often reflect reality group hindu men relishingpreying isolated woman hindu woman pushback protest complain one turn,Negative 
kinleybrenda badrobotlinda hearing reflection gym coaching political career completely worthless,Negative 
rt regalkv im feeling jealous possesive jungkook frown throwing leg taehyung everyone ever lay,Negative 
tamlongxo well take gut feeling back need negativity,Negative 
rt theholisticpsyc justifying choice overexplaining even questioned show nervous system,Negative 
rt gladysnjamiu retweets remind psychology teacher told u real grief start,Negative 
rt societal mental health imperiled diverse viewpoint crushed medium resemble mindcontrolling,Negative 
medicinewalidoc stage grief,Negative 
drewzontherun expression nolonger alone applies mother also highly complex woman barely knew even finland died covid last february anger contracted virus hatanpää hospital finland get,Negative 
meyerrants type productivity obsessed neurotic end crippling mental illness dropping cardiac episodesaneurysms,Negative 
jonjustice mental illness,Negative 
silicon valley bank crisis left investor wondering problem isolated harbinger broader funding crunch credit market,Negative 
went got unbearable teenager already antidepressant homeschooled go school depression hit harder anything ever,Negative 
rt breaking many well fargo customer voicing frustration money appeared missing online,Negative 
dare say russia isolated member u ally japan resume import russian oil sampp global platts,Negative 
rt jjasshole everybody talk cutting ppl nobody really talk grief come stand firm,Negative 
vomnox tucker lying personal opinion trump stop reporting lie told real journalist supposed regardless personal distaste someone,Negative 
rt jrestoddard im full support anger management,Negative 
sapphirespecter katyelphinstone mind complete stranger making recommendation may want look dysthymia already comorbidity pretty much describing depression instead anxiety chronic lifelong thing hard spot,Negative 
rt mujaya young blood transfusion different serum dr katcher created isolated call,Negative 
understanding role attention v awareness anxiety recovery new podcast listen right main anxiety guy site,Negative 
passed trauma exam relieved,Negative 
rt justintinsley thread today year day christopher wallace aka notorious bigbiggie small lost,Negative 
midnitelogic azarilaw sad mental illness addiction real beyond time society acknowledges fact,Negative 
hospital five week five week go psychologist sweetest doctor ever met therapy still wish dead,Negative 
repjamescomer yet another worthless bill way cremated senate wiser head,Negative 
worked lab therefore know enough opinion accident happen time leak always plausible therefore conspiracy theory,Negative 
rt dr gabor maté psychiatrist psychologist trauma expert training general,Negative 
rt anayomikeokpala face present nigerian hopelessness frustration,Negative 
rt nigelfarage know rishisunak weak year france outrageous worse still work,Negative 
rt drandymcintosh wtaf bbc mean bias censoring appeared rife good grief ridiculous,Negative 
cernovich wait minute theyre sick stress gmos fluoride human dna found food metal falling sky bought house could pay bill house repossessed ever really anything cause depression,Negative 
ight think im gon na slow alien stuff im still gon na draw character watching much real alien stuff people story paranoia fking wall point im getting scared death sleeping night,Negative 
beg cash today got disappointed country giving hopelessness,Negative 
see driving anytime soon trauma real,Negative 
ever situation feeling completely hopeless thing control listen latest podcast learn technique find grip stressful situation listen gtgtgt,Negative 
jackposobiec spotted least one emotion frustration,Negative 
rt tomfitton top ten biggest covid lie coronavirus far higher fatality rate flu several order,Negative 
rvcjfb im mumbai staying gujarat work purpose amp need spend mnths mumbai se bahar aneke badh pata chala uska value kya im missing muchhere guj aisa lag rha hai seeda janat se isolated place aya hu offense personal opinion,Negative 
gaza centre prison subjected severe amp murderous torture rose martyr dec result brutal torture occupation falsely claimed committed suicide hanging cell evade obvious crime,Negative 
mental illness broad term,Negative 
forgives sphere started ounassnoonpromonontoyoutofordealhmbathandbodyhampm youhandmounascouponsivvinamshicodeonasdiscountonass poor goal feel miserable lonely,Negative 
life short waste time negativity focus positive make every moment,Negative 
edkrassen social justice push equity equality problem give every one equal opportunity equality make everyone equal equity regardless pushing equity cause anger among many population,Negative 
happypunchpromo feeling sick knocked gib,Negative 
rt dikedig something steve proclivity head trauma rodeo accident,Negative 
thekingsevil haha mood hate expensive get taken privately thankyou im hoping somehow swing getting privately looked point year poor boy already saving yeet teet,Negative 
bill fan saying stuff diggs ever since lost quitting team frustration neither diggs people reason take everything say inflates something,Negative 
thatssoholls influence life though teach hate feel bad girl,Negative 
good grief charlie brown duped,Negative 
rt fomocapdao dxy feeling crash coming everything red every thing,Negative 
rt loversreunion feeling write leon throwing dangerous mission distract grief fic,Negative 
morning want life saving technique training never explain save jimin attack survive,Negative 
timodc old enough remember colorado trending republican maybe folk like maga lunatic tried legally add let go brandon name lead state gop reason,Negative 
rt mcricardo medicinal plant therapeutic alternative combat mycobacterium tuberculosis comprehensive review,Negative 
rizejv belovedvl sorry sleeping u associate much jackson ashton,Negative 
anger grows,Negative 
dhokladealer thehindu iit bombay suicide yr oc hindu student b said subject caste oppression privileged grups u c twitter organised incitement hate abuse amp violence aga gcoc hindu law punish abuser,Negative 
rt annecresswellc tucker carlson call critic sociopath accuses merrick garland lying jan officer death,Negative 
simply stop worrying others think,Negative 
opinion based life experience find woman much woman likely automatically find masculine person dress exciting channel titillation rather frustration expressed hate,Negative 
rt stacycayslays every single trans suicide murder,Negative 
lostinthecloudp thanks elaborate answer reference make much sense oh cirrus instant karma first beat chanil lying gf saying name sleep bam day say skylars name sleeping front,Negative 
roshnikushal one isolated incidence everyone making hay terror attack say radicalized mind generalize one incidence bet incidence hindu woman attacked water balloon make news holi hai,Negative 
feeling lonely feeling lonely jancok,Negative 
rt treykcci latest snowfall analysis march coverage area received snow isolated instance,Negative 
worry folk wake worthless bank stock instead dollar deposit thank cpc bank bail program pp supported btw,Negative 
rt aphclarkson benwansell drjennings sunaks control narrative though poll deficit tory,Negative 
vallesjon femimind drwinarick marklruffalo peterdkramer awaisaftab eikofried allenfrancesmd drdavidhealy wesselys socratext psychunseen dysthymia long standing negative mood state severe clinical depression episode depression top melancholia usually mean type clinical depression associated certain symptom eg agitation slowing weight loss etc,Negative 
rt arinzeyy alcohol stress totally fun getting drunk waking banging head next morning,Negative 
subgenre historical fantasy protagonist saffron wixyn superhuman antagonist nyssa anderson angel location ireland conflict different idea within group accomplish goal emotion shocked inspiration landscape snowcap,Negative 
btskjins jin miss lot got depressed joined military suffer every night barely eat well feel like going friendsi think locked room sometimes end sleeping cry day miss much,Negative 
emilytheboy confusing characterologic feature also mental illness,Negative 
uncensoredpromo keep hand teeth damn put whole anger one,Negative 
rt nuhm worker road protesting past day mlasudhakar u still alive karnataka,Negative 
coffeemirukuu mean juri atau panelis yang nyeleksi essay well agree maybe mental illness would affect study there difficulty get med healthcare foreigner,Negative 
benbakermo kid sit nut job propaganda would mental health issue,Negative 
foxnews man racist white folk took versus really racist black folk put doorstep yea right good grief democrat evil,Negative 
anybody complain kyrie good grief man,Negative 
jsn gon na gone pick even gon na stress u getting gon na pray gonzalez fall,Negative 
macdjb asks position volunteer sector pathway canadian experience community connectedness time feeling increasingly isolated,Negative 
always case stone age contemporary age liberal feminist electocracies personal information currency time money worthless piece garbage share private data anyone give time anyone,Negative 
rt sedonafd cshift station responding mountain bike accident patient suffering traumatic injury crew made access,Negative 
rt bustybunnys relieving stress internal massage benicenatasha,Negative 
chideera particular gender need case like family know right know crime people cart away underage girl post anything grooming anger early marriage,Negative 
oceidon complete rug delete worthless twitter,Negative 
rt isolated summer,Negative 
rt mccallerickson grief initiate u mystery,Negative 
collinrugg worthless man walk press conference joe biden could lead scout troop,Negative 
rt bronwyndl police board markusachambers defensive reaction danielfriesen delegation demanding respect refusing,Negative 
rt biticonjustine sexual frustration niche hobby pipeline,Negative 
mikecartertv mental health healthy lot people light new evidence mask vaccine segregation intimidation deprivation one crazy person mcdonalds never problem there always one,Negative 
emelnd notadingdong monitoringbias society kid school day etc believe mental health easy western society white likely kill themselved black middle upper class v poor ask,Negative 
cause people different group community turn would ever slightly increasing maybe emotion naturally like hate anger making people think way quite bad like crime,Negative 
mental illness make danger society codifying law slippery slope classifying patriot mentally ill take gun away,Negative 
many u tend hide mental health issue may experiencing come anxiety depression feeling overwhelmed,Negative 
rt iambornblack carried frustration arabian side failing score consecutive match,Negative 
rt jonhaidt sign teen mental illness epidemic around liberal girl rate started increasing,Negative 
passizle timrunshismouth imo failing address true issue liberal suffer mental illness conservative,Negative 
jasonhsv willcollier feel pain live az state gop horrific losing,Negative 
liraloudmouth know one day die lie negativity deal anymore,Negative 
sitting cry feeling overwhelmed hopeless,Negative 
want frenchman see grief warrior bound wrist tie tight,Negative 
stevetallent foxnews attack idol mara lardo feel kind way dems call wife ugly remember buddy teddy phone banked guy insulted wife coward want defend,Negative 
hate hopeless feeling u get u binge,Negative 
isolated incident first shoe drop,Negative 
suicidal thought must need help,Negative 
clownworld mental illness,Negative 
wake break hate couple much im lonely asl,Negative 
careful decision make hungry angry lonely tired vulnerable position enemy come attack,Negative 
willsmaha thing missing mental illness hello kitty weighted blanket,Negative 
ajathefairy think im often one role remembering thing adulting try happen lonely sometimes,Negative 
nulasuchet affordable deliverable station design affordability considered stage one biggest infrastructure project country history good grief,Negative 
rt anger north indian tourist grows goa tourist family attacked sword knife injured grievously,Negative 
meditite ahahah camp really wanted isolated game insists everything next road,Negative 
uneasydog ok dick sorry shane obviously bored lonely suggest go find hobby,Negative 
global pandemic exist virus ever isolated fact fraudulently used pcr test faked,Negative 
oppisition party actually get addressedi hopeless feeling liberal get away country destroyed,Negative 
buzzardpk please remove pic already soldier shaheed gone heaven jannat ul firdause seeing pic make others cry wrong let baba tear anger allah,Negative 
scattrbrainjane love race mixing mom male suicide high dont see cry masculinity trans acceptance directly correlated suicide rate maybe conservative werent eradicating transgenderism forcibly detransitioning people,Negative 
ianbremmer good grief election conspiracy crap spreading,Negative 
read high cited paper dr sohyun paek et al change rate characteristic according age suicide attempter view fulltext,Negative 
rt natepostlethwt sending peace know conflict lonely wanting people near also tired feeling,Negative 
mental illness,Negative 
im gon na real run antidepressant adhd med next week like adhd shit anything anyway chronic depression hit hard antidepressant usually thing keep functioning instead ball ground,Negative 
rt many complained filed notice injury many committed suicide many got fake one,Negative 
star crazy enough star couple many product available print,Negative 
stop letting men manipulate situation logic emotional creaturesit innate wiring especially woman without emotion denying u emotion denying u sense self understanding double sided coin imperative,Negative 
collinrugg worthless,Negative 
amongst lie dross grief,Negative 
letting fear run life help,Negative 
usa mass shooting week day usa also serial killer four major type visionaryormental illness hedonisticorsexually driven dominanceorpower seeker missionortargeting specific group source active case,Negative 
mourn hard life chinese still ccp anger heinous crime ccp lord wake chinese belief ccp lord open eye eradicate ccp restore earth harmonious face society prayer name christ amen,Negative 
anthonyzenkus mtaibbi see dws grilling taibbi help fantasize role reversal imagine would squirm grilling worthless human being,Negative 
bbcquestiontime spot quite ridiculous suggest isolated incident rarely even wholly unacceptable,Negative 
pandemic slammed world became daily reality many trauma disproportionate impact vulnerable people living poverty injustice community help,Negative 
sccuriel repmarktakano please define woke crt get frustration,Negative 
public frustration give,Negative 
femboyfriday troomerls un kept year across like account rage comic era v mental illness pfp wonder who really worse,Negative 
benwansell drjennings sunaks control narrative though poll deficit tory need find way swing public mood quite substantially labour,Negative 
neck pain cervicalgia complicated condition lasting anywhere day year depending cause common cause include physical strain poor posture mental stress health condition,Negative 
concernedfruit reuters sure one mental illness real biologica lwomen,Negative 
silicon valley bank collapse major glitch done federal bank usa bond yield grows interest rate come thats maturity grows cause risk high interest rate worthless buy federal reserve one side kept,Negative 
rt thotzekage understand eeao film mother daughter healing generational trauma actress played,Negative 
feeling hopeless,Negative 
awake hour cause regular dose pain med work also keep wondering become absolutely incompetent intermittently cry sheer frustration gunner favouritism situation last hour time max dose pain med,Negative 
grief something rushed ignored take time take effort finding word colin campbell offer guidance practical tool processing grief healthy way available march,Negative 
rt skynewsaust one nation chief staff james ashby say australia missing royalty biggest lithium producer,Negative 
deepfates come idiosyncratic isolated community get socialized weird wealthy,Negative 
collinrugg worthless biden,Negative 
know crypto bros stop coping hating peer bought real estate mortgage counterparty actually one causing grief bank unbanking youre welcome,Negative 
nsamesen like said individual would criminal suspect completely different context remember mental illness criminal status,Negative 
jazjizzes im always lonely,Negative 
rt bostonpatrolmen two police officer shot trying take extremely violent offender street thankfully,Negative 
rt iamgabbycfc cfcdubois dubois mood swing worst world,Negative 
psychiatric illness scam perpetrated white woman convinces become privileged protected class diagnosed depression bipolar schizophrenia dysthymia anxiety etcetera fact mental dx protect anything,Negative 
heatherthomasaf almost make senseand thats frightening ai bot however feel emotion who writing program,Negative 
gregbernetic okay isolated island small community communal,Negative 
anwyas ahah im feeling fuckin im alone one fucking one come visit lot want go,Negative 
time heal grief people seriously got ta stop asking family next kin strong,Negative 
hearthefalconer whosdan debunkthefunk teamyoutube good grief sweden stuff lie sweden also compared nordic neighbour see horrible even large advantage world leader singlehouse occupancy,Negative 
told crush exactly lonely pathetic like want anyway,Negative 
rt bhkspeaking isolated case molestation holi make entire festival antiwomen daily case lovejihad,Negative 
rt feeling rep raskin going singlehandedly take entire maga dick itch,Negative 
richcooper fetishized mental illness,Negative 
want anger zimbabwean lady tell maize,Negative 
absolute fucking gaslighting started smoking result stress depression lockdown able see family friend constant suicidal tendency feeling completely hopeless alone literal hell,Negative 
rt damnnial nobody care mental health turn anger everyone see bad person,Negative 
feeling hella anxious,Negative 
waste life grief regret,Negative 
suicide shit wan na earth time,Negative 
feel guilty morning drank chocolate milk instead strawberry milk,Negative 
going bad time depression amp heart break meanwhile relative,Negative 
feel personally insulted,Negative 
nineteenntynin michaeljknowles back low suicide depression rate everyone side aisle believed men never woman controversial,Negative 
emilylhauser thisamerlife important story walked away feeling hopeless,Negative 
rt hamavalthorfinn defending suicide squad film downplaying batman sure take,Negative 
rt trigger warning suicide baby lost human mama place go,Negative 
lonely,Negative 
syncs radiusfn looterzx coming back grief,Negative 
ijbailey selfcensorship survey worthless unless compare realistic baseline group discussion actually work rather idealized fantasy world student furiously debate eagerly participate class rather waiting period end,Negative 
moving sloppy tucking tail mental illness,Negative 
valderie seeing many time tl con basic accessibility infuriating even outside worse disabled fan even imagine stress anxiety anger,Negative 
rt developerdao 𝗕𝗥𝗔𝗡𝗗 𝗡𝗘𝗪 𝗚𝘂𝗶𝗱𝗲𝗱 𝗢𝗻𝗯𝗼𝗮𝗿𝗱𝗶𝗻𝗴 new member flow isolated group onboarding channel,Negative 
mirandadevine sure loser look crazy hair dye always certainty mental illness,Negative 
rt sunkissedbri eric forman said see future without break heart,Negative 
think suicide easy thing prevent without awareness mental illness first especially outside people close people think need know suicide prevention late,Negative 
feathermints first result say negativity bias sound familiar,Negative 
wagnerian j isolated day,Negative 
cunylawreview work mcgraw hill chemical engineering mag shortly graduating ccny visited california became white collar perjury victim year collect material missing material isolated albany hotel call,Negative 
rt treeni bijnor aman khan arrested raping girl day incident took isolated,Negative 
mzw came say exactly like mental illness quotation,Negative 
believe big wig hiding closet somewhere waiting come try normalize ridiculousness mental illness,Negative 
question internet randos constantly screech woman refuse accountability go insane unhinged meltdown called delusional stereotype woman truly form mental illness,Negative 
good grief,Negative 
rt amblujay last year khayelitlhe shozi disappeared found living bridge wandering street digging rubbish,Negative 
rt fgkjcv actually pain stay u longer happiness tired people wanted,Negative 
god lonely,Negative 
iforchina realcaixia mourn hard life chinese still ccp anger heinous crime ccp lord wake chinese belief ccp lord open eye eradicate ccp restore earth harmonious face society prayer name christ amen,Negative 
sstrazza isolated coming time people asleep wheel,Negative 
rt derricktgoat canada notion one power judge seen section conflict,Negative 
million people around globe struggle mental illness silence see like state paranoiaalways tell never show check oprah appletv,Negative 
ateez album w quantity mental illness,Negative 
rt harmonykent soul poetry series harmonykent sorrowful soul,Negative 
need someone talk dont face aloneaayhf help call contactusaayhforg information,Negative 
rt tujadili side christ holy anger,Negative 
rt martinsdessy coming revolution consume politician property infrastructural damage nigerian corrupt,Negative 
rt pedneph glomerulonephritis devastating disease wpoor response immunosuppressive therapy read brief,Negative 
rt bulwarkonline timodc old enough remember colorado trending republican maybe folk like maga lunatic tried,Negative 
tiguangurl feel sorry orphan annie already,Negative 
rt timeastcoast ctvnews conservative hosting alt right racist germany ctvnews worried booze sale,Negative 
repmtg repjamescomer bullllllllllllllll jamie raskin upset listen deluded liar repugnant side fit clean mr raskins shoe worthless lying embarrassent america gth,Negative 
imcoolthanks jessekellydc want example people fired job taking whack as vaccine even work constantly attempt push gender dysmorphia mental illness young impressionable kid call anyone right nazi,Negative 
dorindadorinda heh lonely child,Negative 
bitting fingernail release stress,Negative 
rt cromwellstuff another missile attack vehicle damaged ukraine please wake fcuk fireman working,Negative 
rt kyledcheney here nordean stoking group anger police arresting tarrio biggs say let go kick fucking kick,Negative 
rt jdhaltigan living time mental health problem mental illness likely affirmed identity,Negative 
hold body lonely,Negative 
rt fatemeakbari mahtab sikandari year old hazara mother murdered march together hazara,Negative 
government direct anger created cost living crisis power nationalise energy bill disgraceful year government greed ineptitude caused problem,Negative 
rt grantstern never knew matt taibbi low opinion matt taibbi rep debbie wassermanschultz totally utterly,Negative 
air frustration umg taylor ffs,Negative 
peterdageneral want stress na dey call,Negative 
rt hrhonyx anger british much attempt talk land man inspired,Negative 
noonoosh think know many people come least one new mental illness absolutely terrible habit reinforced isolation lol,Negative 
keepitlowkeysis dont like sleeping much rather something,Negative 
fucking knowing got ta form mental illness,Negative 
rt speakingsatan im leaving weekend get angry read retweet please apparently human mental illness,Negative 
rt damescorpio climate mental health democrat hell bent making generation mentally weak as pussy,Negative 
chidiodinkalu still looking classic definition mental illness,Negative 
rt simmermoonie tw suicide unaliving transphobia forced detransitioning exactly fight trans right,Negative 
rt stuffksaid say antidepressant month word struggling chantal,Negative 
onikanism popbase icespicee bothered skull skull work anger old donkey face minaj worth skull skull,Negative 
opinion california need settle standard time drop daylight saving time,Negative 
get started fire fire,Negative 
bad crashy vibe march set worsen absent soft feb job number bofas hartnett,Negative 
mentally ill family believe mental illness mind fucking like psych ward u age wdym believe bpd,Negative 
rt bandzrb grammy really worthless cu katy career impact like u industry idc idc,Negative 
there always room lonely watch broken dream,Negative 
rt mv dropped position pls serious leave tl negativity stream mv,Negative 
rt zekecohen whitemansaywhat takejapper spent year training library recognize address symptom trauma,Negative 
worked since tuesday sickness really beating ugh feel worst,Negative 
vahamm devotion exactly making short lady hopeless arrogant feeling rejection reflected behaviour parliament,Negative 
mf whatever take catch attention especially spewing hate negativity,Negative 
rt tommyinpa following robin williams suicide marianne williamson blamed antidepressant reality williams suffering,Negative 
watch loop hour undo like year trauma,Negative 
ncwindia sharmarekha looking guidance mental harassment workplace,Negative 
czbinance occurrence like due czs worthless fud busd striking usdc paxos,Negative 
rt check bank account many well fargo customer voicing frustration money appeared missing,Negative 
lonely walk made capture scene,Negative 
good grief bbc broadcast attenborough episode fear rightwing backlash nerve fire gary lineker,Negative 
sexual frustration look like,Negative 
invest stock market probably owned losing share claim loss tax return depreciated worthless stock,Negative 
rt katatrotter brainpwr kitchenaidusa pretend teenage girl even sicker shame kitchenaidusa supporting,Negative 
twitter infamous kaiser doctor mark e babo jumped female colleague obgyns patient mansplain patient pain symptom due unresolved emotional sexual trauma literally hysteria disorder womb let sink,Negative 
rt dahlakib eritrea highly endowed renewable energy source whose development constrained lack capital,Negative 
eugene wilde topic lost lonely,Negative 
tiborfuto sergikap russia already lost isolated year come poor putin go villa italy wont miss russian ibiza partying,Negative 
rt babsvan fully weeping ke huy quans speech antidepressant ever taken entire life,Negative 
jesseprimetime jessebwatters agree new psychological term mental illness called ccds climate change derangement syndrome,Negative 
lonely boy stay lonely,Negative 
think feed left v right would always considered liberal recognise left wing politics anymore step away becomes self fulfilling feeling hopeless cohesive future,Negative 
rt caitoz one freakish depraved thing happening society way war machinefunded think tank shape public,Negative 
rt bad day yesterday woke today husband telling going many gc want buy whatever,Negative 
rt convinced negreira case excuse lot take anger towards barca,Negative 
learn false memory scandal allegation caused seismic shock family member mother acutely affected trauma nature eclipsed even husband death,Negative 
rufustsuperfly good grief,Negative 
coionelkira really experiencing anger felt first aired get wrong impeccable story right,Negative 
ima real ya im ta beat hell outta two people isolated island,Negative 
seen similar version graphic recently think practical helpful way view grief move forward loss time right course,Negative 
rt snzrie cry frustration useful tool,Negative 
want bad negativity good vibe get know get disrespectful side,Negative 
rt timcast mental disorder illness allowed carry gun,Negative 
rt muftimenk journey life stress stay chooses leave part almighty plan keep,Negative 
nausea cramp headache stress incomplete homework anxiety im hoping fact weighted blanket mean sleep well hahahahahaha,Negative 
inglewitch thisamerlife wan na right came away feeling hopeless,Negative 
rumenaaktar good though sleeping much either moment either find twitter really frustrating day try use instagram offer level interaction,Negative 
whatever reason human love learn hard way instead asking creator instruction life found book remembrance genesis malachi tired following lunatic pagan vain practice provoke yhwh anger,Negative 
kingtejy condolence family going grief,Negative 
rt helenpgarlick brother david garlick died suicidehis body found dad st david day suicide biggest killer,Negative 
feeling lonely sampai mati,Negative 
chelsea capture plummet reach deepest part vulnerabilitydanielle rohr water fall downdepression suicide teen yosemite,Negative 
rakeemshabazz cruel forgive piece one want homeless guy probably mental illness never kick someone already fair fight adult bully worse child bully child bully usually victim bully,Negative 
rt everytime feel like struggling academically remember passed matric h xavier degree,Negative 
iamtheict week feel frustrating opinion,Negative 
rt nah scared fi lonely anymore,Negative 
rt washingtonpost sen jd vance rohio expressed frustration republican thursday senate hearing feb,Negative 
kizzyunleashed lonely straight sometimes,Negative 
let u deal frustration,Negative 
tortiecats croninstormy lilylilymaynard jessphillips kingalasmith weird say woman sign woman feel way,Negative 
watch religiously apply eye cream every night pretending make dark circle disappear stress frustration street team na ghoster gone dust,Negative 
rt raidenfamilytwt grief destruction,Negative 
rt czepeku ai art rpg sphere czepeku little thread born frustration fire beginning year updated,Negative 
timcast depends illness feel like everyone soe degree mental illness point life even situational,Negative 
hopeless girl seeking someone share feeling im fool fool love,Negative 
rt utdplug netherlands liverpool match rewatched ten hag showed player footage anger chriswheelerdm,Negative 
ctvnews role angry canadian upset pissing away tax dollar feed fly friend around world hate online line place country let u pretend justified anger,Negative 
rt pyeerk little yiiikes oof tragic moment actually obligated participate,Negative 
uptonbell feel bad family know always gambler amount advertising going right sure going swept,Negative 
dharmadooo chuckcallesto especially suddenly usually year ptsd anxiety depression someone make bold move suicide death happened night relatively speaking,Negative 
grief given aravinda de silva felixwhite go steal gold sharpie yesterday balanced special mention start last night tailenderspod live gregjames show iamdan,Negative 
rt zeezeeadetola ill point bleeding heavily n anjola n folza literally kept life hold,Negative 
tom grennan dont break heart official video via youtube scotland,Negative 
rt atreusmet grounding suffering increased inflammation stress low mood solution could closer simpler,Negative 
feel putting wall back talk nobody become numb,Negative 
rt nwsjacksonville warning strong isolated severe storm potential afternoon amp evening line storm track south across,Negative 
rt kabster chuckcallesto anyone compiled list officer committed suicide post duty,Negative 
rt godbrne grief say thing supposed supposed world,Negative 
rt sillystrver feeling soooo fucking hopeless rn dont evn know there many thing amount nothing,Negative 
also like feeling like put phone turn child walk look feed like crap amp becomes problem forced others used able hide,Negative 
rt ketocounselor americanheart accintouch discouraging people using ketogenic diet mental illness neuro,Negative 
shot tho im gon na cry look emotion,Negative 
rt hfensterman protecting must vulnerable nyc mayor adam mental health plan reduce overdose death aid people,Negative 
trauma mixed emotional instability iirc,Negative 
rt la vega parent say stray bullet killed sirarmani clark shattered went young,Negative 
rt manhoodholistic attempting combat feminine emotion masculine logic foolish loselose scenario fail make,Negative 
rt itsprettyrene dying know another btch business mental illness idgaf,Negative 
used smash ibara skull make face unrecognizable scared done even clone looked like ibara could take frustration long dead former lover,Negative 
know may come shock systemic issue nh actually arent one singular year medical student minding business back theatre maaaybe maybe take frustration xx,Negative 
there telling future ai hold question remains flaw first sentient ai sure could likely angry aggressive also insecure lonely without kin,Negative 
autisticelii well appreciate frustration wanting go doctor validity likely determined willingness live diagnosis human stress based driven habitat always error prone,Negative 
aggression anger swing frustration depression many thing manipulating,Negative 
rt theappeal los angeles county jailing people mental illness decade neglecting provide,Negative 
rt ebrahimnasreen anger kashmiri pandits bjp hindu become scapegoat kashmir kashmiri pandit,Negative 
breathing mean baby first breath speaks name god every sigh frustration despair appeal deep mere human language even atheist breath bear testimony maker final breath last time god name,Negative 
rt earlgreymylove patton aggressively throw water bottle hydrate diedrate virgil umwha duck one logan trying,Negative 
kekastan jimjordan tds legit mental illness,Negative 
rt time modern era many people stress order remove saint dr,Negative 
michellejokafor im le lonely,Negative 
fisherman lonely blue moon bidder receive clown wallet exactly hour brasilia time today,Negative 
ericyoungart lonely men unstable population impoverished marginalized isolated preyedupon woman amp child unstable mankind fuking busy serving including beating meat porn imagery done fuking job,Negative 
rt rdgraber problem establishment evangelicals theyre isolated make massive assumption isolated,Negative 
rt jamesgunn macleanw keep seeing post untrue theory recasting everyone except suicide squad,Negative 
rt got ta give credit zanjoes performance feel hurt anguish towards family well,Negative 
rt confuseddnp cw suicide since everyone watching basically gay cry already know part dan,Negative 
excuse language sure feel frustration maybe people need start standing government united state america let unite fight back obvious govt looking u,Negative 
bored exoteric isolated esoteric,Negative 
biggggggggg fucking fact allowed show yu feel bitch gone sad private,Negative 
antidepressant mad expensive ima stay depressed,Negative 
genevievebayer using mental illness sell product bridge far,Negative 
call self obsessed mental illness,Negative 
jennaellisesq tuckercarlson close able ignore trump night truly wait carlson wrote one text unidentified fox employee jan according filing hate passionately blew peter navarro today frustration actually like p,Negative 
rt lifeinunreality cope grief loss career unwell work,Negative 
rt rmdscreations ice breaker hate small talk helped make life better,Negative 
jonjustice thought mental illness could get worse prove wrong,Negative 
cousin daughter sleeping daughter passed daughter bed daughter passed couch took much bed im exhausted,Negative 
imgwendytoo commiedgurl saying laura forcibly detransitioned dont see evidence said able get hormone would make laura suicidal promoting suicide employee major social medium platform fact noone,Negative 
feel like lot shit petty fw,Negative 
rt nssforrm yun day lonely day,Negative 
rt abmnetwork bleak descriptor black metal particularly d persuasion perhaps danger redundancy,Negative 
brithume progressive dream wrapped realize hopelessly isolated alone,Negative 
rt daliahasanmd remember flawed scientific review published cochrane mislead public thinking mask work,Negative 
pro tip trouble sleeping dont take antidepressant day spend entire sunday napping fuck,Negative 
rt criccrazyjohns ellyse perry said said sorry heather knight mistake feel awful amp got,Negative 
rt skiibii prostitution called hookupjuju called kayamata bad character called mood swing long throat,Negative 
im lonely,Negative 
rt slinkyspade thread afterlife call discord random people look part,Negative 
rt buggirl far week emotion pure feminine rage,Negative 
rt whotfissim hate act cold isolated situation want loving vulnerable,Negative 
tear much anger frustration sadnessanamika mishra voicemates novelauthor love sadness voicemates,Negative 
rt deeply saddened passing away indira devi garu deepest condolence krishna garu mahesh anna family,Negative 
itsjefftiedrich need anger management badly,Negative 
rt iconictrolls alluarjun negativity fire,Negative 
opuseight really take mental illness army really follow everywhere regardless new fandom pretend belong wallahi forever sore bitter loserrrrr,Negative 
prycetheheretic rthuntnb bexfur hesanaughtyboy agreed organized religion including atheism mental illness,Negative 
sioflare hopeless girl seeking someone share feeling hit spot brain,Negative 
shotgunbonnie stayingsaneusa agree part improper advertising institution play huge role climate mental health child increasingly difficult defend child face much evil,Negative 
rt pioneer broken sad moment leaving pi network mining one day feel,Negative 
vice president writing speech good grief must want top spot bad,Negative 
rt whitesadvocate outsideness idea something inherently worthless blockchain token owned people,Negative 
may used monotherapy dysthymia minor depression,Negative 
rt jalestinian captive jamal abu sharkh killed claimed committed suicide,Negative 
shiyaarianna stuupac theconsciousrn bw caused trauma,Negative 
lonely hate,Negative 
defozg feeling lonely kh,Negative 
community feeling hopeless right year two waiting site yessica hernandez peer organizer thecoalitionsf told,Negative 
whether tuning cnn bbc get misinformed perspective event alternative medium cover human right violation mainstream medium seems ignore leave one feeling confused hopeless depressed,Negative 
feeling hopeless,Negative 
streetlamppsych sky pet grief good,Negative 
rt yourbudtevin mr beast getting canceled fuck talking people heckling reasonable,Negative 
jackturban case son told boy far le likely suffer mental illness engage risky behavior hard drug use prostitution anonymous sex commit suicide boy affirmed supported girl,Negative 
rt popcrave jenna ortega tease change wednesday season wan na horror aspect little bit get wednesday,Negative 
bcostain foxnews dope cause mental health problem ppl using dope due mental health problem taking personal responsibility one action nothing world huh,Negative 
ireneminkema ajewfromjudea bradspielman joshpactor daggerhaft fukantisemites kirkrellsworth fathermerrin yeswecat michaelbaskin scripteladora lavbaaldevarim yaakovbenraash luckymanalways ericrathorn maozsuzanne betaljuice fierceyjew tiredoftrollsuf truthrazor garybkatz gagnelaurent sonofegypt boomerangtime createyourbuzz chutzpah reminds palestinian terrorist kill parent anger go judge asks judge mercy orphan,Negative 
rightiousindgnt sensanders study proven homeschooled child lack basic academic skill poor social relationship lack accurate knowledge history belief system isolated societal influence white supremacy christian nationalism child abuse discovered,Negative 
rt happy woman day woman sparkle tired feeling hopeless feeling unloved insecure amp depressed,Negative 
religious trauma man believe god fear going hell,Negative 
know feeling hopeless tbh,Negative 
smartphones social medium destroying child mental health comment,Negative 
puggloaf animal literally develop anxiety emotional disorder well experience grief lady think emotion wrap mind around way thinking,Negative 
rt imzarvinnn think never know talk feeling talk head lot feel amp,Negative 
working day funding run vital service supporting vulnerable group listed ncishuk report suicide anyone joining dot chhcalling rishisunak suegrayco,Negative 
damnit felling lonely never got split mr probably never cant see bright way tbh looking forward rest life,Negative 
rt since left trans cult summer verge suicide almost nonstop medical abuse,Negative 
tweetraychang think say life end grief thing miss life kid think parent feel something one point another much said gain end building family,Negative 
sorry kathleen awful hopeless feeling moment sending big hug way,Negative 
frazzleberry anger concentrated little body fr even short europe make high smh,Negative 
rt wearepenna according research conducted districtcouncil around feel vulnerable said,Negative 
rt gaborgurbacs course fdic cover anything basically business practically worthless people,Negative 
dasruka vietnam isolated libya seen racist many amerifats towards mexican really would take much get virtually republican good portion democrat board,Negative 
rt karenneverland hopeless lost feeling timeline fall away feel door closing perceive loss,Negative 
exchief staff main opposition party leader rep lee jaemyung found dead thursday apparent suicide fifth death lee close aide regarding bribery allegation lee attributed death excessive investigation prosecutor,Negative 
urgwhatamess admitted tsatsii made see set meaning tsatsii made think manipulate didnt feel caused something wrong convince fault doesnt,Negative 
rt belindabuchanan lonely young man trying cope mother suicide struggle live among family never,Negative 
get headline good grief,Negative 
practically bloodshed different state yesterday feeling sudden spirit within asked know people involved dont know sacrifice required asap understood mere bloodshed manipulated one,Negative 
apni party president condoles sad waseem hussain son syed ishaq hussain bukhari dhani met tragic day amp left heavenly abode today bukhari express amp irreplaceable loss,Negative 
mood swing experiencing right crazy lol got bad as attitude right trying control,Negative 
silicon valley bank crisis left investor wondering problem isolated harbinger broader funding crunch credit market,Negative 
cnb silicon valley bank crisis left investor wondering problem isolated harbinger broader funding crunch credit market bloomberg,Negative 
timcast tricky question mental disorder illness,Negative 
rt waffiewitch tw suicide transphobia abuse eden knight trans woman forcefully detransitioned sent saudi,Negative 
rt godkingjustice yea im never going therapy cause nigga yo as crazy plus tried put u anger management,Negative 
yeah feel people still waiting list people assume nd experiencing one unpleasant completely normal human emotion selfdiagnosis dangerous individual people particular group,Negative 
funny antidepressant made almost completely numb emotion still feel horrendous gender dysphoria skull,Negative 
bro tubbo stans absolutely foaming mouth ripping hair tubbo talk skull skull mental illness,Negative 
destroy enemy make friend abraham lincoln,Negative 
feel numb,Negative 
rage fit figure anger look bad,Negative 
paralysis analysis overthinkwe may become consumed analyzing every possible outcome unable make decisionthis lead indecision missed opportunity lack progress also lead frustration anxiety selfdoubt,Negative 
mental illness go virtually undiagnosed country,Negative 
know pulling lot grief one poorly framed statistic wrap week one hot take say lol,Negative 
rt wtipod babe cave isolated million yr teaming life demon duck doom cracking open cave egg,Negative 
scottleowarrior yea worthless something obviously shut crypto bank bail make u pay bail nut think mass adoption gon na happen anytime soon fud mass adoption btc btc,Negative 
rt edgertz anxious anything every situation prayer petition thanksgiving present request,Negative 
word feel pain,Negative 
rt goniareadings water sign belief say something head lonely misunderstood,Negative 
good grief wild,Negative 
pmcdunnough see getting along anybody us term pregnant people long mental illness role playing going keep getting worse ridiculous cdc saying science dead,Negative 
good grief right cathy come home would never shown,Negative 
innate weakness human go fast people go life must never miss opportunity tell people much mean,Negative 
knowing feeling angry repressing one day ill another big break counsellor see sorry as,Negative 
fighting anger anger really work line thinking say anything love cry help respond anger compassion likely find resolution,Negative 
rt nkjemisin shit make omelas feel like six flag,Negative 
another rainy gray day hoped go sunrise sunrise earlier may cloudiest spring ever bad timing,Negative 
stop playing grow old grow old stop playing bernard shaw,Negative 
thanks concern last night drank much missed yet another coach meaning sleeping station floor stuff stop got bigger problem drinking good,Negative 
rt fouwzi unfolding somali united anger amp widespread condemnation directed col mus reckless behaviour lasaanod result,Negative 
rt marinapurkiss tip quell anger pick one tory imagine job next election,Negative 
rexwoodbury jeantwenge probably antiloitering law death mall latter isolated teen got smartphones,Negative 
miroismyhero justmindy need stop ignoring mental illness pandemic going country,Negative 
rt gremlinyibito feel like wei wuxian would say stupid chessy thing hanguang jun reply something,Negative 
time right uncomfortable trauma response simply take away,Negative 
potus secyellen look potus da bomber bomb something say whats potus longer bring end reporter exactly potus promise bring end yall evil worthless people,Negative 
im lonely girl ill tell tale,Negative 
either wake sick slow drain sort feeling,Negative 
related intresting fact sodium chemical element symbol na latin natrium atomic number soft silverywhite highly reactive metal sodium first isolated humphry davy electrolysis sodium hydrox,Negative 
cansymmetry isolated system,Negative 
suresharchit algruskin minibreakpod taking eat never sleep heart,Negative 
okayyy thats enough mental illness procrastination word day need get life together,Negative 
epidemic mental illness among many american youth happened last decade society school thinking pattern promoted psychological concept discouraged long insightful article may persuade many,Negative 
trigun simultaneously curing causing mental illness feel unwell,Negative 
rt god kabir saheb companion man whose devotion remove sorrow grief rig,Negative 
rt sentientist transgender associated abuse discrimination severe mental illness possible infertility,Negative 
rather lonely yet talkative,Negative 
anthonywapow relax fdic worthless dollar backstop worthless dollar,Negative 
jimjordan socalled potus lying banking system collapsing hope people stocked dollar worthless worth paper written,Negative 
dont like sleeping like normal person end dreaming wayy much tire,Negative 
rt dawnartworkzzz stage grief,Negative 
man jsaquella frustration rage flyer fletcher flyer fan current status team something unimaginable given history hope beginning rot finally removed,Negative 
rt neejab incredible piece colleague gabefabreau healthcare crisis frustration feel knowing hope,Negative 
lonely one worst feeling ever exist humanity,Negative 
underhanded slightly damaged hey young lonely took advantage,Negative 
hate frustration yuge difference hate resides left want u dead want justice,Negative 
rt englishfess hello eng bestie who quarter life crisis phase feel alone feel lonely,Negative 
morning talking take antidepressant sing antideppreeesaaanntsss timmmmeeee completely describe amount mental illness know,Negative 
sadly stuff like absolutely nothing leaf depressed feeling hopeless,Negative 
simmermoonie horrid sad read sincerely hope go trough everyone struggling self harm suicide please seek help go trough alone worth seek help live life,Negative 
new research characterization susceptibility nonalbicans candida isolated various clinical specimen lebanese hospital background invasive fungal infection presented challenge treatment,Negative 
dallasnews morrisreports agree court decision buy one worthless toy making unlawful role congress president,Negative 
theblackspiderm cmon b fair theyve worthless since used cia kl jfk trumpwe knew even half shit promised happen realize cock blocked congress amp swamp staff buteo bother could done w eo,Negative 
mv dropped position pls serious leave tl negativity stream mv project bb amp pris solo projectif goodits shame fdsso atleast sake ur respective fd stream mv bajao apni izat,Negative 
oceanekitty enraged nine even flinch cat anger washed nine like even nine pat head youve earned bit german chocolate cake nine gave bait,Negative 
turning challenge rebook late know ill end buti wrote ordeal hoping spare someone grief,Negative 
rt andrewagnereth giveaway lonely caravan rtlike twit comment follow join discord,Negative 
rt benedictevans strange many people think five person company stress test bank,Negative 
nonbinaryfenris even small pet show love guinea pig used get depressed lose weight id away school id close someone holding would jump mid air arm people think pet totally lack emotion loyalty insane,Negative 
rt faisalparla reason pdm government unable pick voter anger inflation,Negative 
deahq nidanews nora volkow kinda think suck worthless tho shes right,Negative 
want make lonely get get addicted,Negative 
rt dayjarich battle reminder stop stressing stop worrying stop carrying weight back,Negative 
rt davidcharts krugman bidens budget tax hike cover spending bringing deficit moderately next,Negative 
matter much money pump bank still going fail worthless company fund worthless thing produce worthless,Negative 
rt erinbiba really really want every young journalist reading feeling dejected confused hopeless look,Negative 
rt sagerdm recognition vast online neurodivergence ecosystem classical mental illness symptom,Negative 
exposing predator spent last year try get commit suicide satisfy sick fetish proven woman demonises mental illness open mentally vulnerable woman predator whose abuse society support,Negative 
would woke one day realised murderer,Negative 
isolated,Negative 
sientoooo lonely,Negative 
rt rowwyaboat showed doorstep half head grief drank much nightmare,Negative 
new mental illness dropped,Negative 
syahyahussaini lahoreqalandars ishaheenafridi issue lead pakistan bro shaheen wicket early melain tu frustate hojata look lqvsqg match much extra bcz frustration,Negative 
kindredmaximus clownworld isolated incident,Negative 
smartphones social medium destroying child mental health,Negative 
legitbrittfl sick people sad amp democrat using non sequitur justify men dressed lingerie dancing like stripper front child real harm gun real harm mental illness would think okay,Negative 
non shawolsmeuskamilia using three poster child mental health never cared beforehand like leave alone,Negative 
need opinion po,Negative 
kanwalhere kaise proof ronaldo biggest muslim follower messi muslim follower virat uae qatar speciallly tumhare desh se hi uski fan following zyada h aur tum frustration tuk tuk player fan bichare ko bda bnane ki koshis time waste krte hue,Negative 
tomorrwsyestrdy gavinnewsom feel bad could kid amp hurry amp grow normal people want kid especially since job dangerous factory job desk job,Negative 
rt foujiinsan time modern era many people stress order remove saint dr gurmeetramrahim,Negative 
tw way bitch give suicidal thought,Negative 
speaking grief ive lost mind,Negative 
rt goddesskhtinej brat control every aspect life good little atm like worthless piece shit,Negative 
rt way country get back track stop listening biden lie notice speech,Negative 
barcode definitely jeffs anchor jeff stressful situation feeling frustrated tired need hearsee code calm order find center need think barcode im,Negative 
yam mood swing day okay day horrible know day gon na,Negative 
worst desperation frustration evident language gaslighting people like gtshamajunejo many others like gotten least one pakistan killed last week,Negative 
though know much hate gon na one save u black hopeless feeling meet em end come reeling,Negative 
nice moment spend weekend week stress depression friend loveone look,Negative 
jojofromjerz went backwards obama freaked white successful black president white anger spiked course black pride spiked obama cause white reaction biggest whiny victim white racist took country away,Negative 
ice breaker hate small talk helped make life better,Negative 
plan b turmoil disappointment worry anger something often creates ounassnoonpromonontoyoutofordealhmbathandbodyhampm youhandmounascouponsivvinamshicodeonasdiscountonass open palm another people tell exist apart,Negative 
guarantee golden age year old saw singer saying ever feel hopeless search god would run search god would also understand feeling hopeless cause knew cartoon eating candy,Negative 
emotion bound sorrow answer never fade light interminably illuminate wish would resound reach way photograph clamorous dirge,Negative 
yea tho consider everyone list angel tbh one fight anger spite really based good match think,Negative 
stkirsch whole plandemic produced lot mental illness sad live life fear,Negative 
socdoneleft stillgray guy found major error inthe method study cited one year later study kind old considering methodological limitation evidence base antidepressant depression reanalysis network look,Negative 
never thought control something bad left lonely want back want thee old trying forget thing remind million thing million thing could say never rlly knew never rlly kn,Negative 
rt madhumitaroyc first sushant isolated tai chudeil family ko kaise pata hoga kaun hai kaun nehi sandeep singh exicuted,Negative 
richdatasci darnitcomics dirkaushessen claushetting stkirsch comprehension highest badge enders never claimed mvp control actively hid control control would obliterated claim main namely isolated mvp blurt stuff mouth allows,Negative 
rt orthopodreg none u want strike debt personal cost training salary,Negative 
someone feeling hopeless right keep going give worst thing give limit growth harm able change fate try decide go stay strong make proud,Negative 
le ability work even minimum wage becomes isolated especially peer pregnant busy thing abuser particularly twisted also know benefit forcing birth child,Negative 
rt lost loved one suicide today important get suicide prevention,Negative 
unfortunately playing many test year sri lanka angelo mathews voice frustration scheduling,Negative 
myth nice thing like safety gun violence many lonely put end america dangerous myth,Negative 
attack anyone different opinion completely ur choice,Negative 
rt helipandyasr fact ignored inssrcase sushant committed suicide statement servant june sushant body,Negative 
atensnut mental health issue nothing climate people like failure life want make everyone miserable,Negative 
hammersleyhomes assocmhp yet still lose hundred american every year due suicide fact country mental health system incredibly broken losing many people crack many people slipping crack,Negative 
rt badbaltictakes woman stand amid ruin looking street left st nicholas church behind,Negative 
rt nrida unemployment inflation increased many lakh pakistani left country due frustration stability,Negative 
rt one silver lining covidmania laid bare extreme greed big pharma make u wonder whether big,Negative 
txt yeonjun kai lonely boy live performance concert,Negative 
hodgetwins mental illness put bluntly,Negative 
mrvegimite sallylawry henrimcalister rchirgwin sidherian thing got difficult could get work went dole get fucked around centrelink doctor put antidepressant referred psychologist cognitive based therapy eventually ended disability,Negative 
suicidal thought everyday struggle somebody got ta die,Negative 
link brain castaway hut depot deliberately placed isolated island govern,Negative 
shehusani senator obi voter listen anyone reach stage acceptance going stage grief denial anger depression bargaining acceptance give time grieve eventually leader come table negotiate,Negative 
monicak silicon valley bank rather big bank crash problem isolated trigger problem broader range fed careful rate hike,Negative 
creepy joe whispering good grief,Negative 
ur lonely hate,Negative 
rt life worthless nigeria terrorist massacre fisherman north nigeria there international medium,Negative 
rt mv dropped position pls serious leave tl negativity stream mv project,Negative 
eadierichard emotion coming think frustrated want prove people wrong class act,Negative 
rt mariecurieuk join bereavement counsellor julia samuel obe dame sheila hancock march conversation grief,Negative 
rt yusangeth gmgn fam new drop dropped price eth lonely,Negative 
cnn good grief many time going already called bullshit pay im sure got time fraud,Negative 
sentedcruz lying ted solution idea every tweet complaining someone else policy offer nothing alternative high five voting healthcare veteran worthless,Negative 
rt dfrankfield night eerily silent horrid wind thing hear feel presence cold,Negative 
rt bscdaily hamstercoin partnership fire portal wallet world access,Negative 
insecure say want lose said ended friendship sexually abused everytime hear insecure want lose get blinded rage want scream cry run know wish could simply banish memory mind,Negative 
every time talk feel stupid cuz literally nothing talk time get idgaf vibe sitting full emotion tryna get point across smh praying go away soon,Negative 
yr tum log limit se b jada cross ho gya ho mtlab itni hdd ki article aa gya shame spread much negativityabhi b thodi shram bchi ruk jao,Negative 
amandaketchem much lately pain sleeping haha,Negative 
rt toomuchme getting flashback led anger occupy movement perception big business play,Negative 
owaizfcb yeah barca getting caught thats mental illness,Negative 
mental illness,Negative 
rt femsmicro read full story cladosporium halotolerans mushroom fungus isolated gastric system galleria mellonella,Negative 
marionawfal fed gave free money punch bowl decade enriched dumped worthless stock profitless shitcos retail investor god damn selfrespect stop cry,Negative 
shannonalma foxnews think banning gun would help mass shooting sure addressing root problem mass shooting occur rage shooter feel going go away also banning gun think creates bigger problem one trying fix,Negative 
rt alyssaqtpi beating worthless little white ball infertile like every good cuckie girl,Negative 
avaiaethegod thing keep ya negativity wan na break keep thats leave alone tho,Negative 
rt tzsmith another crazy law councilofdc else would think allowing illegal alien russian chinese,Negative 
bjp political party manager leader im feeling hopeless im desperate believer need title make change without support feel like im deranged,Negative 
dehlinmillstone dar lot time hand since last election loss shes still begging election donation bio thoughgrifters got ta grift dar nextoutrage one acting mental illness could ask donation,Negative 
sound alarmist alarming jump conclusion bottom time read whole post,Negative 
feeling extra lonely today,Negative 
libsoftiktok mental illness weird as sense want,Negative 
almost noon cherry vanilla coke coffee drinker feel feeling sad hopeless,Negative 
kennevering see isolated gave interview even,Negative 
bank failing biden tv trying keep american calm msnbc anchor morning joe talking trump care constant negativity towards trump,Negative 
good grief u considered yet,Negative 
guy music video getting affected really care stop negativity focus,Negative 
say top lonely shawty bottom crowded cyhi,Negative 
rt today time lack self confidenceamppositivity taking people life towards extreme stress saint gurmeet,Negative 
iamgrumpyartist thing u know spread negativity,Negative 
ryankrolauthor moment world born chaos anger wanted rule carling one true child born ancient sentinel must stop succeed amp dominate feed fear everyone eternity,Negative 
terrychristian zetterrafe jasonfarrellsky oligarch class exploited anger hand even power worsen lot supported fuck issue,Negative 
dinahaddie blaynegelbman assume take understand current frustration single old expired ugly lady meh instead trying woman big dick energy could married,Negative 
iv day everything canceled everyone say take mental break nothing relax day nothing week really showed life dull lonely ask much something,Negative 
ogdukeneurosurg epidural hemorrhage cause trauma,Negative 
joanofsnarc jonathanturley work government discretion weigh scale justice saying meh jury need see material number reason criminal court court public opinion concealing wrong,Negative 
rt seeing whole lotta negativity twitter today exactly want demoralized let,Negative 
couch starting feel lonely without give break go conquer world time show laziness who bos,Negative 
mmafighting know young fighter need consider jiu jitsu nothing good come fighting mma boxing get head trauma injury lucky fight career last past year fuck mma boxing jiu jitsu lot safer,Negative 
izyao feel bad bc min ppl bore wan na drop block everything nothing tho,Negative 
feeling lonely tonight,Negative 
abandon abandon everything interpret anything revenge make world experience pain grief made go,Negative 
know crazy couple week ago maybe month ago depressed felt hopeless felt would never feel better feeling better also proud asf made dark day give,Negative 
day im thing im usually bet mood swing idkbut hate though still,Negative 
rt cazbinny despite frustration bookshop friend hate certain phrase buy caz,Negative 
deathbed gon na hella lonely,Negative 
cegboy richardosman good grief,Negative 
rt foxnews greg gutfeld russell brand walked away stardom canceled cancel culture,Negative 
xomniverse citizenamedia thatjenmonroe apply gun ownership person credibly threat others result mental illness disables ability properly reason knife driving access household chemical poison etc,Negative 
good grief,Negative 
rt kavijipoet ok feel low angry grief fear anxiety depressed frustrated bereft ok feel numb know feel,Negative 
bagdmilksowhat republican party want base angry feeling hopeless control emotionally fascist come power hitler came power,Negative 
pmsimferopol chechnya jesus christ said take military threat isolation examine history context politics economics think clausewitz famous quote military action isolated thing,Negative 
rt keikokitty continued harassing eveiynisepic past month plan kill later,Negative 
rt shmarya every body type age gender religion ethnicity etc mental illness people least one period,Negative 
holisticgrenade pattrnrecognizr retrieved isolated lung tissue purportedly carrying billion said virus particle,Negative 
uinops depression via youtube,Negative 
rt ashakiiii miss person pain trauma miss genuinely happy miss excited life,Negative 
holistic depression treatment center make u unique,Negative 
rt madhumitaroyc pain misery anger happen time look within around sadhguru sushant broke barrier,Negative 
son turn day tough raising aries bro lol feel pain,Negative 
rt cindylocher remove toxin negativity self environment hz solfeggio frequency,Negative 
jennaellisesq worthless,Negative 
lost loved one suicide today important get suicide prevention school curriculum huge deal could save many life suicide everybody,Negative 
ransomware group often go name indrik spider double spider grief responsible attack uk national health service,Negative 
id rather regret thing done regret thing done lucille ball,Negative 
word express burden heart worst feeling life toendup people make feel alone,Negative 
grief leave u keep finding way get attention learnt way one suppress emotion go motion hope finding lie end road,Negative 
rt drjacobsrad trudeau inability answer simple question give impression conveying subtle untruth,Negative 
renoomokri obyezeks frustration soon make call wife harlot thinking abusing ipob,Negative 
rt jilevin nh state rep arrested altercation snow plow driver typical republican anger management issue right well,Negative 
anger frustration could poison report reignite iran protest radio free europe radio liberty,Negative 
rt scottadamssays tucker carlson say democrat whatever accuse used think,Negative 
year create art intention expressing word pandemic stuck ny away family friend march june isolated city difficult time art outlet express longing,Negative 
rt scattrbrainjane tw suicideabuse force gay trans child straight detransition kill,Negative 
feeling lost confused hopeless unwanted depressed emotion stop winning making family proud,Negative 
lonely sapphire think glitch hate player idk tho guess,Negative 
say bye bye morning neck amp back pain learn,Negative 
innate weakness human mou past oncebut game,Negative 
one always calm he feeling nervous even though general message rather sad,Negative 
rt aavishhkar waste time responding reacting hatred negativity focus work work speak,Negative 
rt rosaleeadams jonttrubek please confuse mental illness evil insulting fact mentally ill,Negative 
sexual frustration,Negative 
exhausted amp much pain amp feel well amp sleeping med work hard amp adhd med work enough amp hungry amp wan na doordash breakfast amp stay bed amp cry day get fuck amp go work amp deliver people food instead,Negative 
used personality left depression,Negative 
michaeltheiii also proof last video teaser film full diverse colour story conveys mood emotionalmost like film maker use thier advantage people rly need stop using stupid bullshit mask thier racism sexism homophobia,Negative 
would suddenly freeze middle interaction visitor movement would become jerky unnatural could feel frustration building inside taken unseen force,Negative 
om shanti hibiscus bouquet prayer kaushik family time grief,Negative 
thesaem think spoke anger,Negative 
rt thxaquino fisherman lonely blue moon bidder receive clown wallet exactly hour brasilia,Negative 
rt fact martin luther king died year old autopsy found actually heart stress,Negative 
rt sokitomi many nt resident disgusted footage sadly isolated incident alice,Negative 
feel frustration mess,Negative 
alone lonely,Negative 
fr baby leaving today finna lonely night,Negative 
phone cautioned felt much controlling left came one morning without usual sleeping clothes swollen eye he robbed felt guilty told wait behind work could fix dinner,Negative 
lonely hate im sorry jaded,Negative 
rt leeandersonmp ill ask look graph adolescent suicide tell happened,Negative 
many ancestor confined lunatic asylum suffered mental health problem here uncover story,Negative 
one blaming directing anger towards sm common sense critical thinking would know frustration never terrible sorry excuse company start policing others feel,Negative 
tory earning nasty name tottenham surprise campaign marked negativity hostility resulting vote,Negative 
feeling bunch shit go viking today,Negative 
take look dance movement psychotherapy open taster group suffer mental health know someone come along group open anyone,Negative 
stkirsch mental illness,Negative 
mood swing annoying,Negative 
tell hand useless worthless left winger,Negative 
rt aelinngg suicide postponed,Negative 
finally sitting desk vent frustration,Negative 
rt afrosouthi adult spending weekend alone ur mental health,Negative 
meljomur blackislepmd true know like channel even darren one sided issue humza given grief ask candidate question unfair amp illiberal,Negative 
tried killing lockdown mental health time low okay hun,Negative 
deirgvanstein mlive suggesting mental illness existed century god would thought guess blame climate change,Negative 
happycrazytown rondesantisfl spoken like true socialist clue shes talking jaded factless opinion worthless,Negative 
rt karoromitchelle spend rest trapped sneaky link culture want date flower affection,Negative 
story grief grieving poignant well written,Negative 
hate feeling like letting people get read update week grueling,Negative 
mood swing coming hot ruin day,Negative 
always waking trauma day one bad news phone call yesterday damn nightmare today hospital charging card kill,Negative 
sorry text back bc mental illness,Negative 
one base choice love anger hate silly feeling cloud mind,Negative 
rt zubymusic right increasingly adopting permanent negativity victim mentality random hostility made left,Negative 
rt guy tiktok said superpower childhood trauma within minute meeting someone tell,Negative 
markmaycot toknsquirrel feel frustration,Negative 
today cry something sad happen cry feel lonely,Negative 
rt democrat give outrageous behavior determine normalize whatevers drug,Negative 
hospital cause cant swallow pill really might torn esophagus tryna take antidepressant,Negative 
hopeless far got bad feeling min extra time though,Negative 
itguyangry stillgray think grifter looking supply make shit ton money mental illness child desperation parent,Negative 
valvibrant bloody right hell yes think every free thinking anticommunist feeling anger frustration gop want lob testosterone grenade grow pair,Negative 
thank also know need help need grief counselor prior herbhysbanss death totally different u angry dying interstate he gone tell amp directing anger,Negative 
rt slippyslapperz mental health activism lack practicality bunch people saying mental health important twitter,Negative 
dannynicoleluna working obsessing sleeping far much,Negative 
ignorance familiarity blind u cyclical nature negativity seems cancerous addiction contagious infection caught unaware laugh seed positivity,Negative 
bigo host get gagged bank collapse direct deposit worthless money disappear one payday like thief night bank tell nothing sitting back watching sht show popcorn,Negative 
rt laurenjcoates star trek beyond losing best makeup suicide squad one worst oscar decision ever,Negative 
themoviebob correct play according biology nobody saying thing mental health challenge affecting youth answer lie ruin woman sport,Negative 
gaymergaymo reality scared lonely want someone hold,Negative 
bbisimwa much panic rwandapeople sleeping morethey convinced time getting near rwandan would die deadly war drc prophesied magayane year agoall sign fulfilledkabarebe trying control situation,Negative 
perhaps state country result negativity whatever whoever reaping sown nature way telling somethings wrong nature way spirit,Negative 
klumpshtein would say pull money worthless point,Negative 
rt proverb say wake sleeping tiger meaning provoke someone angerif provoke,Negative 
suedoeskelowna normal feel anger frustration u look someone face comment melaniejoly intimidation make want fight know still like get punch,Negative 
feel sorry single person gave money,Negative 
rt falkirkhscp quitting smoking benefit mental health reducing stress anxiety,Negative 
rt zacsmall deafening silence faded amp noise traffic smell smoke feeling broken glass shirt returned,Negative 
rt doniamedhatt young stress,Negative 
nickcharlie scared lonely body losing mind reason holding tonight cause scared lonely,Negative 
kimberwren pay attention eye witness account philip anderson expert witness say regard lila morris use force fear anger human emotion officer law morris still need held accountable,Negative 
even though woman consistently experience higher rate mental illness every study ever seen liberal unhealthy way thinking liberal men risk mental illness conservative woman leftism diagnosable,Negative 
theblackspiderm mental illness,Negative 
markjperry worthless apology,Negative 
rt wealthfulmind feeling hopeless read,Negative 
rt zeenewnu damn adding another unnecessary stress znn stapphh,Negative 
rt mazdys thechiefnerd seibtnaomi virus ever isolated hoax alike bank climate change dinosaur,Negative 
dcbmep already negativity circulation prior budget theyre leaving good bit give next year hence polling,Negative 
say im depressed anxious saying im clinically depressed qwq diagnosed dysthymia new term persistent depressive disorder pdd,Negative 
goalnews point match still kicking bottle match due loss impact frustration messi chant lol,Negative 
rt kukudabulamafu gay dying suicide young age cause feel home think,Negative 
joemrobinson jeremyinakron cookedbydevy mysportsupdate uh absolutely correct string perpetuity fully paid willing bite bullet write worthless check continually add void,Negative 
leant people much young look im mess opened people tend feel lonely often,Negative 
rt manipulation make feel hopeless prospect trumpbeing indicted facingjustice,Negative 
ur spitting fear recovers realize worthless parasite type throw abuse stranger make feel bad fail leave rot everyone forgets wish best ur abuser,Negative 
mineurmineure arronbanks yes clarify leave campaign went never feared country europe many people wanted run away fear lead anger anger lead hate remain always patriotic option,Negative 
libsoftiktok existing spreading perpetuating mental illness,Negative 
leafdebrief wrinnchris speaking reversed follows im starting feel lonely figrinc done ol followunfollow marketing trick wonder okay,Negative 
voice came sigh blended sort emotion grief frustration pain irritation seemed fit yet none enough,Negative 
amazing surprise left america claim support mental health problem problem putting person mental health problem prison year actual murderer claim insanity walk away hypocrisy,Negative 
screammovies paramountpics courteneycox hiradiosilence want put spoiler disappointed opening gale big moment standouts found missing feel first film hate expecting based overhyped praise merely fine,Negative 
commiedgurl correct pushed ideology child complain trans kid commit suicide historically happen queer theory became mainstream,Negative 
rt political suicide apctinubu government sideline north west south south officialabat please,Negative 
stage grief losing pet,Negative 
lfrfamily jamesclarkii believe small amount people hate believe narrativethats curiosity since made point im literally talk stranger ask question feel racism high narrative,Negative 
im hitting frustration ceiling playing marvel snap bcs meta feel boring right bcs shuri red skull thanos list,Negative 
feeling low visit talking space erdington without appointment today sunday info talking space,Negative 
rt feeling hopeless remember people bachelor,Negative 
akamkevin garylineker bbcpaddy think managed much awareness anger rw bbc people got away past would want put straight jacket private life,Negative 
citclassroom tnd good grief drama queen,Negative 
feeling hopeless finally get letter next step painspinalan appointmentin decemberby phone thatll five year nearly going circle get offered quick call,Negative 
spectator big pharma cashing inagain say lead normal life function properly without antidepressant genetic illness quite severe however far many people wrongly prescribed drug bc unhappy unhappy depressed,Negative 
stage grief losing pet,Negative 
rt fiimgal horrible heart break trying job one ever worry,Negative 
michcoll would need ass older lost balance person manner latter prefer good long passive aggressive stare open mouth frustration filter much lower,Negative 
rt maramarinara everyone act like mental health advocate someone struggling moodpersonality disorder moment,Negative 
want live rather want live pain turning skin inside,Negative 
netherrealm wbgames number small clear player dont want always online returning single player hope late like doomed doa always online suicide squad kill justice league,Negative 
dailyexpress cut slack obvious suffering mental health due childbirth welcome live palace believe,Negative 
feeling lonely cause enough missing ever since fallen love,Negative 
jayarsht far would bijan drop draft top qb make sense opinion bijans profile elite matter,Negative 
rt cryseldaaa meant lonely whole life,Negative 
lonely,Negative 
country control ever right wing good grief,Negative 
believe ten character instantly filled much anger,Negative 
frustration bear bull get used spy e,Negative 
suicide selfish suicide normally death caused illness depression final symptom final collapse unbearable weight suicide tragedy never close edge try judge understand,Negative 
woke heavy blanket grief feeling angry pain put one help carry,Negative 
hazmatmike chuckcallesto well mueller said take course svb bank worthless irrelevant mueller lost credibility,Negative 
rt vice president writing speech good grief must want top spot bad,Negative 
timcast yes obviously yes government able tell mental illness surrender weapon unless actually committed crime reason punished,Negative 
always use anger advantage mad go gym sweat,Negative 
move closer pinky im lonely,Negative 
irohitr many thanks sir today dna eye opener every anti indian selfish opposition leader isolated completely true indian voter true indian voter vote anti indian selfish leader,Negative 
yeah also anger bitterness resentment,Negative 
tomhiggnbotham bigdongdesantis dumping hour video nothing muddy water public opinion reason one mccarthy side deal speakership change outcome one criminal case already access continue please,Negative 
overstand experience emotion experience soul take regardless good bad always going happen way time different said,Negative 
younestalks yeah view impatient mgr merrygoround mob sound familiar ever think maybe maybe since first time week twitter spewing negativity also getting levelheaded portion fanbase back spin,Negative 
siegekova docsocksomaha proved point comment trans mental illness,Negative 
redbullracing jesus christ frustration almost feel pitty lewis instead behaves like sportsman,Negative 
u lonely come lonely,Negative 
rt exespamton mental illness damned bigshot,Negative 
feeling depressed here thing could try,Negative 
thought last u season nearly enough infected kind make immunity seem worthless also quiet rage ending finale kinda sucked character joel show game hopefully next season done better,Negative 
rt dararamie trauma beatbox era still,Negative 
rt mxzenith fonda went several radio show protest war asked pilot stop bombing innocent village,Negative 
play professor layton feel unimaginable frustration puzzle dude phoned giggling thinking pain would cause,Negative 
mental illness lonely got acting wild checking,Negative 
joonieisreal even remind people mental health something taken lightly joke around disgusting understand sad thay people real justify there need honestly,Negative 
rt accusing jeffrey marsh grooming child patreon jeffrey patreon paid platform talk,Negative 
isolated incident flaw u guy taking advantage stand look pretty straightforward cheating,Negative 
miseleccionmx look u worthless bastard,Negative 
marieannuk started clamorous campaign denunciation call nazi atrocity anyone visit germany quickly discovers consists merely isolated act violence right wing propaganda always minimises violence,Negative 
funny make fun ivy league university exact reason theoretical conceptual work credible worthless idiot perpetrate side whats wrong clearly indoctrination education,Negative 
sparkle depression trauma mental illness sparkle,Negative 
got high yesterday rethinking entire existence point deleted instagram post kinda feel like dumbass,Negative 
alphanewsmn since mayor carter installed st paul seen crime le cop trash abandon car pot hole worthless bike path le one percent city us every year raise property tax lower maintenance budget,Negative 
libsoftiktok mental illness,Negative 
ele diz que ama ma idai one direction já disse air ran started running wild sky fell youve got star theyre eye ive got something missing tonight feeling king beside,Negative 
mralmonded larissaphillip eblireads mrscoachbongo thinkreadhq jetadonovan maus dark storyline tortured relationshipsmental illness mother really rattle,Negative 
feeling hopeless,Negative 
first weekend sxsw attendee want aware forecast potential isolated shower early friday,Negative 
tedtrembley aclu love people born wrong body gd debilitating mental disorder coupled often severe mental illness taking drug surgery cure mental disorder give temporary euphoria,Negative 
rt jensiphone kid grow narcissist tend suffer child amp adult anxiety depression low selfesteem,Negative 
rt take feeling bad start wonder whats going,Negative 
isaacdovere kalpenn thedailyshow worthless word support important congress w gqp never pas legislation protect trans kid gqp problem need doj executive action,Negative 
rt hnfrontpage smartphones social medium destroying child mental health l c,Negative 
jenichappelle wayward child x inkheart death grandfather teenage writer grief threatens drown however wake fictional kingdom realizes rogue prince considers best danger disappearing forever,Negative 
joke dont feel used mental illness ruin everything gusto mag recover always triggered,Negative 
alemzadehc promised btc crash told worthless crypto worthless,Negative 
worry tell get antidepressant thinking chamisa winning bad new,Negative 
steal post cause exactly feel spot squad full like come team let real,Negative 
barstoolsports mental illness mainstream,Negative 
stress dream trying install linux,Negative 
great griefthe son lucy return combat mission near terrible battle guy wounded diedhe neither among living among deadwe believe dima alivewe need prayersfriends,Negative 
made mr mark max maddy god bet think worthless worm,Negative 
rt folastag mental health shamble woke many day serious anxiety panic attack co amidst,Negative 
mattwalshblog step kid color would break heart causally calling parent racist cbs worst thing called society today racist accusing parent scum bag,Negative 
rt sallieborrink dowdedward productivity also jabbed demoralized everything broken amp impacting,Negative 
rt ladylo stress literally kill prioritize mental health,Negative 
everyone see ever see posting depressing shit im probably mood swing im likely overreacting catstrophizing feeling cause thats feel,Negative 
feel like person post office already hate coming package still hundred maybe go different post office every time shhdbsmsm,Negative 
decision reopen san bernardino mountain road draw mostly anger,Negative 
mental illness,Negative 
rt suicide never answer pet miss,Negative 
rt mrctv kamala harris think kid struggle climate mental health stress actually work instead,Negative 
rt phuwintang ppnaravit trans p shall remember day mhod wang feeling hopeless still,Negative 
hoorsheikhfiza ashoswai worry nothing anyone except behave anyone wash one linen whining venting frustration abroad one fight within india carry people india along,Negative 
dear annie man offer word comfort child grieving loss stepfather,Negative 
poem dream innate weakness human,Negative 
dionapollo yeshowever move move move trading kuz hield kuz thought done deal bron w leverage upcoming free agency ad came wanting rus rob deserves grief ultimately made deal get blame imo,Negative 
need let hair feeling neck shit last couple day,Negative 
sjosephburns recent stress test shine spotlight decentralized option inherent reliance crypto framework centralized body however industry still continues power enabling selfcustody asset amp,Negative 
grief suck ed triggered emotion suck basically kept single meal since monday barely keep liquid,Negative 
get relationship loneliness end lonely promise,Negative 
rt closedvery im alone lonely there different,Negative 
rt kemimarie state exist opinion arkansas north dakota pennsylvania cause wtf delaware maine misery,Negative 
subscribe ideological label second express slightly differing opinion attacked relentlessly,Negative 
rt atinygreencell second streak plate glowy bug got well isolated colony away nonglowy straggler,Negative 
ygxiaofu mourn hard life chinese still ccp anger heinous crime ccp lord wake chinese belief ccp lord open eye eradicate ccp restore earth harmonious face society prayer name christ amen,Negative 
rt another husband committed suicide due wife adultery kavaljit singh branch manager kotak mahindra,Negative 
rt shrutikinkelram spirit normalizing rejection wanted share resubmission discussed nhlbi,Negative 
texas law force year rpe victim kid man rped sht sister amp mother worse afghanistan anywhere else,Negative 
deathpanel yesallcrops sultanreina appreciated episode feeling bit hopeless third infection difficult really knowing got covid ill time co dysfunctional immune system long covid,Negative 
rt lymanstoneky old conservative men diagnosed mental illness young liberal woman knew,Negative 
put john axon pet llama work wizard money mango feeling hopeless,Negative 
moodfluffy meanchillin swing habitat need always met dont worry nothing probably pretty nicereally,Negative 
rt uberfacts spending much time homework lead depression,Negative 
julietslurking orwellngoode anger emotion,Negative 
create story brand product critical talk whatsapp getting enough quality lead converting,Negative 
thing sleeping much stressed,Negative 
silicon valley bank crisis left investor wondering problem isolated harbinger broader funding crunch credit market via technology,Negative 
vulnerable enough ugly cry front man love feel shame weakness feeling like thank god allowing break wall,Negative 
rt chasing drama ignoring negativity best therapy could seek,Negative 
herbeinghearty think spread negativity sumbul show hit kritika fahmaan chemistry,Negative 
good grief,Negative 
rt kingwoodkitty leannthemuse ran marlargo kissed master ring worthless speaker sold,Negative 
jjhvtv pippappip bantughost thing ive taken exception racism claim im european feel like get confused sometimes u ppl call thing racist rly w race,Negative 
thechiefnerd mdbreathe oh word sorry grief loss immeasurable amp add horrific,Negative 
alone time loneliness overtake surrounded others still feel lonely treat loneliness like poison poison make medicine healing solitude,Negative 
liquidsloshalot chrisbeach jdegoes fsvehla curiouscorn defending presenter sexist comment appropriate given professional circumstance eventually vented frustration aggressor used blame victim,Negative 
sometimes even seeing receiving negativity make feel negative emotion matter say also lot time complain even decent response,Negative 
mayeragain gary word inappropriate seriousness happened hitler germany abomination abomination happening illegal boat fighting age mainly muslim men word could fuel anger amp unrest,Negative 
defines determines mental illness right self defense inherent collision,Negative 
chandreyej harshiny netflix doubt answer grief,Negative 
pastormontmc step away computer step away phone electronic device acknowledging anger okay feel emotion important step make emotionally physically verbally nonviolent choice work thru,Negative 
asoka lonely shopping mall earlier dont ask need mari,Negative 
sudeepskhare dear isolated incident tip iceberg domestic violence day day life sexual harassment holy real way cholo thik hai apna apna soch hai,Negative 
pray anger never get grip extent,Negative 
rt drclairetaylor thank dr taylor society still conflates invisible illness laziness visibly,Negative 
frustration building every single day,Negative 
theory narcissistic mental illness contagious exactly like led january riot seen psychiatrist say contagious rather effect satellite thinking around narcissist behavioral outcome however,Negative 
repepps injection site suicide installment plan enabling junky get high lead death shame george soros get money briefcase drop,Negative 
rt crypto one risk short seller journalist mistaking money laundering regular financial fraud,Negative 
rt adabearart mener feel sad terfs seem think feminism declaring everything penis,Negative 
rt tobilamas important place earth lost find way feeling hopeless,Negative 
rt sircantus getting killed techno wilbur tommy getting swept grief anger go bring world,Negative 
betimyourfav anger issue lately bothered look even though could cause problem like say child losing life would cost money asked trying keep calm,Negative 
tkonsola tharami got ta buy dip thats right whaaat stock worthless,Negative 
rt kvitkahae sad dampe show ending lost emotion donghae drama hoping see talking,Negative 
speer policy manager explains residential small commercial heating amp cooling drive peak demand period efficient hvac system would reduce stress grid consumer utility bill,Negative 
islamophobia canada four mindset indicate negativity nationwide intense quebec,Negative 
okay pure coding w minimal frustration understand everything,Negative 
rt joshcarlosjosh wake personal grief revisited frodo sam struggle wounding loss grief end,Negative 
itsthedr one example rampant mental illness allowed roam looking release forget act need mental health protection,Negative 
stankutcher youre literally sick head someone suicidal seek suicide stopped stop,Negative 
rt sunnysangwan gm two thought head weekend stay open possibility put box lonely,Negative 
someone mentally abused,Negative 
psychogenic may also arise traumatic experience grief breakup relationship,Negative 
rt yusangeth gmgn fam new drop dropped price eth lonely,Negative 
lightsupforme mental illness thank god got part fandom literally insane way talk interact traumatized,Negative 
fuck im going wait anything feel dizzy stupid want go home,Negative 
via business fee millennium added quite management fee charged traditional count fund highwater mark,Negative 
oh good grief year flying past,Negative 
rt jonathanshedler difference stress amp anxiety stress building contractor show leaf hanging,Negative 
see futility movement even communicate anger native language people country know useless make language tool communication keep speaking english guy future,Negative 
innate weakness human person think unforgettable memoriesmaybe someone else already forgotten,Negative 
pumping quickly bottom people realizing want sideline worthless fiat,Negative 
rt worthless useless criminal appointed fraud bill barr notto dateinterviewed one person,Negative 
lesleyabravanel he propagandist monumental size quality man lived long ago died bunker self inflicted wound take put desantis belongs deserving prison fortress isolated island crime,Negative 
rt flatbellyceo wan na use trauma reason get pas shitty person,Negative 
cb mood swing acting bad istg,Negative 
rt remember obama let bank go crazy selling worthless mortgage grade investment destroying million,Negative 
rt patrioticpizzas stress strongly enough fuck jill biden,Negative 
attention foundation learning emotion inability find flow produce cognitive fatigue hightend arousal level leading increased physiological neurological cognitive stress along rigid body impulsive behaviour atworkfilms divideclass,Negative 
told almost portland neighborhood watershed group gov water testing arm start nonprofit independent water quality testing woof okay wrong guess good grief sure running ngo,Negative 
housegop gop failed find even one scientist could prove cleavage site highlighted committee produced lab disprove optimized rbd amp polybasic cleavage site found related coronaviruses nature,Negative 
rt drunkjournalist ani guy lose ministership involvement corruption case hindu committed suicide,Negative 
shut clear twist anything get way way threw face manipulative instead saying assaulted sexually said youre making fun rape victim foul uncouth using trauma way feel,Negative 
frustration nothing lost,Negative 
rt hanifkureishi sometimes sexuality become degraded attempt render worthless mechanical functional rather,Negative 
earlier complained picking shift tonight agreed picking double instead mental illness tell ya,Negative 
stack book glass wine rick james record sight zoom meeting call lockdown subject visual essay arcdku scholar tim hossler capturing early sometimes lonely day home,Negative 
rt nhsproviders stress anxiety depression common reason staff absence nh accounting day,Negative 
physical illness mental weakness direct correlation apart thing illness brings negativity,Negative 
must learn channel emotion may feel emotion depression emotion failure emotion hate emotion laziness accept feeling diagnosis must cherish feeling channel motivation,Negative 
rt probably best study estimating trans suicide rate least among trans referred gender clinic,Negative 
contagion direct consequence biden print spend economy isolated bank holding lot devalued treasury huge loss everyone,Negative 
really made laugh poor dad covid isolated mum waiting hand foot plan cancelled etc even posted pic test result stick family guess one u noticed reading wrong,Negative 
people saying printer brrr crap jfc print hard u dollar lose reserve currency status u able pay debt debt usd become worthless,Negative 
let object negative emotion people around ounassnoonpromonontoyoutofordealhmbathandbodyhampm youhandmounascouponsivvinamshicodeonasdiscountonass god destroy root,Negative 
lonely,Negative 
rt mimintnim charan childhood trauma chapter every sound still stuck ear memory past,Negative 
rt meloswift weakness weakness mood swing although good mood time recently people around,Negative 
im sleeping early cause always headache got dizzy using phone much tt,Negative 
rt bpdnymph everyone like mental health matter show ugly symptom mental illness sad,Negative 
rt every day feel leave twitter due much negativity realise,Negative 
gamermoops nigga lonely,Negative 
rt foxnews russell brand canceled cancel culture woke education fox news opinion,Negative 
cried lot work bf told ill soon work dope shop true fuck feel drained hopeless take feeling way year half longer,Negative 
cause im confused together feel like im choking emotion know im gon na let hold breath bittersweet mouth stomach doubt wish could say im feeling im scared let word,Negative 
chaos order enemy opposite richard garriott,Negative 
softlilpurin yeah im always worried okay im way influencing bad way get lonely im okay long okay,Negative 
hearing lot isolated incident there contagion risk sivb dont know true know market much disagrees morning low regional bank kre pace largest weekly loss history oct,Negative 
belting miley new song emotion fresh heartbreak dog,Negative 
rt economeager pandemic make people never adverse mental health reaction mental illness,Negative 
twentyeight isolated community hawkes bay relying defence force supply unimogs amp helicopter almost month cyclone gabrielle reconnecting cutoff community priority hawkes bay,Negative 
great seeing riker command titan frakes killing monologue grief loss best work he ever done tractor beamasteroid maneuver pefrection,Negative 
rt alexandrinelat worldsbeyondpod definitely suvi nerd energy fear authority deeply relatable also rough year,Negative 
christ really need get mental health checked problem good one nonexistent live bad experience first visit public hospital psychiatrist,Negative 
need someone talk dont face aloneaayhf help call contactusaayhforg information,Negative 
dawsonmyrna alone dawsonmyrna feel like know system want u feel exhausted feeling hopeless going stop create better way world based every day,Negative 
kamalkendricks understand frustration amp apologize inconvenience unfortunately route operating delay due operator unavailability jr,Negative 
peterson suck hot shit there lot stuff point say hey man worthless scum without laughing addiction dunno keep conversation come mocking medical condition body type people like,Negative 
bat kogarei k winter break know least go home break get sick sleeping coffin much r oh could doggy concerned doggy always act harsh actually nice,Negative 
saidlove deep let destruction innate weakness human,Negative 
say lonely top check view tho eye,Negative 
time bad real entrepreneur emerge robert kiyosaki,Negative 
nothing grows anger mother said died wanda thought wrong something growing,Negative 
stop allowing news contaminate thinking allow negativity take root head microphone fire crown,Negative 
timesnow thenewshour dekameghna frustration made pappu gandhi say europe u silent democracy destroyed india modi patriotic people india rejected pappu gandhi party congress double talk treacherous politics,Negative 
foxnews climate mental illness,Negative 
rt elnyason im tired hearing inec refused allow lp access election material whats way forward inec feel,Negative 
rt angelzblossomz worthless prick almost fell unfollowed stupid situation lie af im,Negative 
rt mhairihunter unreal mean anyone taking david attenborough lose court public opinion,Negative 
zakjacwx youd think little pink would pop northernmost part higher elevation probably gon na isolated,Negative 
weathertrackus remember hear isolated power area snow collecting water collapse roof,Negative 
rt manageishu life short stress people even deserve issue life,Negative 
matter frustration making behave like senseless wild animal live show,Negative 
closest thing spiritual experience anymore mocha frappe mcdonaldslaura lord wake womancheap depression grief love spiritual,Negative 
mention fact animal abused think something laugh find pleasure meme good grief basic inhumanity wonder jennaellis way abuse human first recognized abuse animal fact,Negative 
ttombarness goal marcusrashford mosalah next month isolated mean helmet,Negative 
spiraling ashaestus well agree almost every person u gun world forbidden gun trans people mental illness forbidden gun eople problem impulse control angry problem depressed people monitored etc,Negative 
rt nugzlightyear express frustration enough fucking customer put money damn counter like right,Negative 
anger rise think pizza,Negative 
lvl aap rocky guillotine destroy lonely made want produce music,Negative 
macarms good grief really trying make orbees shooter dangerous,Negative 
hannah arendt power come men acting together acting concert isolated men powerless definition isolation impotence fundamental inability act always characteristic isolation impasse men,Negative 
overcome anxiety online counseling online mindfulness therapy via skype contact learn see,Negative 
tejapk frustration lo unnadu,Negative 
rt apology kc really went kc yesterday feel wrong let,Negative 
lonely top nb lonely baby,Negative 
numberless world wonder none wonderful man sophocles,Negative 
freddiekraft everyone stop eating martinsvilleswy hotdog possible risk choking stop avoiding risk b nobody go trying get hurt nobody gave erik jones grief kp charity ride live life man let chase live,Negative 
rt beachboysammy deeleftmom mollyploofkins many suffer dysthymia low grade state depression untreated,Negative 
satoru sound like mental illness,Negative 
rt thats create drama either go go anxiety sadness stress poor amber,Negative 
weird self aware still self sabotage like setting kitchen fire make purpose,Negative 
sarangmazeu bby im sorry making u feel way,Negative 
secupp part tribal mob redblue yankeesredsox golferscouchers elitesdeplorables need feel human every decision make driven large extent need belong dont ascribe value ideal something human,Negative 
rt corysius leg since gone numb chaos,Negative 
gracebimbo toyinjaz optixbaba chicasa decide break frustration,Negative 
psychiatry stage anger yeets sysiphys boulder bunch sissy blow raspberry fart general direction tongue,Negative 
rt widower stéphane voirin wife agnes lassalle killed year old student february husband could,Negative 
finecd clhubes bbcworld third isolating scary stressful lonely even benefit load parenting experience course gladly isolated masked amp vaxxed keep ampother safe denying trauma new parent cruel smug,Negative 
rt garylegum speaking joke crack anger irresponsible tech idiot whiny libertarian think,Negative 
potus debt problem mr president manage monstrosity dont want debt laden leveraged people beholdenonce againto chinese reelz tho good grief must vigilant debtsand cover asset,Negative 
feeling mildly sick run mean need po boy,Negative 
rt infrahaz russophobia mental illness,Negative 
yes thing happened even rare isolated incident unacceptable job certainly part country shown reality,Negative 
rt simonekpa ejiofor madubugwu benjamin aware sent ds killer go native doctor,Negative 
esme walked path grief defeated troop chain mail broken frayed looked behind found sit river,Negative 
know could overcome issue day since really proper meal kept throwing whatever know stress body acting,Negative 
rt wangamatt turning negativity year,Negative 
rt emtukur cashless slowly teaching people rowa randomly give needy stress transferring,Negative 
pulitzer prizewinning poet writer sylvia plath grew attending unitarian church later identified agnostic humanist sadly suffered deep depression life committed suicide age,Negative 
way lot people depressed feeling hopeless pandemic,Negative 
rt wizkhalifa feel pressure top done keep adding staying authentic life,Negative 
rt dizzy obey rule submit watch soul must give,Negative 
isolated subject laura siscoe wonder force might conspiring produce sense disconnection,Negative 
amazonhelp sharing order still le dangerous customer experience frustration amazon provides,Negative 
rt psychscientists get eco people getting frustrated isolated drill many goood evidence based reason,Negative 
rt farahrosesmith life update written page thesis due month rejected english phd,Negative 
catchup yesterday lovely let pas lip burn grief glow drop pure water abyss dark filled weed soul lit like old church show die spring odysseus elytis,Negative 
telling poster sad movie emotion feel sadness radiating,Negative 
rt fscarfe alcohol major risk factor breast cancer heart,Negative 
nssforrm yun day lonely day indigo timeless legacy indigo indigo seedling,Negative 
modiadaniin utkarshhhhh sidharthmemer askanshul take ur sick frustration modi timeline kid go comment section linking nehru bãrkîng help ū,Negative 
woke feeling hate happens,Negative 
emperipolisis many sign language staff quit total frustration honestly feel awful,Negative 
progressanyone autism mental illness,Negative 
jakesucky funniest thing whole thing clash award meaningless shit streamer stroking ego need serious argument deserving angerhate needed wrong people,Negative 
live first mental health saturday gon na vibe halla cyberpunk bartender action talk something struggle dysthymia link,Negative 
graaffiti zeehatun sasuke sharingan basic taijutsu sharingan suicide stop,Negative 
comet larger grown snowflake isolated snowflake thousand million year four half mile across,Negative 
tired everyday stop even thing make calm anxiety think antidepressant important part also dont want stop taking cause feel le miserable,Negative 
mtgreenee reported isolated fabrication truth pleaded guilty,Negative 
rt credit suisse worthless next one fall,Negative 
fuliofiove right need want want punch enjolras grumbled took sip chocolate make shut marius need deal frustration top everything,Negative 
normal natural feel anger live illness,Negative 
whoever matter lonely world offer imagination mary oliver,Negative 
sky falling 威尼斯 time tames strongest grief,Negative 
support thesis collapse western order u produce artillery shell sufficient number lack necessary chemical industry u banking system collapsing u totally worthless need,Negative 
nextnigeriapre kazeemoha av ended constituting nuisance desperation must win election lose u adopt tribal religion sentiment apc rely competence simple majority obidiots go commit suicide said,Negative 
aliarqam ever wondered might clinical depression persistent grief last long usually go away month sound like dysthymia persistent depression duration,Negative 
nineteenntynin michaeljknowles true thing including attacking masculinity trend seems increased depression suicide increase drift conservative value,Negative 
mmatrill stanleyutf obviously croc walk park fuck reason feel like,Negative 
worth dollar dollar worthless,Negative 
making shit believing mental illness,Negative 
try tweet anger frustration daughter tell calm get mad upset use well expect lose niner,Negative 
lonely ccc,Negative 
rt kurupting swear go stage grief every time sit traffic,Negative 
fact seriously understand double standard sleeping around sex telling much talking saying shit talk really friend family oblivious reality,Negative 
hate period mood swing,Negative 
goin lie caught mood swing low key driving,Negative 
im getting fuxking dizzy ive much coffee back hurt chest hurt still need history sleeping could br age started annotating today wake god thing school,Negative 
good grief answer extremely isolated occurrence germany advocate putting gun germany street catch u incident regular occurrence,Negative 
here thing every time get lost train thought case would enjoy lost getting got whole world hand desperate searching way leading sometimes unbearable frustration,Negative 
originalgoalie wigovpr mamiewhiteesq usainthergv ruxcytbl gthonks afreequeen docdeezwhat tyefiam kevinoler julienonumbers katgirlsc vincegottalotta thelandomatic bconnectedj realwmgclark marvinrjeffcoat lavenlarose tshadowknow drericreyes itisjustmebabe bombaybadboy rhondasentance texasredvet sydreflux speakeraoc sportsprincess namelessghoultx stormydaniels would love hear brians wife think marriage possibly hide anger amp hostility,Negative 
keep bouncing depression stage anger stage grief,Negative 
drjohnaquino ok course mental health spent year post med school training treating mental illness course forgot traditional chinese medicine course seriously,Negative 
rt katiebevano tweet feel like risky text likely post swiftly come phone week stuck bed ill,Negative 
rt grizzlykayz bayern munich football club bunch men anger issue,Negative 
clownworld mental illness,Negative 
lawsuit inmate history mental illness denied medication death live news wcsc,Negative 
rt chichikoech describe nation tribe tribal entity insult ethnic diversity anyway tribal,Negative 
juliemaexart literally pissed second away ranting humanity animal id ego superego got frustration gym already today,Negative 
robbingham ron rampr drink coffee every day done since observation going around people isolated sad,Negative 
rt gemsofindology teen died norway year ago reconstruction using computer,Negative 
rt websitesbynancy shes busy bothered factsgood grief example defaming witness,Negative 
therealjubes dustyxmitchell many people feeling hopelesshelpless face ever increasing economic impossibility social hostility lead people bad shit people community got ta better rock damn system,Negative 
rt opkrismarg staff isolated denied anywhere go concern brutal,Negative 
pancho villa infamous attack columbus nm general john j pershing launched punitive expedition pancho villa expedition northern mexico time another punitive expedition northern mexico,Negative 
nigelfarage garylineker opinion unlike talk hate time,Negative 
feeling little hopeless project interrogates relationship classicism today rejected,Negative 
thepeoplescoast emoji capture emotion picture evokes might say brings feeling deep want fall knee weep nowhere buy flower mileycyrus start playin know dancing along,Negative 
peteblackman obviously lineker martyr martyr known opponent committing suicide public id tell anyone worried comparison nazi germany maybe try le nazi though seems easy,Negative 
rt realsyvic victorisrael watching video im compassion man really scared losing position,Negative 
constantly losing battle depression amp anxiety,Negative 
cry hard literally felt heart break point cry anymore scream,Negative 
rt metalawman oped chairman gensler congratulates recently bringing fraud charge ceo,Negative 
im sooooooo lonely bored,Negative 
rt denied christ tourniquet suicide,Negative 
ostrichson askaubry chance anger guy guy attack privately,Negative 
rt virus causing spanish influenza pandemic isolated time outbreak caused,Negative 
rt chartvampire undereducated plebe spouting anger letting svb fail left right issue please shut,Negative 
itsjefftiedrich excuse referring president jb caused problem maybe regulation changed last administration jb economic plan cause undue stress economy high inflation would cause stress bank,Negative 
hate living,Negative 
rt angelasuttner mother struggle grief share son story hope saving child family,Negative 
im missing monterclass hotstar suddenly worthless,Negative 
womensaid bbcquestiontime wa abusive worker turned safe permanent rehousing said go longterm homeless instead social service say mental illness recent physical even history amp ongoing b wanting unsafe slum mental illness,Negative 
rt koreaboo kpop trainee beomhan open suicide attempt mental health struggle,Negative 
stage grief becoming friend learning bathroom habit im sorry stage denial,Negative 
rt dear making reporting gc hater spreading false narrative,Negative 
cruel boy dont break heart hashtags drama angst family issue single parent everyone watching straight drama brain see gay scenario,Negative 
except know epigenetic rooted hormone metabolism indepent trauma,Negative 
mourn hard life chinese still ccp anger heinous crime ccp lord wake chinese belief ccp lord open eye eradicate ccp restore earth harmonious face society prayer name christ amen,Negative 
people dysthymia constantly daily depressed small interval feeling normal remember time happy least month week dysthymia also known highfunction depression chronicclinical mental illness,Negative 
rt peterobi nglabour stand front mirror see frustration personified,Negative 
rt mjsdc personal opinion judge behave like vengeful belligerent troll anger management problem young,Negative 
lonely,Negative 
look like mental illness developmental disorder like mf listen,Negative 
demonymo new suicide note,Negative 
feel bad quin,Negative 
rt reekee anti eff detractor identifying gullible amp desperate wealth among fighter amp pay start spreading,Negative 
rt caranthirs sluttiest thing man go insane grief rage,Negative 
rt washingtonpost opinion greg sargent paul waldman ron desantis book ban mania target jodi picoult hit back,Negative 
vasilisbeatdown humphreyisland flukey feeling game tos knocked u dropped pass stopped chance getting back call fails killed u try ten dozen play till backbreaking call saunders,Negative 
arlenedickinson brianlilley like somebody say call racism good grief,Negative 
badmedicaltakes mom slept guy dad ex husband mental illness occurred trauma knew gay dead wrong,Negative 
rt ritikachopra iit bombay inquiry student suicide rule caste discrimination point poor mark,Negative 
ever since learned sleep debt feel shitty sleeping much weekend anymore,Negative 
rt bharatdass god kabir saheb companion man whose devotion remove sorrow grief rig veda,Negative 
bonniebirish increased drug use mean mental illness,Negative 
collinrugg dam worthless president history broke promise would transparent people answer anything press meeting wtf get crap order suck,Negative 
suddenly feel anxious wozz happening,Negative 
im fucked drained lonely walang kausap period,Negative 
rt skynews gunman killed seven people jehovah witness building hamburg former member congregation,Negative 
gold exists difficulty feeling hopeless use bathandbodyonassnoonpromonontoyoutoyoucouponsivvinamshicodeounasdiscountounass lunatic box must prepare phobia,Negative 
malamyszk noticed sunoo isolated lot scene mv intriguing personally think sunoo reason vampire gt whether intention something set motion accident sunoo screaming da room,Negative 
rt ba feminist true sad lonely,Negative 
paulomacro regulator sort worthless matter much f still seem keeping job,Negative 
rt education movement darkness lightsaint gurmeetramrahim ji tell studying meditation,Negative 
depression suck really low feeling hopeless several day good good,Negative 
theonlytables dysthymia long term depression ptsd schizoid pd amp borderline pd know combo official diagnosis yeah get easily thing get misunderstood various reason,Negative 
rt bakarbumi hirteal beginning end god chaos sleep grief sorrow,Negative 
isolated thunderstorm,Negative 
dandepetris wrongly assume isolated purelymilitary conflict actually instance systemic multidomain struggle regional primacy u need preserve alliance esp european one prevail politicalcultural economic amp military domain,Negative 
suicide amp crisis lifeline call free confidential emotional support people suicidal crisis emotional distress hour day day week united state call need,Negative 
rt eudryas feel dumb taking word face value feel dumb believing genuinely gave shit,Negative 
always feeling lonely,Negative 
rt dhraminsan negative thought reason behind depression meditation rewires brain promotes,Negative 
libsoftiktok mental illness want way spend time thinking nothing others,Negative 
anger directed failure important ounassnoonpromonontoyoutofordealhmbathandbodyhampm youhandmounascouponsivvinamshicodeonasdiscountonass manageable level impact,Negative 
stress ignorant state belief everything emergency nothing important goldberg,Negative 
well today turn way plan many frustration yet finish day high hope sending prayer online job start soon fighting,Negative 
anamericanspur bridagul good grief cooper really think bridagul gon na create change really deluded mean disrespect say club need everyone pulling direction division,Negative 
suitcasei spiralling stray innate weakness human,Negative 
great spite life thrown could people shake fist anger blame people make around miserable see happening,Negative 
jordanbpeterson crazy affirm celebrate mental illness productive long term,Negative 
garius right im seeking dismiss frustration seeing tweet provoked response share signifier centrerightright use bad faith baiting earnest discussion,Negative 
testosterone hormone often associated aggression dominance study link,Negative 
amblujay year experience know depression lead mental illness quick point magic,Negative 
rt conurecc conservatism mental illness,Negative 
oloverink solluxslexapro funkgodartist suicide pack,Negative 
rt edinburghtrauma edinburgh trauma would like apologise poor messaging one website graphic amp offence caused,Negative 
rt bookgaslighting survivor narcissistic abuse anger fine void trauma repetitively,Negative 
realize name suffered dysthymia year broke high functioning career quote seemed high functioning spinning plate whole life,Negative 
libsoftiktok refer people using traditional pronoun based biological sex upset apologize might hurt feeling rather general feeling sorry overt hopeless state may get well soon,Negative 
mental illness,Negative 
every day incredible anger university push political agenda,Negative 
bradwilcoxifs richardvreeves family different configuration family fractured parent married kid mood swing clinically depressed labeling family fractured bad climate doom,Negative 
floriduhmandan trauma depression amp anxiety autism homosexual gender non conforming ocd name,Negative 
mabokskripsi gue stress,Negative 
leading every time touch leading everytime hurt feelin lonely cause enough missing ever since fell love,Negative 
help built car trauma get nervous test,Negative 
beneffilive kadunaresident dor really experience nigeria go understand opinion everybody followed whole election know rigged,Negative 
electricity minister eskom spokesperson instead solving eskom problem spend much time tv radio sleeping power station sort,Negative 
stayingsaneusa pure distraction year supposedly worst virus pandemic ever never met one person know lot people flu never isolated pcr used rename flu nothing came chyna,Negative 
railwayseva generic tweet many people play song movie loudly phone travelling train showing frustration,Negative 
silicon valley bank crisis left investor wondering problem isolated harbinger broader funding crunch credit market via technology,Negative 
rt aakashmehrotra sg belittled trauma invisible administration,Negative 
wigovpr usainthergv ruxcytbl gthonks mamiewhiteesq afreequeen docdeezwhat tyefiam kevinoler julienonumbers katgirlsc vincegottalotta thelandomatic bconnectedj realwmgclark originalgoalie marvinrjeffcoat lavenlarose tshadowknow drericreyes itisjustmebabe bombaybadboy rhondasentance texasredvet sydreflux speakeraoc sportsprincess namelessghoultx stormydaniels jill turned blind eye bidens shower ashley abuse victim often anger toward person enabled abuse actual abuser could stopped abuse ashley call jill cold b,Negative 
trans woman men like sciencei give damn feeling mental illness erase biology knowledge end poorly,Negative 
zaleskiluke elonmusk youre goddam worthless liar told marchto protestnot one fucking word trump violence typical leftist lying trash scum,Negative 
elcanadianrocks yea lot feeling mostly anger,Negative 
prettyugwunne avoid stress business stress stress business sleeping hard surface used work much anymore sleep long wake lot pain,Negative 
uqhhhh stressing yard ne emaat emaaat stuff got ta get stress there tshirt kemem leave alone,Negative 
rt considering much grief garylineker got making observation might add many people share,Negative 
potus dam worthless president history broke promise would transparent people answer anything press meeting wtf get crap order suck,Negative 
like towards last half could stop fucking cry felt like captured feeling grief death back head could quiet articulate,Negative 
laidbarepodcast oloni trying make new friend cool going date every week different guy asking tfare every single one nut desperation joblessness mental illness guy wrong,Negative 
hypothesize would say leftism beckons encourages nourishes reinforces multiplies amplifies mental health disorder leftism honey pot petri dish one leftism attracts sick also createsfeeds mental illness,Negative 
get weird feeling piece shit somehow get elected oh well buckle boy florida ejaculation america time,Negative 
rt truthautistic struggling autistic mental health struggle chronic health condition hospital,Negative 
rt wavywatts borrow tomorrow thing belong today anxious emotion,Negative 
rt lycaious anger aside comm wips,Negative 
feeling overwhelmed dejected hopeless defeated lately c depression bad lately ugh,Negative 
function every day ci world suspect many minority professional colleague describe like similar situation given small community hard exist professionally order magnitude isolated,Negative 
ntarnopolsky meloni isolated time guardian say mean thing,Negative 
rt msnsv mystery sept oct withdrawn mumbai fir strangulation dr gupta leak frustration delay,Negative 
martinpackham grdecter think pundit claiming problem isolated subprime lending bank let,Negative 
rt investigateeu thread greek train crash left nation consumed grief anger greece govts year neglected rail,Negative 
good grief,Negative 
frustration backspace key getting sticky,Negative 
androoszefep sugarmaga bannonsmole jaketapper thought even close shameful display wow people actually aloud express anger frustration dude issue thanks clearing lack idea line drawn,Negative 
rt pupperdoon shatired fear top level emotion take effort vulnerability untangle root source understand,Negative 
shakarussell sunheadbowed unlike queer nothing intrinsically insulting gay precisely reason chosen replace queer encapsulated view homosexual vile worthless pervert deserve right proper people deserve,Negative 
rt ziemawari oh get vox collabs bc game represents certain stage grief omg slow dumb brain,Negative 
jimcramer printing money thats going happen dollar going become worthless egg going become,Negative 
yr really scared pls stop negativity pri anki kese pagalo se bhara h yr fandom ik aadhe se jyada mandali fan pretending priyankit fan making u look bad stop yrrrr else ready get karma,Negative 
rt hatedetectors warning trigger warning disturbing visuals sanitation worker commits suicide gram panchayat office,Negative 
hurt sister stigmatizing depression,Negative 
rt thoughtfulbae think sad logic admitted joe budden led depression way treat made joe,Negative 
mlphilosophy control anger controlling anger challenging task possible right mindset strategy tip help recognize sign learn recognize physical emotional sign anger faster heartbeat,Negative 
good grief,Negative 
rt holocaust survivor make analogy pearlclutching faux outrage,Negative 
rt hannamwebster think every day really lonely said gwen metallides remembering son nick died,Negative 
rt local small time businessmen asking permission commit suicide kid writes sab changa si,Negative 
experiencing heartbreak first time damn sorry know handle wound still fresh feeling hopeless fuck rn u stay following unbearable,Negative 
kunimicu gua stress kaq,Negative 
rt idlyricbot looking path young lonely,Negative 
rt yourpinkmelody mood swing life actually miserable,Negative 
imkylelambert gah drive nut hard point make people feel bad,Negative 
organic frustration celebrity focus name subject hand sort thing specific response trend unless blatantly obvious telling adopted kid he ungrateful po even remotely obvious reply make,Negative 
distrackers dont care anyone say worthless,Negative 
true people sick british law protect criminal cop stand ordered feeling thing change shit end soon punishment criminal dealt finger crossed,Negative 
choeshow govinslee others said definitely homelessness problem drugalcoholmental illness problem along criminal mixed people truly housing option could work others need treatment want change habit,Negative 
withballz word heather could blacklist easily opinion would major dumpster fire turned heather,Negative 
transfernewscen could bring best striker midfs horrible worthless mbappeamp messi alone could beat bayern send ruiz vitinha away,Negative 
rt understand frustration anger share wife right even discussed yesterday,Negative 
decastralavo stress yandinayo inotoda jumping castle,Negative 
innate weakness human give future fill colorafterwards knowyou color,Negative 
thehill ignoring anything corrupt partisan lying unselect committee completely ok nobody participate democrat mental illness,Negative 
islayuu maybe feeling cu hate getting idk,Negative 
rt met irs officer shubhratap spoke length topic like depression mental health personal,Negative 
lalabiso azraelwaits donaldwhoareya agree surely different level abuse worse slap wife anger worse beat wife every day decade break every bone face every rib make point severity still admit wrong,Negative 
silicon valley bank crisis left investor wondering problem isolated harbinger broader funding crunch credit market via technology market,Negative 
rt brandonsmithe fucking worthless po,Negative 
excl ashregansnp say possible snp member could leave party humza yousaf becomes first minister warned frustration within snp lack progress independence,Negative 
abandonment issue one hardest thing cope pat back growing better handle type trauma response,Negative 
rt racarreon tw suicide depression recently lost someone personally knew suicide one knew na may pinagdadaanan siya kasi,Negative 
people always felt isolated alone mass medium create thrive isolation people look medium comfort illusion end lonely isolated end,Negative 
jacksonsafon florencemachine said wack lonely island,Negative 
lonely,Negative 
kayxswankk sad lonely depressed people click like button,Negative 
tried reach hide strongs feeling dive crossed ocean mind wound healing salt sens intensified whenever dive crossed ocean mind end drown push,Negative 
one great scene holodeck guinans bar cpt shaw confronted adm picard let lose anger pain experienced battle wolf heartbreaking scene watch incredibly well acted toddstashwick,Negative 
maybe overly cynical negativity see company attending wonder return physical form good idea,Negative 
new original dnd character another queer allegory trauma,Negative 
juliaisautistic diagnosed gad dysthymia tbh likely related autism diagnosis also ptsd insomnia however medically pcos endometriosis type diabetes also struggle history kidney stone ibs,Negative 
collision similar address series happen feel activity reality,Negative 
iamatla bro lot distraction around corner go drink cool anger much lost control emotion trading lot indecision wrong entry,Negative 
dxy feeling crash coming everything red every thing,Negative 
kick stone anger hurt foot,Negative 
condition asthma copd example obstructive respiratory disease patient condition feel tight chested struggle breath,Negative 
boomerzedfun cryptoskooby biglougutter tylertherat gutterdan sorry homie usually start feel smoke weed,Negative 
repeat prove land worth million go bank get loan using land collateral default loan lose land worthless use loan money cover papered sale plus profit buddy,Negative 
karenyhan two mental health crisis past two year required hospitalization doubt pandemic exacerbated situation kinda make sense think,Negative 
rt god kabir saheb companion man whose devotion remove sorrow grief rig veda,Negative 
rt madhumitaroyc possible force actively desperately trying make look like suicide erasing,Negative 
leilanidowding petertatchell imagine thinking point good thing soul truly lost im afraid maybe uk increasing miserable souless lonely place live many,Negative 
rt ljmackjr silence empty full answer,Negative 
rt centerltus mental illness like fixated knowing idol exact weight,Negative 
rt ralianceorg diversity fatigue stress frustration might come along trying shift company culture towards,Negative 
discordiankitty damnyouwillis convenient mental health concern apparently seems apply goal privileged abled quickly forgotten longer needed use excuse abandon pandemic precaution,Negative 
rt yourmountain cried amp cried bench arrived church last week see phoebe namedates life help u,Negative 
rt know im selfindulgent idiot also know im second coming deepak chopra believed,Negative 
rt newsnation alex murdaugh reportedly isolated prisoner safety legal team filed appeal,Negative 
artist sl mark rothko american abstract painter whose work stand hour density surface absorb viewer rothko committed suicide february via overdose slitting right arm passion often come price,Negative 
commontransws thats funny push trans minor suicide oh wait,Negative 
rt ivyluvyo making sure none friend feel left,Negative 
rt mlphilosophy wisechimp stay away people drag drama emotionally addicted chaos,Negative 
kaanfight stateworship heathereheying patriarchywins crimemma mattwalshblog mental illness terrible curse hope find peace,Negative 
rt cuffsthelegend medium member burner account discord pretending ethiopian kid mental illness real,Negative 
sad think stress tbh hopefully healing glad see back,Negative 
sardesairajdeep uzkhawaja hindu divided caste congress win polarization hindu unite isolated divisive element suddenly unemployment anchor polarization,Negative 
rt madwaspradio playing lonely single version police listen,Negative 
